EmployeeID,Department,Education,Gender,RecruitmentChannel,NoOfTrainings,Age,PreviousYearRating,LengthOfService,KPIsMetAbove80Percent,AwardsWon,AvgTrainingScore,MonthlySalary,Promoted
10001,Technology,Bachelor,Male,Other,1,51,2,9,1,0,68,87022,1
10002,Operations,Bachelor,Female,Sourcing,2,54,5,14,0,0,41,78802,0
10003,Marketing,PhD,Female,Sourcing,2,57,3,12,1,0,45,103165,1
10004,Technology,Bachelor,Female,Referred,2,51,5,4,0,0,73,118069,0
10005,Sales,PhD,Male,Sourcing,1,47,2,8,0,0,51,98594,0
10006,Sales,Bachelor,Female,Other,2,42,4,17,0,0,61,79310,1
10007,HR,Master,Female,Referred,4,58,1,5,0,0,43,143971,0
10008,Finance,Master,Male,Other,4,52,5,3,1,0,84,121791,1
10009,Technology,Bachelor,Male,Sourcing,1,38,4,4,0,0,88,158194,1
10010,Marketing,Bachelor,Male,Other,2,38,3,8,1,0,45,74510,1
10011,HR,Bachelor,Male,Sourcing,5,55,2,16,0,0,42,121837,0
10012,Operations,Master,Female,Other,5,45,4,11,0,0,52,157924,0
10013,Finance,Bachelor,Male,Sourcing,5,54,3,2,0,0,62,175103,0
10014,Sales,Master,Female,Referred,4,25,3,8,0,0,74,145983,0
10015,Sales,Bachelor,Male,Other,5,30,3,7,0,0,65,128232,0
10016,Sales,Bachelor,Male,Sourcing,2,23,4,1,0,0,91,89924,0
10017,Sales,Bachelor,Female,Sourcing,2,56,3,2,1,0,48,175702,1
10018,Technology,Bachelor,Female,Other,5,59,1,13,1,0,62,148564,1
10019,Technology,Bachelor,Female,Sourcing,3,36,5,11,1,0,43,31823,1
10020,Sales,PhD,Male,Referred,5,24,3,3,0,0,73,114248,0
10021,Technology,Master,Male,Sourcing,3,52,3,2,0,0,76,45606,1
10022,Sales,Bachelor,Female,Other,1,44,2,16,0,0,47,98430,0
10023,Sales,High School,Female,Referred,1,33,5,1,0,0,73,114615,0
10024,Technology,Master,Male,Sourcing,2,29,2,7,0,0,96,132400,0
10025,Technology,High School,Female,Sourcing,4,42,3,3,0,0,76,155242,1
10026,Marketing,Bachelor,Female,Referred,2,42,5,16,1,0,45,35410,1
10027,Sales,Bachelor,Male,Sourcing,2,53,1,6,1,0,46,69392,0
10028,Technology,Bachelor,Female,Sourcing,4,38,4,14,1,0,84,123455,1
10029,Technology,Master,Male,Referred,2,58,3,11,1,0,80,102333,1
10030,HR,Bachelor,Male,Sourcing,4,45,4,19,1,0,78,165956,1
10031,Technology,Bachelor,Male,Sourcing,2,29,3,1,0,0,75,48745,0
10032,Sales,Bachelor,Female,Referred,1,39,4,13,1,0,44,130490,1
10033,HR,Bachelor,Female,Sourcing,3,32,3,9,0,0,99,112417,1
10034,Operations,Master,Female,Sourcing,2,31,1,11,0,0,42,127606,0
10035,Operations,Bachelor,Female,Sourcing,3,47,5,1,0,0,56,64936,0
10036,Finance,Bachelor,Male,Referred,5,27,1,13,0,0,58,127671,0
10037,Sales,Master,Male,Referred,2,38,4,1,1,0,84,134912,1
10038,HR,High School,Female,Other,1,44,2,3,1,0,40,37133,0
10039,Marketing,Master,Female,Sourcing,4,58,3,17,0,0,76,125408,0
10040,Technology,High School,Female,Sourcing,1,49,4,5,0,0,94,58832,0
10041,Sales,Master,Female,Sourcing,3,37,2,6,0,0,48,112583,0
10042,Technology,Bachelor,Male,Sourcing,4,33,5,17,0,0,43,129270,0
10043,HR,Bachelor,Female,Other,1,42,3,10,0,0,81,104277,1
10044,Operations,Master,Male,Sourcing,1,45,3,11,1,0,85,143998,1
10045,Sales,Master,Female,Sourcing,1,49,4,13,0,0,49,100378,0
10046,Marketing,Master,Female,Sourcing,4,58,3,10,1,0,71,47276,1
10047,Sales,Bachelor,Female,Referred,1,42,3,14,0,0,40,72208,0
10048,Technology,Bachelor,Male,Referred,1,54,4,13,0,0,62,80342,1
10049,Technology,Bachelor,Female,Referred,3,23,3,4,0,0,90,177792,1
10050,Sales,Bachelor,Male,Other,1,58,2,17,0,0,56,160569,0
10051,Operations,Bachelor,Male,Sourcing,1,40,4,18,0,0,91,59739,1
10052,Marketing,Master,Female,Sourcing,5,49,4,11,1,0,69,105559,1
10053,Operations,Bachelor,Male,Sourcing,4,36,3,10,0,0,66,154380,0
10054,Finance,Bachelor,Male,Referred,5,22,3,18,0,0,96,89500,1
10055,Technology,Bachelor,Male,Referred,3,49,4,19,0,0,54,135147,0
10056,Operations,Master,Female,Referred,5,56,3,9,0,0,93,133493,0
10057,HR,Bachelor,Male,Referred,2,53,3,5,0,0,77,162839,0
10058,Sales,Bachelor,Male,Referred,4,49,5,1,1,0,46,171256,1
10059,HR,Bachelor,Female,Other,1,30,2,5,0,0,72,54249,0
10060,Sales,Bachelor,Female,Referred,5,45,3,3,0,0,44,98716,0
10061,Technology,High School,Male,Other,5,25,5,1,0,0,91,143248,0
10062,Sales,High School,Male,Sourcing,1,24,4,19,1,0,91,65079,1
10063,Finance,Bachelor,Male,Referred,1,43,5,6,0,0,78,140881,1
10064,Technology,Bachelor,Male,Other,3,46,3,10,1,0,73,104256,1
10065,Sales,Master,Female,Sourcing,5,43,3,5,0,0,92,93581,1
10066,Technology,Bachelor,Female,Other,5,55,5,12,0,0,94,48769,1
10067,Sales,Bachelor,Male,Other,2,41,3,12,0,0,42,105316,0
10068,Finance,Bachelor,Female,Sourcing,2,57,4,17,0,0,71,91326,1
10069,HR,High School,Male,Referred,5,58,2,2,0,0,41,128111,0
10070,Operations,Bachelor,Female,Sourcing,2,48,4,14,0,0,55,113564,0
10071,Marketing,Bachelor,Female,Other,5,53,3,12,0,0,99,91075,1
10072,Sales,Master,Male,Other,4,50,3,13,1,0,56,101194,0
10073,HR,Bachelor,Male,Sourcing,3,53,3,5,0,0,92,84702,0
10074,Finance,Bachelor,Male,Sourcing,2,45,4,5,0,0,51,81845,0
10075,Marketing,High School,Male,Referred,5,24,1,17,0,0,99,53336,1
10076,Marketing,Bachelor,Female,Sourcing,2,48,3,5,0,0,44,113258,0
10077,Marketing,Master,Female,Sourcing,3,30,3,19,0,0,43,82446,0
10078,HR,Bachelor,Male,Referred,4,44,2,4,0,0,95,126077,0
10079,Technology,Bachelor,Female,Sourcing,1,28,4,7,0,0,55,117228,0
10080,Sales,Bachelor,Female,Sourcing,1,38,3,17,0,0,57,41215,0
10081,Finance,Bachelor,Male,Other,2,58,3,11,0,0,84,57396,0
10082,Technology,Bachelor,Male,Other,5,28,3,6,0,0,99,149562,1
10083,Sales,Master,Female,Other,3,51,4,13,1,0,59,132229,1
10084,HR,Bachelor,Male,Other,4,34,5,12,0,1,92,141067,1
10085,Sales,Bachelor,Male,Sourcing,4,39,2,5,1,0,48,104406,1
10086,Sales,Bachelor,Female,Sourcing,4,52,3,10,0,0,55,141429,0
10087,Marketing,Master,Female,Sourcing,1,43,1,11,1,0,74,157507,1
10088,Technology,Bachelor,Male,Other,3,35,4,9,1,0,68,94899,1
10089,Finance,Bachelor,Female,Other,1,39,3,13,0,0,88,127240,1
10090,Technology,Bachelor,Male,Other,2,56,4,3,0,0,69,138619,1
10091,Sales,Bachelor,Male,Other,4,38,3,17,1,0,59,97848,1
10092,Marketing,Bachelor,Female,Referred,3,40,4,18,0,0,81,76047,0
10093,Marketing,Master,Female,Sourcing,4,52,3,5,0,0,61,57908,0
10094,Technology,Bachelor,Male,Sourcing,1,57,5,16,0,0,62,54482,1
10095,Marketing,Bachelor,Male,Sourcing,1,36,1,16,0,0,91,82887,0
10096,Technology,Bachelor,Male,Sourcing,1,50,3,11,1,0,75,146712,1
10097,Technology,Master,Female,Referred,4,37,4,4,0,0,61,42369,0
10098,Technology,Bachelor,Male,Sourcing,3,54,3,9,0,0,40,31660,0
10099,HR,Bachelor,Female,Referred,3,46,1,15,0,0,60,56197,0
10100,Sales,Bachelor,Male,Referred,2,37,5,12,0,0,87,151129,1
10101,HR,Bachelor,Female,Sourcing,4,51,3,16,0,0,82,47962,0
10102,Technology,Bachelor,Male,Sourcing,2,55,2,4,0,0,58,95816,0
10103,Sales,Bachelor,Female,Sourcing,2,23,3,3,0,1,47,59201,1
10104,Technology,Bachelor,Male,Sourcing,2,59,3,4,0,0,44,130759,0
10105,Operations,Bachelor,Male,Other,2,39,4,2,0,0,94,79141,1
10106,Sales,Bachelor,Male,Sourcing,1,26,3,19,1,0,95,175086,1
10107,Technology,Bachelor,Male,Referred,2,27,3,7,0,0,79,91662,1
10108,Marketing,Bachelor,Female,Other,3,33,3,2,0,0,68,150681,1
10109,Sales,Master,Female,Other,2,33,3,1,1,0,57,159717,1
10110,HR,High School,Female,Other,1,33,5,18,0,0,68,174385,0
10111,Sales,High School,Female,Sourcing,5,30,5,8,0,0,54,158919,1
10112,Sales,PhD,Female,Sourcing,5,43,3,8,1,1,89,143773,1
10113,Operations,Master,Male,Sourcing,5,37,1,10,1,0,84,126159,1
10114,Finance,Master,Female,Sourcing,4,25,5,18,1,0,70,158306,1
10115,Technology,Bachelor,Female,Other,3,24,2,11,0,0,54,85913,0
10116,Finance,Master,Female,Referred,1,37,2,1,1,0,97,108590,1
10117,Finance,Bachelor,Female,Sourcing,5,35,2,7,0,1,92,62781,1
10118,Sales,Bachelor,Male,Sourcing,1,59,2,8,1,0,84,62016,1
10119,Finance,Master,Male,Sourcing,1,25,4,14,1,0,42,159679,1
10120,Technology,Bachelor,Male,Referred,4,23,3,19,0,0,83,127183,0
10121,Finance,Bachelor,Male,Other,5,31,5,8,0,0,83,81406,1
10122,Finance,High School,Female,Other,2,32,2,19,1,0,81,90010,1
10123,Sales,Bachelor,Female,Other,1,47,3,4,0,0,72,111142,0
10124,Sales,Bachelor,Male,Sourcing,5,58,5,10,0,0,63,40974,1
10125,Sales,High School,Male,Sourcing,1,47,4,10,1,0,77,43067,1
10126,Technology,Master,Female,Sourcing,4,25,4,4,0,0,90,62480,0
10127,Finance,Bachelor,Female,Sourcing,4,47,2,8,1,0,63,31098,1
10128,Finance,Bachelor,Male,Other,2,59,4,7,1,0,52,169188,1
10129,HR,Bachelor,Male,Referred,4,49,3,15,1,0,66,43354,1
10130,Technology,PhD,Male,Other,5,23,3,8,0,0,72,49588,0
10131,Technology,Bachelor,Male,Sourcing,4,23,3,10,0,0,58,38622,0
10132,Sales,Bachelor,Female,Sourcing,2,37,3,7,1,0,64,96330,1
10133,Sales,Bachelor,Female,Sourcing,3,44,4,19,0,0,45,115886,0
10134,Sales,Bachelor,Female,Referred,1,44,4,3,0,0,72,60775,0
10135,Operations,High School,Male,Other,1,34,1,9,1,0,64,71167,1
10136,Sales,Bachelor,Female,Sourcing,5,42,3,16,0,0,62,176146,0
10137,Technology,Master,Female,Other,2,46,4,14,1,0,88,155031,1
10138,Marketing,Bachelor,Male,Other,2,58,3,7,0,0,56,119935,0
10139,Technology,Master,Male,Sourcing,2,34,3,12,0,0,60,91909,0
10140,Operations,High School,Male,Other,1,36,2,1,0,0,82,30579,0
10141,Operations,Bachelor,Male,Sourcing,4,49,3,16,0,0,59,91689,0
10142,Sales,Bachelor,Male,Referred,1,24,5,3,1,0,51,101705,1
10143,Technology,Bachelor,Male,Other,1,44,3,1,0,0,95,173369,0
10144,Sales,Master,Female,Other,1,25,3,6,0,0,52,94101,0
10145,Sales,Bachelor,Female,Sourcing,4,24,4,2,0,0,57,116014,0
10146,HR,PhD,Female,Sourcing,3,29,1,7,0,0,61,72480,0
10147,Technology,Master,Female,Sourcing,5,46,5,8,0,0,63,143799,0
10148,Technology,PhD,Female,Sourcing,3,33,3,13,1,0,72,45183,1
10149,HR,Master,Female,Referred,3,26,5,16,1,0,42,44879,1
10150,Sales,Bachelor,Male,Other,1,54,1,10,0,0,56,128399,0
10151,Operations,Bachelor,Male,Sourcing,3,46,2,4,1,0,78,173148,1
10152,Sales,Bachelor,Male,Sourcing,1,46,3,13,0,0,71,164582,0
10153,Sales,High School,Female,Sourcing,1,56,3,17,1,0,56,101343,0
10154,Technology,Master,Female,Sourcing,5,36,4,8,0,0,87,63382,1
10155,Operations,Master,Male,Sourcing,2,47,1,8,1,0,83,102740,1
10156,Sales,Bachelor,Male,Sourcing,1,31,3,7,1,0,64,168449,0
10157,Marketing,Bachelor,Male,Other,3,45,2,1,1,0,47,168095,0
10158,Marketing,Master,Male,Sourcing,5,56,4,15,0,0,82,175378,0
10159,Sales,Bachelor,Male,Referred,3,50,4,15,0,0,74,169006,0
10160,Marketing,Bachelor,Female,Other,2,59,3,19,0,0,99,157106,0
10161,Technology,Master,Female,Sourcing,4,26,2,4,0,0,68,103540,0
10162,Technology,Bachelor,Female,Referred,2,45,3,6,0,0,51,73105,0
10163,Technology,Bachelor,Male,Referred,5,40,2,10,0,0,75,51946,0
10164,Technology,Bachelor,Female,Referred,2,30,2,12,0,0,48,35634,0
10165,HR,Bachelor,Male,Sourcing,2,47,3,4,0,0,65,56242,0
10166,Finance,High School,Female,Sourcing,5,46,5,6,0,0,61,117259,1
10167,Sales,Bachelor,Male,Other,5,56,5,14,0,0,92,78489,1
10168,Sales,Bachelor,Male,Other,3,57,3,13,0,0,70,151786,0
10169,HR,Bachelor,Female,Sourcing,1,35,3,3,0,0,92,37048,1
10170,Technology,Master,Female,Sourcing,4,27,5,15,1,1,88,122828,1
10171,Marketing,Bachelor,Female,Sourcing,4,53,3,3,0,0,87,137017,1
10172,HR,Bachelor,Female,Sourcing,4,47,3,5,1,0,83,96458,1
10173,Technology,Bachelor,Female,Referred,2,36,5,13,0,0,69,58606,1
10174,Sales,Bachelor,Male,Sourcing,5,52,2,15,1,0,54,148892,1
10175,Technology,Bachelor,Female,Sourcing,5,58,1,17,1,0,86,84077,1
10176,Sales,Master,Female,Other,5,59,3,6,0,0,72,59329,0
10177,Marketing,PhD,Male,Sourcing,1,58,1,18,0,0,42,106848,0
10178,Technology,Bachelor,Female,Other,5,40,3,3,0,0,73,116681,1
10179,Operations,Bachelor,Male,Other,5,35,3,9,0,1,97,124980,1
10180,Sales,High School,Female,Sourcing,2,57,3,8,0,0,56,120440,0
10181,Sales,Bachelor,Female,Other,3,58,5,11,1,0,83,102235,1
10182,Sales,Master,Male,Other,4,32,2,11,0,0,44,68123,0
10183,Operations,Bachelor,Female,Sourcing,2,48,3,8,1,0,69,42183,1
10184,Finance,High School,Female,Sourcing,2,23,2,1,0,0,82,31464,1
10185,Sales,Master,Female,Referred,2,43,3,2,0,0,90,156072,1
10186,Marketing,High School,Female,Other,4,23,4,4,0,0,54,175655,0
10187,Finance,Master,Male,Referred,2,41,3,2,0,0,78,130338,0
10188,Technology,Bachelor,Male,Sourcing,3,38,2,2,1,0,47,99126,0
10189,Technology,High School,Female,Referred,5,25,3,13,1,0,81,94531,1
10190,Sales,Bachelor,Female,Sourcing,3,35,3,6,1,0,77,31426,1
10191,HR,Bachelor,Male,Referred,5,28,2,4,1,0,67,176219,1
10192,Finance,Master,Male,Other,5,36,3,15,0,0,60,39232,0
10193,Operations,Master,Female,Referred,2,51,3,3,0,0,86,111958,0
10194,Technology,High School,Male,Other,2,37,5,4,1,0,49,57288,1
10195,Sales,Bachelor,Male,Other,4,23,4,17,0,0,67,114834,0
10196,Sales,Master,Male,Referred,1,40,4,6,0,0,60,116977,0
10197,Marketing,Master,Male,Sourcing,3,22,5,2,0,0,88,166422,1
10198,Finance,Bachelor,Female,Other,4,52,4,13,1,0,67,49137,1
10199,Finance,Bachelor,Male,Other,4,25,5,15,0,0,61,166441,1
10200,Marketing,Bachelor,Female,Sourcing,3,48,1,5,1,0,77,165945,1
10201,Technology,Bachelor,Female,Sourcing,3,46,3,19,1,0,58,122161,1
10202,HR,High School,Male,Sourcing,5,43,4,6,0,0,91,148234,0
10203,Sales,Master,Female,Other,1,31,3,17,0,0,91,167217,0
10204,Finance,Master,Female,Other,2,54,2,1,0,0,77,115161,0
10205,Technology,High School,Male,Sourcing,1,51,3,2,0,0,85,174653,0
10206,HR,Bachelor,Male,Other,1,51,3,1,1,0,63,55552,1
10207,Sales,Master,Male,Sourcing,2,37,3,8,0,0,67,114843,1
10208,Marketing,Bachelor,Female,Other,1,30,3,4,1,0,84,138592,1
10209,HR,PhD,Female,Sourcing,4,38,3,18,0,0,52,86291,0
10210,Sales,Bachelor,Female,Sourcing,4,56,5,9,1,0,48,111825,1
10211,Technology,High School,Female,Sourcing,2,36,4,15,0,0,48,129612,0
10212,Marketing,Bachelor,Male,Sourcing,2,49,4,16,1,0,60,175262,1
10213,Marketing,Bachelor,Female,Referred,3,41,5,3,0,0,63,169643,0
10214,Sales,Master,Male,Referred,3,54,3,1,1,0,70,92230,1
10215,Marketing,Bachelor,Male,Sourcing,1,54,3,13,0,0,68,137718,1
10216,Sales,Master,Male,Sourcing,1,57,1,14,0,0,79,87408,0
10217,Sales,Bachelor,Male,Sourcing,2,34,5,6,0,0,49,172464,0
10218,Marketing,Master,Female,Other,1,25,1,5,0,0,91,56891,1
10219,Technology,Bachelor,Male,Other,5,44,4,5,0,0,43,89478,0
10220,Finance,Bachelor,Female,Sourcing,4,29,3,4,1,0,42,68488,1
10221,Marketing,Bachelor,Male,Referred,1,34,5,12,0,0,52,173326,0
10222,Technology,Bachelor,Male,Sourcing,1,45,3,14,0,0,60,99463,0
10223,HR,Bachelor,Male,Other,3,51,4,14,0,0,47,123577,0
10224,Technology,Bachelor,Female,Other,5,51,3,11,1,0,95,32497,1
10225,Sales,Bachelor,Male,Referred,1,46,3,10,0,0,48,164048,0
10226,Sales,Bachelor,Male,Other,4,54,3,10,0,0,85,177926,0
10227,Operations,Bachelor,Male,Other,1,30,5,9,0,0,40,172979,0
10228,Technology,PhD,Male,Other,2,47,3,2,1,0,53,59436,1
10229,Finance,Bachelor,Female,Referred,5,45,5,14,0,0,51,54685,0
10230,Technology,Bachelor,Female,Sourcing,1,54,4,7,0,0,75,149077,1
10231,Marketing,Master,Male,Sourcing,5,46,4,17,0,0,61,141927,0
10232,Technology,Bachelor,Male,Sourcing,1,36,3,8,0,0,92,92891,0
10233,Technology,Master,Female,Referred,4,27,3,4,0,1,75,96495,1
10234,Technology,Bachelor,Female,Sourcing,4,41,2,5,0,0,84,97095,0
10235,Sales,Bachelor,Female,Sourcing,5,37,5,13,1,0,55,45677,1
10236,Marketing,Bachelor,Male,Sourcing,3,42,5,7,0,0,50,158398,0
10237,Sales,Master,Female,Sourcing,3,36,4,6,0,0,42,82925,0
10238,HR,Master,Male,Referred,2,25,3,17,0,0,73,140857,0
10239,Technology,Bachelor,Female,Other,3,45,2,6,0,0,64,143633,0
10240,Sales,Bachelor,Female,Other,5,24,5,19,0,0,65,160110,1
10241,Operations,High School,Male,Referred,3,22,1,3,0,0,42,165834,0
10242,Operations,Bachelor,Female,Referred,2,51,4,9,0,0,59,48451,0
10243,Operations,Bachelor,Male,Sourcing,1,34,3,15,1,0,70,42027,1
10244,Technology,High School,Female,Sourcing,3,39,3,8,0,0,88,169220,0
10245,HR,Master,Male,Other,5,32,4,15,0,0,40,167580,0
10246,Operations,Bachelor,Female,Sourcing,5,50,1,1,0,0,65,172224,0
10247,Technology,Master,Female,Sourcing,2,25,3,8,0,0,64,156050,0
10248,Operations,PhD,Male,Other,2,46,5,4,1,0,50,124868,1
10249,Operations,Bachelor,Male,Sourcing,4,57,4,10,1,0,55,176384,1
10250,Finance,Bachelor,Male,Sourcing,4,57,4,16,0,0,59,65999,0
10251,Sales,Bachelor,Male,Sourcing,4,49,4,18,0,0,81,143455,1
10252,Technology,High School,Female,Sourcing,1,29,1,4,0,0,91,160725,0
10253,Finance,Master,Female,Sourcing,5,42,2,8,0,0,77,75083,0
10254,Sales,Bachelor,Female,Sourcing,4,56,3,4,1,0,41,48897,0
10255,Sales,PhD,Female,Referred,5,39,3,10,0,0,93,177131,0
10256,Technology,Bachelor,Female,Other,2,46,3,4,0,0,68,48245,0
10257,Operations,Bachelor,Female,Sourcing,1,26,4,16,0,0,46,117248,0
10258,Marketing,Bachelor,Male,Other,2,29,1,12,1,0,88,174820,1
10259,Technology,Bachelor,Female,Sourcing,5,44,4,10,0,0,79,97849,0
10260,HR,PhD,Female,Sourcing,4,24,1,11,0,0,84,79921,0
10261,Technology,Bachelor,Male,Sourcing,2,58,1,2,0,0,93,164634,0
10262,Operations,Master,Female,Referred,3,52,3,16,0,0,64,138453,0
10263,Sales,Bachelor,Female,Sourcing,1,50,4,19,0,0,43,125065,0
10264,Technology,Bachelor,Female,Referred,5,41,2,12,0,0,82,103419,0
10265,Finance,High School,Male,Other,4,24,3,4,0,0,73,71032,0
10266,Marketing,Bachelor,Male,Referred,2,44,4,17,0,0,64,108860,0
10267,Marketing,Bachelor,Female,Referred,1,42,2,12,0,0,47,158504,0
10268,Marketing,Bachelor,Male,Other,4,34,3,16,0,0,71,67888,0
10269,Technology,PhD,Female,Sourcing,2,29,5,3,1,0,57,39374,1
10270,Sales,Bachelor,Female,Sourcing,5,26,3,2,0,0,79,101164,1
10271,Finance,Bachelor,Female,Other,3,46,2,7,0,0,50,163314,0
10272,Finance,Bachelor,Male,Referred,3,58,3,6,0,0,95,57959,1
10273,Finance,Bachelor,Female,Sourcing,5,26,3,1,0,0,76,38594,0
10274,Operations,Master,Female,Sourcing,1,29,1,15,0,0,78,134451,0
10275,Technology,Bachelor,Female,Sourcing,5,25,1,12,0,0,94,30764,0
10276,Technology,Bachelor,Female,Sourcing,2,43,2,13,1,0,75,87115,1
10277,Marketing,Bachelor,Female,Sourcing,1,35,2,8,1,0,93,42409,1
10278,Technology,Bachelor,Male,Other,3,40,3,9,0,0,49,49386,0
10279,Marketing,High School,Female,Other,2,34,3,1,0,0,45,94195,0
10280,Marketing,Bachelor,Male,Sourcing,4,56,3,5,0,0,84,53510,1
10281,Finance,High School,Female,Referred,4,25,5,7,0,0,55,57338,0
10282,Sales,Bachelor,Male,Other,4,54,3,18,0,1,93,43552,1
10283,Technology,Bachelor,Female,Sourcing,3,43,5,8,0,0,64,33124,0
10284,HR,PhD,Female,Sourcing,5,22,3,10,0,1,73,164267,1
10285,Technology,Bachelor,Male,Referred,1,32,1,8,0,0,70,120421,0
10286,HR,Master,Male,Other,3,37,3,12,0,0,97,172224,1
10287,Technology,High School,Female,Sourcing,2,25,4,16,1,0,95,167913,1
10288,Technology,Bachelor,Male,Other,2,50,2,12,0,0,86,150844,0
10289,Sales,Bachelor,Male,Sourcing,4,59,1,3,1,0,47,106851,0
10290,Technology,Master,Female,Sourcing,1,45,3,18,0,0,56,38078,0
10291,HR,Bachelor,Female,Sourcing,4,30,3,5,0,0,98,68787,0
10292,HR,Bachelor,Female,Sourcing,2,29,3,14,0,0,53,161921,0
10293,Finance,Bachelor,Female,Other,2,35,2,16,1,0,69,54682,1
10294,Technology,Bachelor,Female,Other,5,36,3,6,1,0,57,81823,1
10295,Sales,Master,Male,Sourcing,5,43,4,16,1,0,85,120231,1
10296,Technology,Bachelor,Female,Other,5,58,3,14,1,0,75,36210,1
10297,Marketing,Bachelor,Male,Other,4,36,3,5,1,0,60,142721,1
10298,Sales,Master,Female,Sourcing,1,27,3,14,1,0,92,84968,1
10299,Technology,Bachelor,Female,Referred,5,22,3,11,1,0,70,60583,1
10300,HR,Bachelor,Male,Sourcing,3,41,2,9,0,0,93,35788,0
10301,HR,Master,Female,Referred,5,57,3,7,1,0,94,62686,1
10302,Technology,Bachelor,Male,Sourcing,4,23,1,5,0,0,72,78755,0
10303,Technology,Master,Male,Referred,1,27,3,15,1,0,62,64929,1
10304,Technology,PhD,Male,Sourcing,5,23,3,13,0,0,77,162718,0
10305,Marketing,Bachelor,Female,Other,1,24,2,12,0,0,44,124661,0
10306,Operations,Bachelor,Female,Other,3,28,3,15,1,0,54,76015,1
10307,Technology,Bachelor,Female,Sourcing,2,41,2,19,0,0,69,169495,0
10308,Sales,Bachelor,Female,Sourcing,1,26,1,19,1,0,55,138090,0
10309,Marketing,PhD,Female,Sourcing,5,46,3,10,0,0,93,112481,0
10310,Sales,PhD,Female,Referred,4,59,5,17,0,0,98,151147,1
10311,Technology,Bachelor,Male,Sourcing,4,39,3,16,1,0,79,31806,1
10312,HR,Master,Female,Referred,4,22,3,5,0,0,68,96411,0
10313,HR,High School,Female,Sourcing,4,46,4,4,1,0,67,72516,1
10314,Operations,High School,Female,Sourcing,1,38,3,10,0,0,45,116273,0
10315,Finance,Bachelor,Female,Sourcing,4,36,5,6,1,0,44,90915,1
10316,Marketing,Bachelor,Male,Sourcing,2,26,5,11,1,0,77,136065,1
10317,Technology,Bachelor,Male,Other,3,38,4,11,0,0,64,177372,0
10318,Sales,High School,Male,Other,1,42,5,16,1,0,67,85958,1
10319,Sales,Bachelor,Male,Sourcing,1,44,2,14,0,0,40,38616,0
10320,Sales,Bachelor,Male,Referred,4,31,3,19,1,0,53,97136,0
10321,Technology,Bachelor,Female,Sourcing,4,38,5,4,1,0,58,60207,1
10322,Marketing,Bachelor,Male,Referred,1,22,3,5,0,0,70,162412,0
10323,Marketing,Bachelor,Male,Sourcing,4,58,5,19,0,0,90,55205,1
10324,Sales,High School,Female,Referred,4,28,2,17,0,0,96,91573,0
10325,Operations,Bachelor,Female,Other,4,33,3,18,1,0,54,146753,1
10326,Marketing,Bachelor,Male,Sourcing,4,22,5,8,0,0,58,128471,0
10327,Technology,Bachelor,Female,Other,4,41,3,4,0,0,77,91356,0
10328,Technology,Bachelor,Female,Sourcing,5,52,4,18,0,0,71,103744,1
10329,Technology,Bachelor,Male,Sourcing,5,25,1,11,0,0,96,162617,0
10330,Sales,Bachelor,Female,Sourcing,5,47,4,14,0,0,70,47914,1
10331,Technology,Bachelor,Male,Sourcing,1,33,5,13,0,0,97,33813,1
10332,Marketing,Bachelor,Male,Sourcing,3,43,3,16,0,0,76,31497,0
10333,HR,Bachelor,Female,Sourcing,1,22,1,12,1,0,65,161614,1
10334,Sales,Bachelor,Male,Sourcing,5,22,1,9,1,1,87,142945,1
10335,HR,High School,Male,Sourcing,1,24,5,7,0,0,98,112298,1
10336,HR,High School,Female,Referred,3,33,4,10,0,0,80,34435,0
10337,Finance,Bachelor,Female,Other,4,42,2,17,1,0,64,34302,1
10338,Marketing,Bachelor,Female,Sourcing,2,34,1,18,1,0,86,74453,1
10339,Technology,High School,Female,Sourcing,5,34,4,7,1,0,93,156343,1
10340,HR,Bachelor,Male,Sourcing,5,39,4,3,0,0,79,137341,1
10341,Technology,Master,Female,Other,3,54,2,15,0,0,96,164924,0
10342,Technology,High School,Female,Referred,4,27,3,16,0,0,96,149509,0
10343,Sales,Bachelor,Male,Sourcing,4,46,4,17,1,0,47,128977,1
10344,Technology,Bachelor,Male,Sourcing,2,44,3,13,0,0,43,131824,0
10345,Technology,High School,Male,Sourcing,4,45,5,3,0,0,70,106767,1
10346,Technology,Bachelor,Male,Sourcing,3,58,3,5,0,0,95,32057,1
10347,Technology,Bachelor,Female,Other,4,47,4,9,0,0,71,91789,0
10348,HR,Bachelor,Female,Other,3,25,3,18,0,0,73,93208,1
10349,Technology,Bachelor,Male,Sourcing,5,59,5,11,0,0,87,140454,1
10350,Technology,Master,Male,Referred,5,56,3,11,0,0,42,58888,0
10351,Technology,Master,Male,Sourcing,5,32,2,16,0,0,80,134451,1
10352,Finance,High School,Male,Sourcing,1,57,3,8,1,0,65,175044,1
10353,Marketing,Bachelor,Female,Other,5,46,5,2,0,0,43,128172,0
10354,Sales,Bachelor,Male,Referred,3,41,3,10,1,0,41,121836,0
10355,HR,Bachelor,Female,Sourcing,2,22,3,6,0,0,58,130957,0
10356,Technology,Bachelor,Male,Sourcing,4,51,3,4,0,0,62,92027,0
10357,HR,Bachelor,Female,Other,5,25,2,5,0,0,64,168328,0
10358,Technology,High School,Female,Referred,1,44,1,11,0,0,86,61541,0
10359,Operations,PhD,Female,Sourcing,1,56,3,12,0,0,46,88173,0
10360,Technology,Bachelor,Female,Sourcing,3,43,3,16,0,0,47,159298,0
10361,Technology,Master,Male,Sourcing,2,52,4,14,0,0,42,90929,0
10362,Technology,Bachelor,Female,Other,5,22,4,14,1,0,62,102285,1
10363,Technology,Bachelor,Male,Referred,5,25,5,15,1,0,86,139880,1
10364,Technology,Master,Female,Sourcing,1,40,3,8,0,0,72,133410,0
10365,Operations,Bachelor,Female,Referred,3,51,4,5,1,0,87,47686,1
10366,Technology,High School,Male,Other,1,22,1,9,0,0,67,102269,0
10367,Operations,Master,Male,Sourcing,1,40,1,16,1,0,61,100341,1
10368,Operations,Bachelor,Female,Sourcing,2,42,2,3,0,0,74,44661,0
10369,Sales,Master,Female,Referred,3,43,3,12,0,0,73,40152,1
10370,HR,Bachelor,Male,Referred,2,23,2,7,0,0,69,113620,0
10371,Sales,Bachelor,Female,Other,3,27,3,17,0,0,86,152374,0
10372,HR,Bachelor,Male,Other,5,42,3,15,1,0,75,57596,1
10373,HR,Bachelor,Male,Sourcing,4,54,3,15,0,0,98,124217,0
10374,Marketing,Master,Male,Sourcing,4,40,3,12,1,0,53,89766,1
10375,HR,Bachelor,Female,Other,3,48,3,2,0,0,48,145333,0
10376,Sales,Master,Female,Sourcing,4,58,2,8,0,0,61,37619,0
10377,Finance,Bachelor,Male,Referred,1,50,1,5,1,0,67,64759,1
10378,HR,Bachelor,Male,Referred,5,49,2,3,1,0,80,59805,1
10379,Finance,Master,Male,Referred,5,55,1,1,1,0,53,45791,1
10380,Sales,Bachelor,Male,Sourcing,4,22,3,16,0,0,54,115292,0
10381,Sales,Bachelor,Female,Other,3,46,4,10,0,0,95,34747,0
10382,Marketing,Bachelor,Male,Other,1,42,3,10,0,0,76,147829,0
10383,Technology,Bachelor,Female,Referred,3,55,3,11,0,0,63,61636,0
10384,Finance,Bachelor,Male,Sourcing,4,47,4,12,0,0,73,83471,1
10385,Marketing,Master,Female,Sourcing,5,57,2,8,0,0,95,175631,0
10386,Finance,Bachelor,Female,Sourcing,5,56,2,5,1,0,88,179210,1
10387,Sales,Bachelor,Female,Sourcing,3,44,3,9,0,0,82,30750,1
10388,Sales,High School,Female,Sourcing,2,38,3,11,0,0,84,61350,0
10389,Marketing,Bachelor,Female,Other,3,33,3,15,0,0,83,63610,1
10390,Finance,PhD,Male,Other,2,41,4,17,0,0,42,126469,0
10391,Operations,Bachelor,Male,Referred,3,48,1,11,0,0,62,87110,0
10392,Technology,Bachelor,Female,Referred,2,58,3,13,0,0,59,48687,0
10393,Technology,PhD,Male,Sourcing,2,41,2,17,1,0,84,155594,1
10394,Marketing,Bachelor,Male,Other,2,32,4,7,1,0,54,80657,1
10395,Sales,Master,Male,Sourcing,2,49,5,9,1,0,82,178883,1
10396,Operations,Bachelor,Male,Sourcing,1,23,3,18,0,0,55,76108,0
10397,Finance,Bachelor,Male,Sourcing,2,45,1,18,0,0,46,34071,0
10398,Technology,Bachelor,Male,Other,2,37,3,10,0,0,72,97910,0
10399,Marketing,Bachelor,Male,Other,5,33,2,12,0,1,94,108901,1
10400,Marketing,PhD,Female,Sourcing,1,37,3,18,0,0,58,89808,0
10401,Sales,Bachelor,Male,Other,2,57,3,9,1,0,57,82957,1
10402,Operations,High School,Male,Sourcing,4,23,5,9,0,0,80,148623,1
10403,Technology,High School,Male,Sourcing,1,46,3,10,0,0,57,76077,0
10404,Finance,Bachelor,Female,Other,5,50,2,1,1,0,42,41812,1
10405,Sales,Bachelor,Female,Other,3,49,2,11,0,0,42,147964,0
10406,Finance,PhD,Male,Referred,5,31,2,14,0,0,75,123062,0
10407,Technology,High School,Female,Referred,5,44,2,10,1,0,55,51558,0
10408,HR,Bachelor,Female,Other,1,53,4,14,0,0,82,163342,0
10409,Operations,Bachelor,Male,Other,1,52,1,19,1,0,62,105883,1
10410,HR,Bachelor,Female,Other,4,40,5,10,0,0,62,47067,1
10411,Sales,Master,Male,Referred,4,36,3,17,1,0,54,113963,1
10412,Operations,Bachelor,Female,Other,1,54,3,2,0,0,48,80684,0
10413,Operations,Master,Male,Other,1,38,3,14,0,0,97,98613,1
10414,Technology,Bachelor,Female,Sourcing,1,57,4,18,0,0,79,128810,0
10415,Technology,Bachelor,Male,Other,3,41,3,2,0,0,93,88538,1
10416,Technology,Bachelor,Male,Sourcing,5,30,3,19,1,0,77,173552,1
10417,Sales,Bachelor,Female,Sourcing,4,59,3,8,0,0,92,98339,0
10418,Sales,Bachelor,Male,Referred,4,24,5,6,1,0,57,100835,1
10419,Marketing,Bachelor,Male,Sourcing,2,23,3,7,0,0,77,177164,0
10420,Marketing,Bachelor,Female,Referred,3,39,3,13,1,0,45,124717,1
10421,Marketing,Bachelor,Male,Other,1,44,3,2,0,0,83,34662,0
10422,Marketing,Bachelor,Male,Sourcing,1,40,1,7,0,0,76,63737,0
10423,HR,High School,Female,Sourcing,3,28,2,1,1,0,85,60545,1
10424,Technology,Bachelor,Male,Other,4,56,2,6,1,0,45,161333,1
10425,HR,Bachelor,Female,Sourcing,1,41,4,16,1,0,60,127078,1
10426,Technology,Bachelor,Male,Sourcing,2,41,3,8,0,0,98,77976,1
10427,Technology,High School,Female,Sourcing,4,40,4,13,1,0,69,115879,1
10428,Finance,Bachelor,Female,Referred,5,37,4,18,0,0,67,175983,0
10429,Technology,Master,Male,Referred,3,59,2,14,1,0,59,75308,1
10430,Sales,Master,Female,Other,4,42,3,18,0,0,58,146227,0
10431,Sales,Master,Male,Sourcing,5,50,4,4,0,0,53,142258,0
10432,Marketing,Bachelor,Male,Other,2,59,3,15,1,0,40,64574,1
10433,Technology,Master,Female,Referred,3,45,3,5,1,0,66,159383,1
10434,Sales,Bachelor,Male,Sourcing,1,58,4,14,1,0,91,75123,1
10435,HR,Bachelor,Male,Referred,1,50,1,16,1,0,71,57050,0
10436,Marketing,Master,Female,Other,5,52,4,15,1,0,68,44160,1
10437,HR,Bachelor,Male,Referred,4,33,3,11,0,0,70,115607,0
10438,Finance,Master,Male,Sourcing,2,51,3,2,1,0,64,94577,1
10439,Marketing,Bachelor,Female,Sourcing,5,25,2,18,0,0,94,67558,0
10440,HR,Master,Male,Sourcing,2,51,4,4,0,0,46,141788,0
10441,HR,Bachelor,Male,Sourcing,2,26,3,15,1,0,78,112720,1
10442,Operations,Bachelor,Female,Referred,2,37,3,12,1,0,85,41467,1
10443,Technology,Bachelor,Male,Sourcing,3,48,4,3,1,0,91,124362,1
10444,Technology,High School,Male,Other,5,25,5,4,0,0,55,107322,0
10445,Finance,Bachelor,Female,Sourcing,3,29,4,16,0,0,83,122969,0
10446,Operations,Bachelor,Male,Sourcing,4,29,2,6,1,1,94,113405,1
10447,Operations,Bachelor,Male,Referred,4,38,5,2,0,0,50,83325,0
10448,Marketing,Master,Female,Sourcing,1,24,3,9,1,0,57,150935,1
10449,Technology,Bachelor,Female,Other,1,48,3,12,1,0,83,93765,1
10450,HR,Bachelor,Male,Sourcing,1,55,5,12,1,0,95,111544,1
10451,Marketing,Bachelor,Male,Sourcing,4,42,2,14,1,0,81,149502,1
10452,Technology,Bachelor,Female,Other,2,45,2,17,0,0,95,44048,0
10453,Technology,Bachelor,Male,Referred,2,50,3,9,0,0,96,58728,1
10454,Operations,Bachelor,Male,Sourcing,5,27,4,12,0,0,44,136834,0
10455,Sales,Master,Male,Sourcing,4,35,3,10,1,1,97,169038,1
10456,Technology,Bachelor,Female,Other,1,35,3,11,0,0,95,104001,0
10457,HR,Bachelor,Male,Other,4,58,3,2,1,0,41,135355,0
10458,Technology,Bachelor,Male,Other,2,45,3,16,0,0,49,119767,0
10459,HR,High School,Female,Sourcing,2,34,4,1,1,0,65,50345,1
10460,Sales,High School,Female,Other,3,22,2,1,0,0,63,154772,0
10461,Sales,Master,Female,Sourcing,3,33,4,2,0,0,65,34528,0
10462,Technology,Bachelor,Male,Sourcing,5,45,4,12,1,0,55,38064,1
10463,Marketing,Bachelor,Male,Other,4,58,3,18,1,0,64,85905,1
10464,Technology,Bachelor,Female,Sourcing,3,41,3,12,0,0,77,90757,0
10465,Operations,Bachelor,Male,Sourcing,3,27,1,1,1,0,45,127964,0
10466,Technology,Bachelor,Male,Sourcing,4,33,4,11,0,0,91,97757,1
10467,Sales,Master,Male,Sourcing,2,42,3,2,0,0,95,171011,1
10468,Finance,PhD,Male,Other,5,24,3,12,0,0,94,139762,1
10469,Sales,Master,Female,Referred,5,48,3,2,1,0,51,60472,0
10470,Operations,Bachelor,Female,Sourcing,5,57,3,17,0,0,48,135425,0
10471,HR,Master,Male,Referred,3,38,4,6,1,0,88,36415,1
10472,Operations,Bachelor,Female,Other,2,36,4,16,0,0,81,123490,1
10473,HR,Bachelor,Male,Other,5,25,3,19,0,0,47,42595,0
10474,Finance,Master,Male,Sourcing,4,38,4,6,0,0,95,84920,0
10475,Technology,Bachelor,Female,Other,5,59,4,7,1,0,70,130946,1
10476,Operations,Bachelor,Female,Other,1,32,3,19,1,0,80,31140,1
10477,HR,Bachelor,Male,Sourcing,2,33,1,17,0,1,71,76981,1
10478,Technology,Master,Male,Sourcing,1,53,5,6,0,0,46,150836,0
10479,Operations,Master,Male,Sourcing,2,48,4,15,0,0,71,44253,0
10480,Technology,Bachelor,Male,Other,4,48,3,9,1,0,96,35745,1
10481,Technology,Master,Female,Sourcing,3,50,1,2,0,0,81,146473,0
10482,Marketing,Bachelor,Female,Referred,3,30,4,5,0,0,95,103128,1
10483,Technology,Bachelor,Male,Sourcing,2,24,3,5,0,0,96,92389,0
10484,Technology,Master,Male,Other,5,50,4,12,1,0,64,49999,1
10485,Technology,Master,Female,Sourcing,1,42,5,10,0,0,72,91236,0
10486,Operations,High School,Male,Other,4,56,5,4,0,0,90,120182,1
10487,HR,Bachelor,Female,Other,5,31,5,12,1,0,93,103467,1
10488,Sales,Master,Male,Sourcing,3,44,1,15,0,0,67,75085,0
10489,Operations,Master,Female,Sourcing,5,46,5,10,1,0,50,143919,1
10490,Finance,High School,Male,Sourcing,1,45,1,18,0,0,70,174030,0
10491,Technology,Bachelor,Male,Other,3,41,5,5,0,0,94,47928,1
10492,Technology,Master,Male,Referred,2,36,3,13,0,0,91,149777,1
10493,Sales,Bachelor,Female,Sourcing,4,42,3,4,0,0,49,154059,0
10494,Sales,Bachelor,Female,Sourcing,4,33,1,9,0,0,41,174365,0
10495,Technology,Bachelor,Male,Sourcing,3,39,4,18,0,0,85,151045,1
10496,Technology,Bachelor,Male,Other,2,44,2,3,0,0,83,73412,0
10497,Technology,Bachelor,Male,Referred,1,50,3,11,0,0,43,149396,0
10498,HR,PhD,Male,Other,4,57,4,4,0,0,61,135481,0
10499,Operations,Bachelor,Female,Sourcing,3,26,4,9,0,0,84,85119,0
10500,Operations,Master,Female,Sourcing,4,47,1,12,0,0,91,41543,0
10501,Marketing,Bachelor,Female,Other,2,32,3,10,0,0,67,170979,0
10502,Technology,Bachelor,Male,Sourcing,1,32,1,10,0,0,49,39305,0
10503,Sales,Bachelor,Male,Other,2,39,4,9,0,0,41,98557,0
10504,Finance,Bachelor,Female,Sourcing,5,33,5,10,0,0,96,82222,1
10505,Marketing,Bachelor,Male,Sourcing,2,37,4,9,0,0,88,106567,0
10506,Sales,Bachelor,Female,Referred,2,48,2,1,0,0,70,173642,0
10507,Operations,Bachelor,Female,Other,4,57,3,16,1,0,81,96666,1
10508,Finance,Bachelor,Female,Other,2,38,5,14,0,0,62,160279,0
10509,Operations,Bachelor,Female,Sourcing,3,42,2,13,0,0,55,125077,0
10510,Marketing,Bachelor,Male,Sourcing,4,58,3,6,1,0,48,86395,0
10511,Technology,Bachelor,Female,Referred,4,52,3,14,1,0,90,52468,1
10512,Technology,High School,Male,Referred,5,56,4,8,0,0,82,40637,0
10513,Operations,PhD,Female,Other,3,48,5,18,0,0,45,139340,0
10514,Finance,Master,Female,Sourcing,2,44,3,1,1,0,96,61131,1
10515,HR,Bachelor,Female,Other,5,53,4,12,1,0,64,34725,1
10516,HR,Master,Female,Referred,3,38,3,11,1,0,43,157604,1
10517,Technology,Master,Male,Other,5,32,3,13,0,0,87,122868,0
10518,Finance,Master,Male,Referred,1,22,3,4,0,0,51,152471,0
10519,Operations,Bachelor,Male,Sourcing,2,49,3,6,0,0,63,101853,0
10520,Sales,Master,Male,Other,5,39,2,13,1,0,95,132396,1
10521,Technology,Master,Female,Referred,1,41,4,13,0,0,66,132222,0
10522,Technology,Bachelor,Male,Other,2,28,1,6,1,0,87,109688,1
10523,Operations,Master,Male,Other,5,58,1,4,1,0,94,175585,1
10524,Finance,Bachelor,Female,Referred,5,37,3,3,0,0,93,171083,0
10525,Finance,Bachelor,Male,Referred,5,44,2,15,0,0,42,156066,0
10526,Technology,Bachelor,Male,Sourcing,5,53,3,11,1,0,51,75433,1
10527,Technology,Master,Male,Sourcing,4,38,3,2,0,0,86,50576,0
10528,Sales,Bachelor,Male,Sourcing,5,40,4,17,1,0,91,121271,1
10529,HR,Bachelor,Female,Sourcing,4,55,5,2,1,0,69,50637,1
10530,Finance,Bachelor,Female,Sourcing,4,35,4,1,0,0,51,151229,0
10531,Finance,Bachelor,Male,Sourcing,1,24,2,5,0,0,80,104540,1
10532,Operations,Bachelor,Female,Sourcing,2,46,5,17,1,0,81,60434,1
10533,Operations,Master,Male,Sourcing,4,32,3,1,0,0,94,154269,1
10534,Technology,Master,Male,Sourcing,3,36,3,7,0,0,98,35421,1
10535,Marketing,Bachelor,Male,Sourcing,4,40,3,3,0,0,79,123122,0
10536,Operations,Bachelor,Female,Referred,3,36,3,16,1,0,84,48780,1
10537,Finance,Bachelor,Female,Referred,1,36,5,16,0,0,61,178803,0
10538,Sales,PhD,Female,Sourcing,3,59,3,12,1,0,54,109171,0
10539,Technology,Bachelor,Female,Referred,1,36,3,9,0,0,67,47921,0
10540,Sales,Bachelor,Female,Other,1,30,2,14,0,0,56,57722,0
10541,Operations,Bachelor,Female,Sourcing,1,26,4,12,0,0,98,31782,1
10542,Technology,Master,Male,Referred,3,40,4,16,0,0,83,48932,1
10543,Sales,PhD,Female,Other,3,45,3,17,1,0,87,64518,1
10544,Marketing,Master,Male,Other,1,50,4,12,1,0,64,35873,1
10545,Technology,Master,Male,Sourcing,1,26,4,4,0,0,82,59617,0
10546,Technology,Bachelor,Female,Referred,2,43,3,17,0,0,90,52656,1
10547,Sales,Bachelor,Male,Sourcing,1,34,3,1,1,0,84,99100,1
10548,Marketing,Bachelor,Male,Referred,5,50,3,17,0,0,42,59036,0
10549,Technology,Bachelor,Male,Other,2,37,1,11,0,0,96,146912,1
10550,Marketing,Bachelor,Female,Referred,2,57,4,19,0,0,75,133028,0
10551,Technology,Bachelor,Female,Other,2,38,3,18,1,0,70,93185,1
10552,Finance,Bachelor,Male,Sourcing,5,41,3,2,0,0,95,30969,1
10553,Technology,High School,Female,Other,2,35,5,9,0,0,54,169199,0
10554,Technology,Master,Male,Referred,2,27,1,9,0,0,85,87616,1
10555,Finance,Master,Female,Sourcing,3,43,3,12,0,0,67,69310,0
10556,Technology,Master,Male,Referred,3,30,2,13,0,0,82,61130,0
10557,Sales,Bachelor,Male,Sourcing,1,53,1,16,1,0,70,49208,0
10558,HR,Master,Female,Sourcing,1,45,3,13,1,0,99,174447,1
10559,Marketing,Bachelor,Female,Other,4,54,5,14,0,0,84,66286,0
10560,Technology,Master,Female,Sourcing,5,34,3,7,0,0,59,124712,0
10561,Marketing,Bachelor,Female,Other,3,56,4,2,0,0,89,54361,1
10562,Sales,High School,Female,Sourcing,1,27,2,12,0,0,84,176501,0
10563,Sales,Bachelor,Male,Sourcing,5,51,3,17,0,0,60,100143,0
10564,HR,Bachelor,Male,Other,2,59,5,5,1,0,66,62767,1
10565,Technology,High School,Male,Sourcing,5,37,3,10,0,0,58,34642,0
10566,Technology,Bachelor,Female,Referred,3,22,4,18,1,1,75,67850,1
10567,Technology,Master,Female,Referred,4,39,5,3,0,0,51,34010,1
10568,Technology,Master,Male,Referred,3,43,3,13,0,0,74,82071,0
10569,Operations,Master,Male,Other,1,47,3,13,1,0,87,111240,1
10570,Sales,High School,Male,Referred,1,35,4,10,0,0,72,79611,0
10571,Technology,High School,Male,Sourcing,5,58,4,2,0,0,75,49172,1
10572,Marketing,Bachelor,Female,Other,3,35,2,16,0,0,80,133848,0
10573,Technology,Master,Male,Sourcing,1,47,3,4,1,0,62,77152,1
10574,Technology,Master,Female,Referred,2,57,3,19,0,0,52,152939,0
10575,Finance,Master,Male,Other,2,44,3,5,0,0,93,160305,0
10576,Operations,Bachelor,Female,Referred,4,23,5,7,1,1,69,173936,1
10577,Sales,Master,Female,Other,5,28,3,9,0,0,49,41377,0
10578,Operations,High School,Female,Referred,1,43,3,5,0,0,80,113884,0
10579,Technology,High School,Female,Other,4,49,3,8,0,1,59,34769,1
10580,Sales,Bachelor,Male,Other,2,59,2,2,0,0,45,72453,0
10581,Technology,Bachelor,Male,Sourcing,4,41,2,7,0,0,70,108499,1
10582,Operations,Bachelor,Male,Sourcing,4,39,3,4,1,0,58,126270,1
10583,Technology,Master,Female,Sourcing,1,45,3,15,0,0,42,147284,0
10584,Sales,Master,Male,Other,1,54,3,18,0,0,49,34233,0
10585,Technology,Bachelor,Male,Sourcing,1,47,1,2,0,0,49,94776,0
10586,Sales,Bachelor,Male,Sourcing,5,40,3,14,0,0,95,141409,1
10587,HR,Bachelor,Female,Sourcing,4,34,4,10,0,0,60,110802,0
10588,Sales,Bachelor,Female,Other,4,31,5,5,0,0,95,93021,1
10589,Sales,High School,Female,Referred,5,35,2,12,0,0,96,155949,0
10590,Sales,Master,Male,Sourcing,2,30,3,10,0,0,41,109778,0
10591,Sales,Bachelor,Male,Sourcing,3,32,5,18,0,0,84,139263,1
10592,Technology,Bachelor,Male,Sourcing,2,24,3,6,0,0,78,65180,1
10593,Sales,Bachelor,Female,Sourcing,5,33,5,12,0,0,84,41254,0
10594,Sales,High School,Male,Sourcing,4,56,5,1,0,0,69,89480,0
10595,Finance,Bachelor,Female,Other,4,53,2,7,0,0,85,94766,0
10596,Technology,Bachelor,Female,Other,1,35,3,12,0,0,67,60184,0
10597,Marketing,Bachelor,Female,Sourcing,1,22,2,7,1,0,57,70791,1
10598,Sales,Master,Female,Sourcing,4,48,2,9,0,0,53,138299,0
10599,Sales,Master,Male,Sourcing,4,58,5,15,1,0,94,85866,1
10600,HR,Master,Male,Sourcing,1,22,5,12,1,0,98,173012,1
10601,Sales,Bachelor,Female,Sourcing,1,50,1,13,0,0,84,119375,0
10602,Sales,Bachelor,Male,Sourcing,2,45,3,4,0,0,58,86248,0
10603,Sales,Bachelor,Female,Sourcing,4,38,3,10,1,0,79,87554,1
10604,HR,Master,Male,Other,4,56,3,3,0,0,75,111931,0
10605,Sales,Bachelor,Male,Other,5,52,3,5,0,0,80,89345,1
10606,Technology,Bachelor,Female,Referred,2,53,5,4,1,0,51,128820,1
10607,Sales,PhD,Female,Sourcing,3,40,2,19,1,0,59,45475,1
10608,Technology,PhD,Female,Other,3,52,2,15,0,0,73,73027,0
10609,Technology,Bachelor,Female,Other,3,41,1,7,1,0,75,31724,0
10610,Marketing,Bachelor,Male,Sourcing,1,49,3,3,0,0,60,64951,0
10611,HR,Bachelor,Female,Sourcing,3,24,3,16,1,0,95,142463,1
10612,Marketing,Master,Male,Referred,5,53,3,15,0,0,58,153052,1
10613,Technology,Master,Female,Sourcing,1,43,3,18,0,0,80,143344,0
10614,HR,Bachelor,Male,Sourcing,1,36,4,3,1,0,80,110388,1
10615,Finance,Bachelor,Female,Referred,3,59,3,14,0,1,82,140750,1
10616,Operations,Master,Male,Referred,1,40,3,1,0,0,81,40006,0
10617,HR,PhD,Male,Sourcing,2,52,4,7,0,0,74,102191,0
10618,Sales,Bachelor,Male,Referred,2,47,4,2,0,0,47,129979,0
10619,Finance,Bachelor,Female,Other,3,26,2,10,1,0,61,54579,1
10620,Marketing,Bachelor,Female,Sourcing,5,41,3,16,0,1,82,146298,1
10621,Sales,Bachelor,Female,Referred,1,23,4,12,0,0,77,163865,0
10622,Sales,High School,Female,Sourcing,4,42,1,18,0,0,57,56996,0
10623,Technology,Master,Male,Sourcing,3,57,3,6,0,0,47,165449,0
10624,Technology,Master,Male,Referred,1,49,3,17,0,0,94,171594,1
10625,Technology,Bachelor,Male,Sourcing,3,41,2,8,0,0,41,34330,0
10626,Technology,Master,Female,Sourcing,3,58,2,9,0,0,59,113645,0
10627,Technology,Bachelor,Male,Sourcing,5,57,3,19,0,0,44,50312,0
10628,Marketing,Bachelor,Male,Referred,4,32,4,2,0,0,96,124545,1
10629,HR,Bachelor,Female,Other,1,24,4,7,1,0,81,176933,1
10630,Sales,Bachelor,Female,Sourcing,3,58,5,11,0,0,69,63223,0
10631,Marketing,Master,Male,Referred,3,41,1,13,1,0,57,156849,0
10632,Finance,Bachelor,Female,Sourcing,1,53,2,10,1,0,83,61444,1
10633,Technology,Bachelor,Female,Referred,3,46,4,15,0,0,99,154798,1
10634,Technology,Bachelor,Female,Sourcing,3,42,3,7,1,0,62,146070,1
10635,Sales,Bachelor,Female,Referred,3,37,3,6,0,0,92,56564,0
10636,Technology,Bachelor,Male,Other,2,22,2,12,1,0,41,161629,1
10637,Technology,Bachelor,Male,Other,2,44,3,3,0,0,81,173821,1
10638,Sales,Master,Male,Sourcing,4,45,3,16,0,0,83,99526,0
10639,Sales,Bachelor,Male,Other,5,46,2,9,1,0,90,113088,1
10640,Technology,Bachelor,Male,Sourcing,1,28,5,10,1,0,76,162439,1
10641,HR,Bachelor,Female,Other,5,59,2,13,0,0,81,107415,1
10642,Sales,Master,Male,Sourcing,5,56,5,8,0,0,71,170863,1
10643,Sales,Bachelor,Male,Sourcing,2,35,4,6,1,0,40,169420,1
10644,Sales,Bachelor,Female,Sourcing,4,30,3,3,0,0,78,123491,0
10645,Sales,Bachelor,Female,Sourcing,5,24,4,12,0,0,40,84109,0
10646,Finance,Bachelor,Female,Other,5,59,4,9,0,0,93,53679,1
10647,Technology,Bachelor,Male,Other,3,41,2,9,1,0,99,94636,1
10648,Marketing,Master,Female,Referred,1,54,3,11,1,0,93,37342,1
10649,Marketing,Master,Female,Other,4,53,3,6,1,0,88,121236,1
10650,Technology,Bachelor,Female,Other,1,57,3,2,0,0,83,60770,0
10651,HR,Master,Male,Sourcing,2,47,3,7,1,0,70,129585,1
10652,Technology,Master,Female,Sourcing,5,26,3,9,0,0,78,92100,0
10653,Technology,Bachelor,Female,Sourcing,5,51,3,19,1,0,47,158167,1
10654,Marketing,Bachelor,Male,Sourcing,1,38,3,18,0,0,42,137624,0
10655,Technology,Bachelor,Female,Sourcing,2,27,3,12,0,1,86,58228,1
10656,Sales,Bachelor,Male,Sourcing,3,36,3,11,1,0,51,138578,0
10657,Sales,Master,Male,Sourcing,3,22,5,10,0,0,97,44763,1
10658,Technology,PhD,Female,Sourcing,5,34,3,3,0,0,88,46034,1
10659,Technology,High School,Male,Other,5,55,4,12,0,0,73,95527,0
10660,Technology,Master,Female,Sourcing,4,51,3,4,1,0,88,91778,1
10661,Technology,Bachelor,Female,Referred,1,40,3,10,0,0,64,133119,0
10662,Operations,Bachelor,Female,Referred,5,23,3,2,0,0,75,80328,0
10663,Technology,Master,Female,Referred,2,33,1,12,0,0,46,112425,0
10664,Sales,Bachelor,Male,Sourcing,1,45,5,11,0,0,54,176462,1
10665,Sales,Master,Female,Sourcing,4,32,1,14,0,0,60,103952,0
10666,Sales,Master,Female,Sourcing,3,23,3,15,1,0,64,132142,1
10667,Sales,Master,Female,Sourcing,4,22,2,14,1,0,87,125440,1
10668,Sales,Master,Male,Sourcing,1,49,1,12,0,0,96,66820,0
10669,Sales,Bachelor,Male,Referred,3,25,4,2,1,0,77,87523,1
10670,Sales,Master,Female,Referred,2,51,3,2,0,0,76,111392,0
10671,Sales,PhD,Male,Referred,3,28,4,1,0,0,97,79046,0
10672,Finance,Bachelor,Male,Sourcing,3,43,3,15,0,0,55,88672,0
10673,HR,Master,Female,Sourcing,2,47,3,10,0,1,40,75711,1
10674,Technology,Bachelor,Female,Other,5,50,3,1,1,0,86,63509,1
10675,Technology,High School,Female,Sourcing,5,46,3,1,1,0,91,34409,1
10676,Operations,Bachelor,Female,Other,3,31,4,1,1,0,76,58465,1
10677,Sales,Bachelor,Female,Other,3,41,3,11,1,0,84,117373,1
10678,Technology,Bachelor,Male,Sourcing,4,35,3,12,0,0,53,45423,0
10679,Operations,Master,Female,Sourcing,5,54,5,15,0,0,96,87651,1
10680,Finance,Bachelor,Female,Sourcing,2,26,2,14,0,0,73,134487,0
10681,Finance,Bachelor,Female,Sourcing,3,27,3,1,1,0,41,170530,1
10682,Sales,Bachelor,Female,Sourcing,3,43,3,1,0,0,70,87201,0
10683,Sales,High School,Female,Sourcing,4,38,1,6,1,0,58,172292,0
10684,Marketing,Bachelor,Male,Sourcing,4,36,3,3,1,0,58,37312,1
10685,Operations,Bachelor,Female,Referred,4,49,1,14,0,0,83,111463,0
10686,Technology,Master,Male,Other,1,23,5,6,0,0,62,72013,0
10687,Technology,Bachelor,Female,Sourcing,2,39,3,8,0,0,69,179099,0
10688,Sales,High School,Female,Other,1,48,4,15,0,0,56,174289,0
10689,Marketing,Bachelor,Female,Other,3,42,3,17,1,0,41,138521,0
10690,Sales,Master,Male,Other,4,44,3,9,0,0,50,84653,0
10691,Sales,Bachelor,Female,Other,4,28,4,16,0,0,88,144116,0
10692,Technology,Bachelor,Female,Sourcing,4,40,5,1,1,0,53,90352,1
10693,Technology,Master,Female,Sourcing,5,30,1,16,0,0,80,147351,0
10694,Sales,Bachelor,Female,Referred,2,33,3,19,0,0,97,109028,0
10695,Sales,Master,Female,Referred,1,51,4,9,0,0,96,42785,1
10696,Technology,Bachelor,Female,Other,2,28,5,17,0,0,68,134645,0
10697,Sales,Bachelor,Female,Other,4,23,5,6,1,0,58,30032,1
10698,Technology,Bachelor,Male,Referred,3,38,3,14,0,0,67,130585,0
10699,Sales,High School,Female,Sourcing,5,32,2,18,0,0,90,153409,1
10700,Technology,Bachelor,Female,Sourcing,2,33,2,14,0,0,40,100518,0
10701,Technology,Bachelor,Female,Sourcing,3,24,5,7,0,1,44,110824,1
10702,HR,Bachelor,Male,Referred,4,42,3,10,0,0,90,96825,1
10703,Sales,Bachelor,Male,Referred,4,35,2,16,1,0,73,117020,1
10704,Sales,Bachelor,Female,Other,4,36,5,7,0,0,53,113238,1
10705,HR,High School,Male,Referred,4,31,2,6,1,0,58,143995,1
10706,Operations,Bachelor,Female,Other,5,57,4,6,0,0,63,136341,1
10707,Sales,PhD,Female,Referred,5,31,3,7,0,0,79,52150,0
10708,Finance,Bachelor,Male,Other,2,38,1,17,1,0,56,103004,1
10709,Sales,Master,Female,Sourcing,4,46,3,8,0,0,41,177800,0
10710,Marketing,High School,Male,Other,5,48,2,2,0,0,70,61926,0
10711,Marketing,Bachelor,Male,Referred,3,54,3,19,0,0,56,87036,0
10712,Technology,High School,Male,Sourcing,5,32,3,7,1,0,47,165788,0
10713,Technology,Bachelor,Female,Sourcing,5,34,1,12,0,0,85,75322,0
10714,Technology,High School,Female,Other,2,22,5,3,0,0,56,150962,0
10715,Sales,Master,Female,Sourcing,5,52,3,4,0,0,77,157878,1
10716,Operations,Bachelor,Female,Sourcing,3,54,3,11,0,0,65,44710,0
10717,Finance,Bachelor,Female,Sourcing,4,42,2,12,0,0,82,99111,0
10718,Operations,Bachelor,Female,Referred,1,37,2,19,1,0,79,65319,1
10719,Sales,Bachelor,Female,Other,2,44,5,19,1,0,84,125450,1
10720,Marketing,Bachelor,Male,Sourcing,3,31,3,11,0,0,79,87338,0
10721,Operations,Bachelor,Female,Sourcing,2,54,3,13,0,0,46,60190,0
10722,Sales,Bachelor,Female,Other,4,43,5,1,0,0,95,53562,1
10723,HR,Master,Female,Other,5,27,3,6,0,0,63,112931,0
10724,Marketing,Bachelor,Male,Other,5,57,3,16,1,0,69,119251,1
10725,Technology,Bachelor,Male,Sourcing,3,31,5,2,0,0,65,106036,0
10726,Finance,Master,Male,Sourcing,4,37,4,14,0,0,69,56010,0
10727,Sales,Bachelor,Female,Sourcing,1,34,2,18,0,0,74,31439,1
10728,Marketing,Bachelor,Male,Other,1,41,3,17,0,0,41,66184,0
10729,Sales,Bachelor,Male,Sourcing,5,25,5,18,0,0,83,159257,1
10730,Sales,High School,Female,Sourcing,4,41,3,19,1,0,43,165025,1
10731,Sales,Master,Female,Sourcing,4,43,4,15,0,0,44,62609,0
10732,Finance,Bachelor,Female,Sourcing,3,50,5,2,0,0,87,76433,1
10733,Marketing,Master,Male,Other,1,37,4,4,0,0,41,157458,0
10734,Technology,Bachelor,Female,Sourcing,3,44,2,1,1,0,70,76099,1
10735,Technology,Master,Female,Referred,2,51,2,8,0,0,66,118823,1
10736,Finance,Master,Female,Other,4,51,3,14,0,0,63,112081,0
10737,Technology,Master,Female,Sourcing,1,24,3,11,0,0,95,153518,0
10738,Finance,Bachelor,Female,Referred,3,45,5,14,0,0,84,178513,1
10739,Technology,Bachelor,Female,Other,5,58,3,16,0,0,99,178909,0
10740,Technology,Bachelor,Male,Other,2,34,3,10,0,0,43,34826,0
10741,Technology,PhD,Female,Sourcing,3,53,4,7,0,0,67,76100,0
10742,Sales,Bachelor,Male,Sourcing,5,58,3,16,0,0,44,49168,0
10743,Marketing,Master,Male,Sourcing,1,33,3,4,0,0,66,131671,0
10744,Technology,High School,Female,Other,1,29,1,12,1,0,83,106963,1
10745,Sales,Bachelor,Male,Other,2,45,3,12,0,0,86,152072,0
10746,Finance,Master,Male,Referred,5,37,5,2,0,0,44,165366,0
10747,Technology,Master,Male,Sourcing,4,53,4,6,0,0,44,179553,0
10748,Technology,High School,Female,Sourcing,1,55,3,15,1,0,87,127777,1
10749,Operations,High School,Male,Referred,4,56,2,15,1,0,96,105193,1
10750,Technology,Master,Male,Sourcing,4,53,4,16,1,0,48,83541,1
10751,Sales,Bachelor,Male,Other,3,38,5,3,0,0,86,149147,1
10752,Operations,Master,Male,Sourcing,3,23,3,1,1,0,66,176604,1
10753,Technology,Bachelor,Female,Sourcing,1,47,4,12,0,0,43,173513,0
10754,Sales,Master,Female,Sourcing,4,38,3,15,0,0,88,46093,1
10755,Sales,High School,Male,Sourcing,3,59,3,19,0,0,63,37659,0
10756,Marketing,Bachelor,Female,Sourcing,5,23,4,6,0,0,66,94480,0
10757,Technology,Master,Female,Sourcing,5,29,1,19,0,0,40,178153,0
10758,Technology,Bachelor,Male,Sourcing,5,27,3,17,0,0,71,50341,0
10759,Finance,Bachelor,Female,Sourcing,5,30,2,9,0,0,55,43729,0
10760,Marketing,Bachelor,Female,Sourcing,4,22,3,13,1,0,62,54293,1
10761,Sales,Master,Male,Other,5,26,3,15,0,0,67,42559,0
10762,Sales,High School,Male,Sourcing,4,30,1,16,0,0,59,137008,0
10763,Sales,High School,Female,Referred,1,35,3,13,1,0,56,162110,1
10764,Marketing,Bachelor,Female,Other,1,48,3,2,0,0,75,93567,0
10765,HR,PhD,Female,Referred,5,30,4,2,0,0,94,104271,1
10766,Technology,Master,Female,Other,5,57,2,11,1,0,84,74736,1
10767,Marketing,Bachelor,Male,Sourcing,5,50,4,16,0,0,47,143903,0
10768,Finance,Bachelor,Male,Other,1,41,3,17,0,0,57,150920,0
10769,Sales,Bachelor,Male,Other,3,36,5,3,1,0,52,149754,1
10770,Finance,High School,Male,Other,1,57,5,1,0,0,48,178769,1
10771,Sales,Master,Male,Sourcing,5,24,3,18,1,0,76,75227,1
10772,Finance,Master,Female,Sourcing,3,44,1,14,0,0,69,151357,0
10773,Sales,Bachelor,Female,Sourcing,3,30,4,9,0,0,82,157128,1
10774,Technology,Master,Male,Referred,2,51,3,9,0,0,67,90099,0
10775,Marketing,Bachelor,Male,Other,4,40,1,12,1,0,85,70113,1
10776,Sales,Bachelor,Male,Sourcing,5,59,2,3,0,0,95,53380,0
10777,Sales,Master,Female,Referred,4,24,3,2,1,0,89,105500,1
10778,Marketing,Bachelor,Female,Referred,2,24,5,1,0,0,57,56015,0
10779,Marketing,Master,Female,Sourcing,4,55,5,9,1,0,59,91750,1
10780,Technology,Bachelor,Male,Other,5,23,2,13,0,0,87,118653,0
10781,Marketing,Master,Male,Other,2,48,3,16,0,0,75,111115,0
10782,Technology,Bachelor,Male,Sourcing,4,44,1,19,1,0,58,100350,1
10783,Sales,Bachelor,Male,Referred,1,53,3,10,0,0,44,62179,0
10784,Sales,Bachelor,Male,Sourcing,3,56,4,5,0,0,73,35243,1
10785,Sales,Bachelor,Female,Referred,2,39,4,14,1,0,56,121694,1
10786,Operations,High School,Male,Other,1,48,3,15,1,0,67,112482,1
10787,Technology,Bachelor,Female,Other,5,32,1,3,0,0,75,175989,0
10788,Technology,Master,Female,Sourcing,3,40,3,9,0,0,77,169126,0
10789,Technology,High School,Female,Sourcing,2,46,5,1,0,0,69,79113,0
10790,Operations,Bachelor,Female,Sourcing,3,28,2,1,1,0,93,125306,1
10791,Sales,Bachelor,Female,Referred,2,52,3,19,1,0,57,95216,0
10792,Technology,Master,Male,Sourcing,2,23,4,6,0,0,45,138251,0
10793,Technology,High School,Male,Referred,4,59,4,11,0,0,91,106565,0
10794,Technology,High School,Male,Sourcing,3,26,5,18,0,0,65,144094,1
10795,HR,Bachelor,Female,Sourcing,3,35,3,14,0,0,54,126187,0
10796,Finance,Master,Female,Sourcing,1,39,3,16,1,0,40,150547,1
10797,Operations,Bachelor,Female,Other,5,57,3,1,1,0,56,109765,1
10798,Technology,High School,Female,Other,1,25,5,10,1,0,70,94387,1
10799,Marketing,High School,Female,Sourcing,4,45,4,10,1,0,41,71425,1
10800,Operations,Bachelor,Female,Sourcing,2,34,4,13,0,0,75,58069,1
10801,Marketing,Bachelor,Male,Referred,4,42,2,1,0,0,95,53516,1
10802,Sales,Bachelor,Female,Sourcing,4,54,4,3,0,0,74,177691,0
10803,Technology,Bachelor,Female,Referred,1,41,3,14,0,0,66,156343,1
10804,Technology,Master,Male,Other,2,26,1,16,0,0,92,152588,0
10805,Technology,Bachelor,Female,Referred,5,45,1,6,0,0,42,162750,0
10806,Marketing,Bachelor,Male,Referred,4,56,4,1,0,0,95,52944,0
10807,Operations,Bachelor,Male,Referred,5,51,3,5,1,0,85,167136,1
10808,Operations,High School,Male,Other,2,49,5,8,1,0,59,112185,1
10809,Technology,Master,Female,Other,2,28,4,12,1,0,98,167405,1
10810,Sales,Bachelor,Male,Referred,1,56,1,1,0,0,47,94694,0
10811,Operations,Bachelor,Male,Sourcing,3,51,4,13,0,0,68,160750,0
10812,Finance,High School,Female,Sourcing,1,55,2,9,0,0,47,136634,0
10813,Sales,Master,Male,Sourcing,5,30,3,8,0,0,80,59218,0
10814,Operations,Bachelor,Female,Referred,1,33,3,13,0,0,89,45711,0
10815,Finance,Bachelor,Female,Referred,2,50,5,2,0,0,66,105093,1
10816,Technology,Bachelor,Male,Sourcing,4,31,3,15,0,0,65,177075,0
10817,Technology,Bachelor,Female,Sourcing,3,48,4,14,0,0,78,77988,0
10818,Technology,Bachelor,Female,Sourcing,2,40,4,19,0,0,49,71032,0
10819,HR,High School,Male,Other,4,34,3,9,0,0,69,144782,0
10820,Sales,Bachelor,Male,Referred,5,58,3,19,0,0,72,172483,0
10821,Finance,Master,Male,Referred,5,53,4,14,0,0,75,126909,1
10822,HR,Bachelor,Male,Sourcing,5,36,1,8,0,0,59,59986,0
10823,Sales,Master,Female,Referred,1,42,5,5,0,0,43,123805,0
10824,Technology,Master,Male,Sourcing,5,24,4,7,0,0,62,152156,0
10825,Technology,Bachelor,Male,Referred,5,29,2,4,0,0,68,41424,0
10826,Operations,Bachelor,Male,Sourcing,1,27,5,8,0,0,85,62828,1
10827,Sales,Master,Female,Sourcing,4,50,2,4,0,0,71,87825,0
10828,Sales,Bachelor,Female,Sourcing,2,40,5,1,0,0,76,58786,1
10829,Marketing,Bachelor,Female,Sourcing,3,38,3,8,1,0,76,166397,1
10830,Technology,Bachelor,Female,Other,5,31,4,7,0,0,90,59582,1
10831,Sales,High School,Female,Sourcing,5,54,3,11,0,0,65,173913,0
10832,Technology,Bachelor,Male,Sourcing,5,34,4,16,0,0,92,167073,1
10833,Sales,Master,Female,Referred,1,48,2,17,1,0,44,95115,0
10834,Sales,Bachelor,Female,Other,1,33,3,5,0,0,63,164723,0
10835,Technology,Master,Female,Sourcing,1,23,1,7,0,0,82,160182,0
10836,Technology,Bachelor,Male,Other,3,31,5,10,0,0,41,152433,0
10837,Operations,PhD,Male,Other,2,42,3,13,0,0,54,70776,0
10838,Technology,Bachelor,Female,Sourcing,5,44,4,15,0,0,85,171859,0
10839,Technology,Master,Male,Sourcing,4,22,4,6,0,0,85,75195,0
10840,Technology,Master,Female,Sourcing,5,54,5,2,0,0,79,134854,0
10841,HR,Bachelor,Male,Other,5,47,2,4,1,0,91,55065,1
10842,Marketing,Bachelor,Male,Sourcing,5,36,5,14,1,0,96,129200,1
10843,Sales,Bachelor,Female,Sourcing,5,43,2,15,1,0,47,34300,0
10844,Operations,Bachelor,Male,Referred,2,46,4,14,1,0,76,116920,1
10845,Sales,PhD,Female,Referred,4,22,4,4,0,0,76,156135,0
10846,Technology,Bachelor,Female,Sourcing,1,47,1,6,1,0,96,124828,1
10847,HR,Bachelor,Female,Referred,4,42,2,7,0,0,53,83228,0
10848,Operations,Master,Male,Sourcing,5,45,3,13,0,0,44,141379,0
10849,Technology,Bachelor,Male,Sourcing,4,37,3,17,1,0,48,79760,1
10850,Technology,Bachelor,Female,Referred,5,53,5,17,0,0,61,177920,1
10851,HR,Bachelor,Female,Other,4,37,3,4,1,0,98,88371,1
10852,Marketing,High School,Male,Sourcing,3,34,5,19,0,0,82,57175,1
10853,Sales,PhD,Female,Other,4,53,3,13,0,0,88,90300,0
10854,Finance,PhD,Male,Referred,1,45,5,9,1,0,98,86709,1
10855,Sales,Bachelor,Male,Sourcing,1,34,4,2,1,0,83,144928,1
10856,Sales,Master,Male,Other,4,32,4,18,0,0,83,166806,0
10857,HR,Bachelor,Female,Sourcing,4,36,2,17,0,0,95,147544,0
10858,Technology,Bachelor,Female,Other,2,31,3,7,0,0,87,135532,0
10859,Technology,Bachelor,Male,Other,4,24,2,17,0,0,69,110957,0
10860,HR,Bachelor,Female,Sourcing,1,37,3,10,1,0,72,146449,1
10861,Marketing,Bachelor,Female,Sourcing,3,38,3,14,0,0,89,175148,1
10862,Technology,Bachelor,Male,Sourcing,1,46,4,12,0,0,77,166643,1
10863,Technology,Bachelor,Male,Sourcing,2,51,1,12,0,1,76,104910,1
10864,Technology,Bachelor,Female,Sourcing,4,56,3,17,0,0,89,163012,1
10865,Technology,Master,Male,Sourcing,3,58,3,19,0,0,84,147610,0
10866,Technology,Bachelor,Female,Referred,1,34,1,14,0,0,77,63180,1
10867,Sales,Master,Male,Sourcing,3,45,3,17,0,0,46,37606,0
10868,Sales,Bachelor,Male,Other,5,59,4,15,0,0,42,141929,0
10869,Finance,Master,Female,Other,1,47,1,6,0,0,82,80255,0
10870,Operations,Bachelor,Female,Sourcing,5,30,4,19,0,0,79,41400,0
10871,Technology,Bachelor,Female,Other,3,40,3,6,0,0,71,76804,0
10872,Sales,Bachelor,Female,Sourcing,4,49,4,6,0,0,75,35569,0
10873,Technology,Master,Female,Sourcing,4,28,2,4,0,0,81,105137,0
10874,Technology,Master,Male,Referred,4,43,4,1,0,1,80,120276,1
10875,HR,Bachelor,Male,Sourcing,5,51,1,19,0,0,94,116724,0
10876,Sales,Bachelor,Female,Referred,4,58,3,11,1,1,84,110173,1
10877,Marketing,PhD,Male,Other,2,37,2,7,0,0,58,174133,0
10878,Marketing,Master,Female,Other,1,57,5,2,0,0,70,79147,0
10879,HR,Bachelor,Male,Referred,1,26,4,4,0,0,69,47455,0
10880,Sales,Bachelor,Male,Other,3,50,1,6,1,0,86,167863,1
10881,Sales,Bachelor,Female,Sourcing,5,44,1,5,1,0,76,98090,1
10882,Marketing,Master,Female,Sourcing,1,27,3,9,1,0,64,169340,1
10883,HR,Bachelor,Female,Other,5,57,2,11,1,0,52,40946,1
10884,Sales,High School,Male,Sourcing,3,54,3,18,0,0,51,140659,0
10885,Marketing,Bachelor,Female,Sourcing,4,37,4,17,1,0,48,164055,1
10886,Sales,Bachelor,Female,Sourcing,3,55,5,13,0,0,95,171368,1
10887,Marketing,Bachelor,Female,Referred,2,47,5,17,0,0,79,129530,1
10888,Sales,High School,Female,Sourcing,4,58,4,10,0,0,48,33154,0
10889,HR,Master,Female,Referred,4,34,1,18,0,0,92,94105,1
10890,Sales,Bachelor,Female,Sourcing,4,38,3,17,1,0,84,64042,1
10891,Marketing,Master,Male,Sourcing,3,53,3,12,0,0,66,114309,0
10892,Finance,Bachelor,Male,Sourcing,2,53,3,15,0,0,80,108262,0
10893,Finance,Bachelor,Male,Sourcing,5,49,3,19,1,0,70,36557,1
10894,Technology,Bachelor,Male,Other,3,50,5,15,0,0,45,56756,0
10895,Marketing,Bachelor,Female,Sourcing,1,46,5,13,1,0,68,42132,1
10896,Sales,Bachelor,Female,Sourcing,1,43,2,7,1,0,69,56143,1
10897,Sales,High School,Male,Referred,3,48,3,11,0,0,77,125841,1
10898,Finance,Bachelor,Male,Sourcing,5,59,4,8,0,0,50,81306,0
10899,HR,High School,Male,Sourcing,1,41,4,16,0,0,81,165233,1
10900,HR,Bachelor,Female,Sourcing,5,45,3,11,1,0,85,143350,1
10901,Sales,Master,Female,Other,4,29,4,5,0,0,99,126487,1
10902,HR,Bachelor,Female,Referred,3,35,4,7,0,0,45,168402,0
10903,Sales,Bachelor,Male,Sourcing,4,35,3,16,0,0,78,68128,0
10904,Technology,Bachelor,Male,Sourcing,1,26,2,16,0,0,80,113955,0
10905,Technology,Bachelor,Male,Sourcing,5,42,5,17,0,0,70,63157,1
10906,Finance,Master,Male,Sourcing,4,36,4,19,1,0,74,51525,1
10907,Finance,Bachelor,Male,Referred,1,57,2,15,1,0,51,41756,1
10908,Sales,Master,Female,Other,2,54,4,15,1,0,87,117723,1
10909,Sales,Bachelor,Female,Sourcing,4,38,4,15,0,0,84,99613,1
10910,Technology,Bachelor,Female,Other,2,41,5,3,0,0,45,40760,0
10911,Technology,Bachelor,Female,Sourcing,2,22,2,12,0,0,84,54937,0
10912,Sales,High School,Female,Sourcing,1,37,5,6,0,0,65,103786,0
10913,Technology,Master,Male,Sourcing,3,39,2,5,0,0,76,88468,0
10914,Technology,Bachelor,Female,Sourcing,5,31,3,11,1,0,71,36941,1
10915,Technology,Bachelor,Male,Other,1,44,4,12,0,0,43,132885,0
10916,Technology,Bachelor,Female,Sourcing,4,39,3,7,0,0,79,142427,1
10917,Sales,High School,Male,Sourcing,5,30,3,9,0,0,42,49120,0
10918,Operations,Master,Male,Other,3,51,5,18,0,0,41,63807,0
10919,Marketing,Bachelor,Male,Other,1,34,3,14,0,0,59,135969,0
10920,Sales,Bachelor,Male,Other,3,52,3,4,0,0,58,38312,0
10921,Finance,Bachelor,Male,Other,4,34,2,8,0,0,78,33813,0
10922,Technology,High School,Male,Sourcing,1,53,1,16,0,0,51,52857,0
10923,Finance,Bachelor,Female,Other,4,38,2,4,0,0,75,118147,0
10924,Marketing,Master,Male,Referred,5,24,5,19,1,0,81,176612,1
10925,Technology,Bachelor,Male,Other,5,22,4,6,0,0,67,137240,0
10926,HR,Master,Female,Other,3,26,5,19,0,0,48,100017,0
10927,Sales,Master,Male,Sourcing,3,53,1,15,0,0,83,142962,0
10928,Technology,Master,Female,Other,5,46,4,12,0,0,50,176985,0
10929,Technology,Master,Female,Sourcing,2,26,1,12,0,0,92,124066,0
10930,Sales,PhD,Male,Sourcing,5,58,4,2,0,0,69,70635,0
10931,Sales,Bachelor,Male,Sourcing,1,44,3,9,1,0,90,45859,1
10932,Finance,Bachelor,Female,Other,4,33,1,3,1,0,41,64543,0
10933,Operations,Bachelor,Male,Sourcing,5,55,3,1,1,0,77,31908,1
10934,Technology,High School,Female,Referred,5,44,3,14,0,0,77,127085,0
10935,Sales,Bachelor,Male,Sourcing,4,37,4,13,1,0,72,155535,1
10936,Sales,Master,Female,Other,4,26,4,5,1,0,46,79739,1
10937,HR,Master,Male,Sourcing,1,49,4,7,1,0,83,101681,1
10938,Operations,Bachelor,Male,Other,4,27,5,14,0,0,60,89374,0
10939,Sales,Bachelor,Female,Other,3,34,3,16,1,0,94,79534,1
10940,Technology,Bachelor,Female,Sourcing,5,51,3,18,1,0,51,71649,1
10941,Sales,Bachelor,Female,Sourcing,4,47,4,14,0,0,91,35231,1
10942,Technology,Bachelor,Female,Other,1,38,3,1,0,0,60,101540,0
10943,Marketing,Bachelor,Male,Other,4,30,1,6,1,0,62,103931,1
10944,Finance,PhD,Female,Other,5,37,4,10,0,0,45,140577,0
10945,Sales,High School,Female,Sourcing,2,39,1,6,0,0,53,142365,0
10946,HR,Bachelor,Male,Other,4,34,2,2,0,0,71,165193,0
10947,Sales,Bachelor,Male,Sourcing,3,50,2,7,0,0,88,97412,0
10948,Operations,Bachelor,Female,Referred,5,45,1,17,1,0,88,162662,1
10949,Finance,Master,Male,Other,1,34,1,14,0,0,89,91713,0
10950,Technology,Master,Female,Sourcing,5,46,1,7,1,0,84,60487,1
10951,Technology,Bachelor,Male,Other,2,22,3,9,1,0,52,32064,1
10952,Marketing,Bachelor,Female,Referred,1,30,3,19,0,0,66,72447,0
10953,Sales,Master,Male,Other,2,25,2,11,0,0,50,163417,0
10954,Operations,Master,Female,Sourcing,2,49,4,3,1,0,71,130944,1
10955,Technology,Bachelor,Female,Sourcing,3,33,2,4,1,0,42,127675,0
10956,Technology,Master,Male,Other,4,45,1,5,0,0,88,63818,0
10957,Technology,Bachelor,Male,Sourcing,3,30,3,4,1,0,97,140774,1
10958,HR,Bachelor,Female,Sourcing,3,56,3,13,0,0,41,49971,0
10959,Sales,Master,Female,Other,3,59,3,9,0,0,69,151506,0
10960,Marketing,Master,Male,Sourcing,1,56,3,14,1,1,99,156283,1
10961,HR,Bachelor,Male,Other,4,54,4,16,0,0,41,167455,0
10962,Technology,High School,Male,Sourcing,4,56,3,6,1,0,78,44847,1
10963,Sales,Bachelor,Male,Sourcing,1,41,5,10,0,0,98,143953,1
10964,Technology,Master,Male,Other,3,23,3,13,1,0,68,34899,1
10965,Sales,Bachelor,Male,Referred,3,47,3,3,0,0,99,71530,0
10966,Technology,PhD,Male,Referred,2,34,2,11,0,0,61,59954,0
10967,Marketing,High School,Male,Referred,2,51,4,3,0,0,64,49723,0
10968,Sales,Bachelor,Male,Other,5,53,2,7,0,0,81,99744,0
10969,Technology,High School,Female,Sourcing,2,57,3,10,1,0,85,93381,1
10970,Technology,Master,Male,Sourcing,4,40,3,1,0,0,92,82625,0
10971,Marketing,Master,Male,Sourcing,1,43,4,4,0,0,58,60955,0
10972,Operations,Bachelor,Female,Referred,3,22,5,8,1,0,88,166197,1
10973,Marketing,Master,Female,Sourcing,5,32,5,17,0,0,55,86920,0
10974,Sales,PhD,Female,Sourcing,2,47,2,5,0,0,56,104574,0
10975,HR,Bachelor,Female,Sourcing,5,40,3,17,1,0,89,68963,1
10976,Sales,High School,Female,Sourcing,1,40,4,9,0,0,66,72871,0
10977,Technology,Bachelor,Female,Sourcing,1,33,3,8,0,0,82,46683,0
10978,HR,Bachelor,Male,Referred,5,24,3,7,0,0,58,34958,0
10979,Technology,Bachelor,Female,Sourcing,5,39,4,5,0,0,82,145773,1
10980,Technology,Bachelor,Female,Other,5,26,3,4,1,0,81,62851,1
10981,Sales,Master,Female,Referred,3,45,5,3,0,0,69,103451,0
10982,Marketing,Bachelor,Male,Sourcing,4,35,3,8,0,0,53,148744,0
10983,Sales,High School,Female,Referred,2,59,3,5,0,0,85,62585,0
10984,HR,Bachelor,Male,Sourcing,2,24,3,5,0,0,81,146380,0
10985,Marketing,Bachelor,Female,Other,2,27,4,17,0,0,71,140070,0
10986,Technology,Bachelor,Female,Other,5,33,3,15,1,0,92,174378,1
10987,Marketing,Bachelor,Male,Referred,5,32,3,8,0,0,62,116905,0
10988,Technology,High School,Male,Referred,5,47,5,7,0,0,75,76714,1
10989,Sales,Master,Female,Sourcing,3,22,3,17,1,0,49,133314,1
10990,Finance,Master,Male,Sourcing,3,37,3,12,0,0,98,149286,0
10991,Marketing,Bachelor,Male,Other,3,30,4,4,0,0,77,99406,0
10992,Marketing,Bachelor,Female,Sourcing,3,26,4,18,1,0,93,108517,1
10993,Sales,Bachelor,Female,Sourcing,1,29,1,4,0,0,68,97261,0
10994,Technology,Bachelor,Female,Sourcing,3,42,3,10,1,0,50,163882,1
10995,Technology,Bachelor,Male,Other,3,54,4,3,1,0,89,126570,1
10996,HR,Master,Female,Sourcing,3,41,3,5,0,0,77,133865,0
10997,Operations,Bachelor,Female,Other,2,43,4,12,0,0,92,97830,0
10998,Sales,Master,Male,Sourcing,2,34,3,5,1,0,54,106040,0
10999,Operations,Bachelor,Male,Sourcing,2,32,5,5,0,0,71,71384,1
11000,Technology,Bachelor,Female,Other,4,39,3,4,0,0,66,133194,0
11001,Sales,Master,Male,Sourcing,1,51,1,6,1,0,77,166249,1
11002,Technology,Bachelor,Female,Referred,5,54,3,10,0,0,91,81523,1
11003,Finance,PhD,Male,Sourcing,3,24,3,6,0,0,40,133922,0
11004,Marketing,Master,Female,Sourcing,2,22,3,1,1,0,80,87405,1
11005,Finance,Bachelor,Male,Sourcing,1,57,2,16,0,0,53,77696,0
11006,Marketing,High School,Male,Other,3,27,4,11,1,0,42,149746,1
11007,Marketing,Bachelor,Male,Referred,4,58,3,6,0,0,69,97320,0
11008,Finance,Bachelor,Male,Other,5,50,3,18,1,0,70,32916,1
11009,Sales,Master,Female,Sourcing,3,32,4,6,0,0,40,128818,0
11010,Technology,Bachelor,Male,Referred,5,34,4,17,0,1,85,124955,1
11011,Sales,Master,Female,Sourcing,3,32,3,12,0,0,53,85346,0
11012,Operations,Master,Male,Other,4,59,3,17,0,0,75,40831,0
11013,Operations,High School,Male,Other,1,46,3,18,1,0,85,60136,1
11014,HR,Bachelor,Female,Other,5,36,5,10,0,0,94,160860,1
11015,Marketing,Bachelor,Male,Sourcing,5,34,5,12,1,0,75,68304,1
11016,Operations,Master,Male,Referred,1,54,3,4,0,0,82,106701,0
11017,Sales,Bachelor,Female,Sourcing,5,34,1,10,1,0,91,43546,1
11018,Technology,Bachelor,Male,Other,2,59,2,5,0,0,80,121609,0
11019,Operations,Bachelor,Female,Sourcing,1,45,3,4,0,0,82,68286,0
11020,HR,Bachelor,Male,Sourcing,4,41,3,16,0,0,54,125071,0
11021,Marketing,Bachelor,Male,Sourcing,3,38,4,5,1,0,77,84882,1
11022,Sales,PhD,Male,Sourcing,3,45,3,19,0,0,64,158459,0
11023,Operations,PhD,Female,Sourcing,1,47,4,6,0,0,83,64699,0
11024,Operations,Bachelor,Male,Other,2,53,5,7,0,0,99,149040,1
11025,Operations,Bachelor,Male,Referred,4,50,4,10,0,0,84,61434,0
11026,Technology,Bachelor,Male,Other,3,35,2,7,1,0,89,63206,1
11027,Finance,PhD,Male,Other,3,58,3,14,0,0,94,138718,1
11028,Finance,Bachelor,Male,Sourcing,2,43,3,10,0,0,94,149002,1
11029,Sales,Master,Male,Referred,5,55,5,11,1,0,53,59851,1
11030,Finance,Bachelor,Male,Sourcing,1,48,3,14,1,0,63,91496,0
11031,HR,Master,Male,Other,2,49,3,12,0,0,97,158510,1
11032,Technology,Bachelor,Male,Sourcing,2,43,3,4,1,0,82,136478,1
11033,Sales,Master,Female,Sourcing,2,24,3,13,0,0,96,80141,1
11034,Sales,Bachelor,Male,Sourcing,2,43,4,3,1,0,95,58643,1
11035,HR,Master,Female,Sourcing,5,42,1,13,0,0,41,176722,0
11036,Marketing,Bachelor,Female,Sourcing,4,37,3,19,0,1,90,159947,1
11037,Sales,Master,Female,Sourcing,2,30,2,15,1,0,99,95837,1
11038,Marketing,PhD,Male,Other,2,34,3,19,0,0,73,179519,0
11039,HR,Bachelor,Female,Other,1,31,4,4,0,0,88,96894,1
11040,Sales,PhD,Female,Sourcing,3,42,2,6,1,0,62,159840,1
11041,Technology,Bachelor,Female,Sourcing,5,28,3,15,0,0,47,87283,0
11042,Marketing,Bachelor,Male,Other,2,43,4,4,0,0,44,142021,0
11043,Sales,Bachelor,Female,Sourcing,4,39,4,6,0,0,97,178501,1
11044,Technology,Bachelor,Male,Other,4,42,1,2,1,0,68,135065,1
11045,Finance,Master,Female,Sourcing,4,35,3,4,1,0,82,132518,1
11046,Technology,Master,Female,Referred,1,31,2,18,0,0,96,154431,0
11047,Sales,Bachelor,Male,Referred,4,54,3,15,0,0,91,90599,0
11048,HR,Bachelor,Male,Referred,1,30,3,12,0,0,72,56114,0
11049,Finance,Master,Female,Other,5,39,2,8,1,0,59,72475,1
11050,HR,High School,Female,Sourcing,4,34,5,12,0,1,55,165673,1
11051,Finance,Bachelor,Female,Sourcing,3,38,2,9,0,0,76,113698,0
11052,Technology,High School,Male,Referred,2,44,4,7,0,0,98,104164,0
11053,Operations,Bachelor,Male,Other,5,46,4,8,0,0,99,148886,1
11054,Marketing,Bachelor,Female,Sourcing,3,37,5,10,0,0,87,84932,1
11055,Operations,Master,Female,Other,5,45,3,11,0,0,95,125278,1
11056,Technology,Bachelor,Male,Sourcing,4,52,5,2,0,0,76,175313,1
11057,Marketing,Bachelor,Male,Sourcing,5,32,5,4,0,0,99,134614,1
11058,Technology,Bachelor,Female,Other,5,44,2,9,0,0,81,164369,0
11059,Technology,Master,Male,Sourcing,5,43,3,8,0,0,80,107047,0
11060,Technology,Master,Female,Referred,1,54,1,5,0,0,93,90920,0
11061,Finance,Bachelor,Male,Sourcing,3,39,3,14,1,0,63,37089,1
11062,Operations,Bachelor,Female,Sourcing,4,35,3,2,0,0,90,52880,1
11063,Marketing,Bachelor,Female,Referred,2,49,2,17,0,0,68,78271,0
11064,Technology,Bachelor,Female,Referred,4,32,4,8,1,0,74,118833,1
11065,Technology,Bachelor,Male,Sourcing,4,45,1,2,0,0,48,69233,0
11066,Marketing,Master,Female,Sourcing,1,57,4,15,0,0,61,95431,0
11067,Sales,Bachelor,Female,Sourcing,1,40,1,2,1,0,59,103285,1
11068,Sales,Bachelor,Male,Sourcing,5,34,4,11,0,0,79,131287,0
11069,Technology,Bachelor,Female,Other,4,54,1,14,1,1,43,85480,1
11070,Sales,Bachelor,Female,Other,3,40,3,10,0,0,82,41312,0
11071,Sales,High School,Female,Sourcing,1,53,4,7,0,0,75,128245,0
11072,Sales,Bachelor,Male,Sourcing,1,36,3,14,0,0,51,37173,0
11073,HR,Bachelor,Male,Other,3,32,3,13,0,0,62,177489,0
11074,HR,Bachelor,Male,Referred,1,44,5,2,0,0,78,126314,1
11075,Operations,Bachelor,Male,Referred,3,26,1,10,0,0,99,84338,1
11076,Technology,Bachelor,Female,Other,2,43,4,1,0,0,47,119896,0
11077,Technology,Bachelor,Male,Sourcing,3,39,1,1,0,0,49,69314,0
11078,Marketing,Bachelor,Male,Sourcing,2,28,2,3,1,0,62,56655,1
11079,Sales,Bachelor,Male,Other,5,54,2,11,1,0,68,128313,1
11080,Operations,Bachelor,Female,Referred,5,24,5,19,1,0,95,162799,1
11081,Marketing,Bachelor,Female,Sourcing,1,49,2,9,0,0,84,152230,0
11082,HR,High School,Female,Sourcing,3,22,5,13,0,0,71,147466,0
11083,Technology,Bachelor,Male,Sourcing,1,58,5,4,0,0,95,156300,1
11084,Finance,Bachelor,Female,Other,3,43,3,6,0,0,53,135036,0
11085,Operations,Bachelor,Female,Sourcing,1,40,3,2,1,0,55,139723,1
11086,Technology,Bachelor,Male,Sourcing,5,35,4,9,1,0,78,164170,1
11087,Technology,Master,Female,Other,5,24,3,18,1,0,87,165116,1
11088,Sales,Bachelor,Male,Sourcing,1,40,2,4,0,0,56,151742,0
11089,Operations,Master,Male,Sourcing,3,54,3,1,1,0,59,174669,1
11090,Sales,Bachelor,Female,Sourcing,4,42,4,1,0,0,90,107305,1
11091,Operations,Bachelor,Male,Sourcing,3,22,4,17,0,0,51,163413,0
11092,Technology,Master,Male,Sourcing,1,47,2,19,0,0,48,100075,0
11093,Technology,Bachelor,Male,Other,3,31,2,3,0,0,99,98678,0
11094,Technology,Bachelor,Male,Other,2,56,5,17,1,0,97,81362,1
11095,Sales,Bachelor,Male,Sourcing,3,34,1,3,0,0,47,106363,0
11096,Sales,Master,Male,Sourcing,5,27,4,4,0,0,80,102810,0
11097,Sales,Bachelor,Female,Referred,5,27,1,13,0,0,76,130331,0
11098,Sales,PhD,Male,Sourcing,2,56,4,15,0,0,60,110564,0
11099,Marketing,Bachelor,Male,Sourcing,3,37,5,12,1,0,81,101153,1
11100,Technology,PhD,Male,Other,4,29,3,3,1,0,71,80773,1
11101,HR,Bachelor,Male,Sourcing,3,24,1,8,1,0,76,67339,1
11102,Operations,Master,Female,Sourcing,5,26,3,1,0,0,85,111348,0
11103,Finance,Bachelor,Female,Sourcing,5,42,3,18,0,0,57,49395,0
11104,Operations,High School,Male,Sourcing,1,52,3,13,1,0,68,86804,1
11105,Operations,Bachelor,Female,Sourcing,5,35,4,7,1,0,46,145302,1
11106,Sales,Bachelor,Male,Sourcing,1,58,2,13,0,0,79,132384,0
11107,Technology,Bachelor,Male,Sourcing,5,40,3,17,1,0,76,77027,1
11108,Marketing,Bachelor,Male,Referred,5,58,4,13,0,0,95,75477,1
11109,Marketing,Bachelor,Male,Sourcing,4,41,3,13,1,0,45,54087,0
11110,Sales,High School,Female,Sourcing,1,23,3,11,0,0,59,82374,0
11111,Finance,High School,Female,Referred,1,28,4,14,1,0,94,62558,1
11112,Sales,Bachelor,Male,Other,5,54,4,10,0,0,95,144054,1
11113,Sales,High School,Male,Sourcing,1,27,3,8,0,0,48,71975,0
11114,Technology,Bachelor,Female,Sourcing,5,28,2,6,0,0,92,120118,1
11115,Technology,Bachelor,Female,Sourcing,5,39,1,19,0,0,48,54067,0
11116,Technology,Master,Male,Other,3,50,4,19,0,0,47,70698,0
11117,HR,Master,Female,Sourcing,1,40,4,12,1,0,56,33765,1
11118,Finance,High School,Male,Sourcing,2,46,4,7,0,0,63,174379,0
11119,Sales,Bachelor,Female,Sourcing,1,25,1,18,1,0,79,58775,1
11120,Sales,Master,Female,Sourcing,1,34,3,18,0,0,62,147199,1
11121,Finance,Bachelor,Female,Sourcing,4,53,4,3,0,0,72,148323,1
11122,Operations,Bachelor,Female,Sourcing,2,48,3,9,0,0,61,49279,1
11123,Finance,Bachelor,Male,Other,2,55,2,6,0,0,89,76639,0
11124,Finance,High School,Male,Referred,4,49,3,1,1,0,86,93838,1
11125,Marketing,Master,Female,Sourcing,4,30,4,10,1,0,61,123912,1
11126,Technology,Master,Male,Sourcing,1,29,1,8,1,0,66,66673,1
11127,HR,Bachelor,Female,Sourcing,3,42,3,17,0,0,87,106141,0
11128,Technology,Bachelor,Female,Sourcing,4,51,3,3,0,0,41,73250,0
11129,Technology,Bachelor,Male,Other,2,50,3,3,1,0,70,173579,1
11130,Sales,Bachelor,Male,Other,2,30,4,3,0,0,52,125439,0
11131,Marketing,Bachelor,Male,Sourcing,1,34,3,7,1,0,41,177070,1
11132,Technology,Master,Female,Sourcing,3,39,2,11,0,0,85,127461,0
11133,HR,Bachelor,Male,Sourcing,5,59,2,18,0,0,46,171155,0
11134,Sales,Bachelor,Male,Referred,4,43,3,5,1,0,50,36572,1
11135,Marketing,Bachelor,Male,Referred,4,52,1,2,1,0,86,168023,1
11136,HR,Bachelor,Male,Other,1,56,3,14,0,0,65,116050,0
11137,Finance,Bachelor,Female,Other,3,31,4,1,0,0,88,33863,0
11138,Technology,High School,Female,Sourcing,2,30,2,4,1,0,60,158202,0
11139,Technology,Master,Female,Referred,2,52,3,14,0,0,88,48284,0
11140,Technology,Master,Female,Referred,5,45,3,15,0,0,54,100039,0
11141,Finance,Bachelor,Female,Referred,2,29,3,17,0,0,55,92812,0
11142,Sales,Bachelor,Female,Sourcing,4,41,3,3,0,0,48,99635,0
11143,Marketing,Bachelor,Female,Referred,5,38,5,4,1,0,60,50840,1
11144,Technology,PhD,Male,Referred,3,49,3,18,1,0,92,49421,1
11145,Sales,Master,Female,Referred,5,27,3,1,0,0,91,144327,0
11146,Finance,Bachelor,Female,Referred,3,54,1,5,0,0,90,51861,0
11147,Marketing,Bachelor,Female,Other,2,49,1,18,0,0,95,117667,0
11148,Marketing,Bachelor,Female,Referred,1,22,1,13,0,0,94,162961,0
11149,Finance,Master,Male,Referred,5,56,4,14,0,0,80,127315,1
11150,Finance,High School,Female,Referred,5,45,3,3,0,0,45,48766,0
11151,Marketing,Bachelor,Female,Sourcing,4,27,2,6,0,0,40,114252,0
11152,Finance,Bachelor,Male,Sourcing,4,28,4,11,0,0,70,66163,0
11153,Marketing,Bachelor,Female,Sourcing,3,30,2,9,1,0,44,54014,1
11154,Marketing,Bachelor,Female,Referred,1,58,2,19,1,0,76,177850,1
11155,Technology,Bachelor,Female,Referred,4,37,3,7,0,0,94,145760,0
11156,Marketing,Bachelor,Female,Other,4,55,3,10,0,0,65,70248,0
11157,Sales,Master,Female,Sourcing,2,56,3,7,0,0,40,130706,0
11158,Finance,Master,Female,Sourcing,2,56,3,5,1,0,40,114022,0
11159,Finance,Bachelor,Female,Sourcing,4,41,3,4,1,0,68,157817,1
11160,HR,Master,Male,Sourcing,3,44,5,17,1,0,61,59548,1
11161,Finance,Bachelor,Male,Other,1,56,5,5,0,0,77,86216,1
11162,Sales,Bachelor,Female,Sourcing,4,44,4,17,0,0,80,55490,0
11163,Sales,Bachelor,Male,Referred,3,25,5,17,1,0,58,88455,1
11164,Marketing,Bachelor,Female,Referred,3,31,3,17,1,0,67,75959,1
11165,Sales,Bachelor,Male,Sourcing,4,32,3,1,1,0,44,148611,0
11166,Finance,Bachelor,Female,Other,3,30,3,2,0,0,60,179773,0
11167,Finance,Bachelor,Male,Sourcing,5,33,4,19,0,0,88,101527,1
11168,Technology,High School,Female,Sourcing,3,38,3,9,0,0,61,63733,0
11169,HR,Bachelor,Male,Other,4,53,2,15,1,0,59,48616,1
11170,Sales,Bachelor,Male,Other,3,44,4,19,1,0,51,136860,1
11171,Technology,Bachelor,Female,Sourcing,4,36,4,5,0,0,45,66381,0
11172,Operations,Master,Female,Sourcing,2,49,4,13,1,0,68,43007,1
11173,Technology,Bachelor,Male,Sourcing,4,59,2,4,0,0,84,96567,0
11174,Sales,Master,Male,Sourcing,3,26,3,13,0,0,95,164939,1
11175,Technology,Bachelor,Female,Other,4,39,3,6,0,0,79,168653,1
11176,Technology,Bachelor,Male,Referred,1,42,3,12,0,0,74,98739,0
11177,Marketing,Bachelor,Female,Sourcing,4,36,2,9,0,0,96,133305,0
11178,Sales,Bachelor,Male,Other,4,24,3,15,0,0,50,56065,0
11179,Marketing,Bachelor,Male,Sourcing,1,47,2,15,1,0,91,43740,1
11180,Technology,Bachelor,Female,Sourcing,1,36,3,17,0,0,72,85370,0
11181,Operations,Bachelor,Female,Other,1,41,4,5,1,0,64,174483,1
11182,Sales,Bachelor,Female,Other,5,42,5,5,0,0,53,34839,1
11183,Technology,Bachelor,Male,Other,4,47,1,5,1,0,68,167451,1
11184,Operations,High School,Male,Referred,1,44,3,14,1,0,92,116903,1
11185,Sales,Bachelor,Male,Other,1,46,1,2,0,0,95,88621,0
11186,Operations,Master,Female,Sourcing,2,25,1,9,0,0,52,83576,0
11187,Marketing,Master,Male,Referred,5,31,4,14,0,0,54,176243,0
11188,HR,Bachelor,Male,Other,4,43,4,15,0,0,94,90714,1
11189,Sales,Bachelor,Female,Sourcing,3,24,4,4,0,0,92,166999,0
11190,Marketing,Bachelor,Male,Other,5,40,3,6,0,0,47,148430,0
11191,HR,Master,Male,Sourcing,5,52,5,14,1,0,86,115030,1
11192,Technology,Master,Female,Sourcing,2,30,2,5,0,1,84,79860,1
11193,Sales,Master,Female,Other,4,50,2,11,0,0,72,83580,0
11194,Technology,High School,Female,Sourcing,4,58,2,14,0,0,50,168642,0
11195,HR,Master,Female,Referred,1,28,4,7,0,0,91,81964,1
11196,Finance,Bachelor,Female,Sourcing,1,59,2,14,1,0,54,85271,1
11197,Operations,Bachelor,Female,Other,5,45,2,13,0,0,60,72694,0
11198,Operations,Master,Female,Sourcing,2,29,3,18,1,0,75,30251,1
11199,Marketing,Bachelor,Female,Sourcing,4,55,1,2,0,0,45,130309,0
11200,Sales,Bachelor,Female,Sourcing,2,47,1,9,0,0,64,77493,0
11201,Marketing,Master,Male,Other,3,49,2,11,0,0,83,115233,0
11202,HR,Bachelor,Female,Other,4,49,1,11,0,0,40,96812,0
11203,HR,High School,Female,Other,1,28,4,6,1,0,81,137523,1
11204,Sales,Master,Male,Sourcing,5,24,3,1,1,0,98,154276,1
11205,Technology,Bachelor,Female,Sourcing,2,43,2,5,0,0,89,64216,0
11206,Marketing,High School,Male,Sourcing,1,59,2,14,1,0,72,101535,1
11207,Marketing,Bachelor,Male,Referred,5,39,4,16,0,0,78,154196,0
11208,Technology,Bachelor,Female,Sourcing,1,33,3,9,0,0,71,38961,0
11209,Sales,Bachelor,Male,Other,4,52,4,19,0,0,41,106034,0
11210,Operations,Bachelor,Female,Other,2,26,3,8,1,0,64,102276,1
11211,Technology,Bachelor,Female,Sourcing,3,50,2,8,0,0,79,69206,0
11212,Technology,Bachelor,Male,Sourcing,1,57,5,16,0,0,97,72316,1
11213,Sales,Bachelor,Male,Other,2,35,3,18,0,0,72,147871,0
11214,Marketing,Bachelor,Male,Sourcing,4,39,2,8,1,0,90,171517,1
11215,Marketing,Master,Female,Sourcing,1,28,3,9,0,0,77,81421,0
11216,Sales,Master,Female,Sourcing,4,44,3,5,0,0,50,68157,0
11217,HR,Bachelor,Male,Referred,3,54,2,2,1,0,58,105482,1
11218,Marketing,Bachelor,Female,Other,3,37,5,14,1,0,64,34617,1
11219,Marketing,Bachelor,Female,Sourcing,5,58,5,18,1,0,67,58376,1
11220,Sales,Bachelor,Male,Sourcing,5,46,2,13,1,0,49,154024,1
11221,Operations,Master,Male,Sourcing,5,30,3,12,1,0,70,152165,1
11222,Sales,Master,Male,Other,4,49,4,15,0,0,55,175047,0
11223,Technology,Bachelor,Male,Sourcing,5,30,2,15,0,0,87,163424,0
11224,Operations,Bachelor,Male,Sourcing,2,33,3,1,0,0,81,111321,0
11225,Technology,Bachelor,Male,Other,4,39,4,7,1,0,57,150266,1
11226,Technology,Master,Male,Other,4,48,4,13,1,0,61,110073,1
11227,Technology,Bachelor,Male,Other,5,47,4,18,0,0,89,160708,0
11228,Sales,High School,Male,Other,5,47,4,1,0,0,74,38802,0
11229,Operations,Master,Male,Sourcing,4,31,5,11,1,0,51,70325,1
11230,Technology,Bachelor,Female,Sourcing,3,38,3,13,0,0,81,116149,1
11231,Finance,Bachelor,Female,Sourcing,3,53,5,9,0,0,67,75883,0
11232,Sales,High School,Male,Sourcing,5,45,1,16,0,1,87,78656,1
11233,Sales,Bachelor,Female,Other,3,29,3,11,0,0,96,55008,1
11234,HR,Bachelor,Female,Other,2,51,1,3,1,0,48,36530,1
11235,Marketing,Bachelor,Female,Other,2,47,4,17,1,0,69,131741,1
11236,Technology,Master,Female,Sourcing,2,45,2,2,1,0,57,82257,0
11237,Finance,Master,Female,Other,4,48,4,9,0,0,84,61163,0
11238,Technology,Master,Female,Other,4,36,3,9,1,0,63,30890,1
11239,Operations,PhD,Male,Sourcing,4,49,1,16,0,0,85,58282,0
11240,Sales,PhD,Male,Other,4,32,4,1,0,0,58,99457,0
11241,Finance,High School,Female,Sourcing,4,23,5,17,0,0,53,137835,1
11242,Marketing,Bachelor,Female,Sourcing,5,30,4,10,1,0,41,60891,0
11243,Marketing,Bachelor,Male,Referred,3,44,1,5,1,0,50,108222,0
11244,Finance,Master,Female,Referred,5,54,5,8,0,0,65,82012,0
11245,Marketing,Master,Female,Sourcing,3,40,4,13,1,0,47,94870,1
11246,Technology,Master,Female,Sourcing,5,34,3,5,0,0,42,151083,0
11247,Sales,Bachelor,Female,Other,2,35,3,4,1,0,54,124970,1
11248,HR,Master,Female,Referred,1,53,3,8,1,0,84,64850,1
11249,Operations,Master,Male,Other,4,43,5,7,1,0,79,152471,1
11250,Technology,Bachelor,Male,Sourcing,1,41,3,5,1,0,52,84181,0
11251,Marketing,Bachelor,Female,Sourcing,1,54,2,10,0,0,55,41949,0
11252,Technology,Bachelor,Male,Sourcing,2,26,5,17,1,0,61,119320,1
11253,Sales,Bachelor,Female,Sourcing,1,41,1,6,0,0,72,143267,0
11254,Sales,Bachelor,Female,Sourcing,1,35,5,10,0,0,41,146812,0
11255,Marketing,Bachelor,Female,Sourcing,2,48,3,16,0,0,84,118043,0
11256,Technology,Bachelor,Female,Referred,3,47,3,10,0,0,68,144740,0
11257,Sales,Master,Female,Sourcing,5,53,2,4,0,0,85,97270,0
11258,Technology,Master,Female,Other,1,51,5,2,1,1,73,164538,1
11259,HR,Master,Female,Sourcing,4,48,4,1,0,0,55,75650,0
11260,Technology,Bachelor,Female,Sourcing,2,47,5,3,0,0,53,129231,1
11261,Sales,Bachelor,Female,Sourcing,1,39,4,13,0,1,78,58592,1
11262,Marketing,PhD,Male,Sourcing,3,44,2,12,1,0,93,53448,1
11263,Sales,Bachelor,Female,Sourcing,3,45,3,1,0,1,85,72406,1
11264,Technology,High School,Male,Other,4,25,3,10,1,0,89,32699,1
11265,HR,Master,Male,Other,1,24,3,6,0,0,88,46251,1
11266,HR,Bachelor,Female,Sourcing,4,51,5,9,0,0,44,67748,0
11267,Technology,High School,Male,Sourcing,3,37,3,1,0,0,82,45633,1
11268,Technology,Bachelor,Female,Referred,3,28,4,12,1,0,57,101936,1
11269,Technology,Bachelor,Female,Other,5,43,5,5,0,1,87,124058,1
11270,Sales,Master,Female,Sourcing,3,52,2,1,0,0,65,142537,0
11271,Marketing,Bachelor,Female,Referred,2,34,5,2,0,0,49,170644,0
11272,Finance,High School,Male,Other,5,50,3,14,0,0,45,173202,0
11273,Marketing,Bachelor,Male,Other,4,49,4,2,0,0,53,92990,0
11274,HR,Bachelor,Female,Other,3,40,3,5,0,0,41,114699,0
11275,Technology,Bachelor,Male,Other,2,44,3,10,1,0,66,81690,1
11276,Sales,Master,Male,Other,5,29,1,6,1,1,48,169902,1
11277,Sales,Bachelor,Male,Sourcing,2,46,5,5,0,0,99,49069,1
11278,Operations,Bachelor,Female,Referred,5,59,4,2,0,0,52,34075,0
11279,Sales,Master,Male,Other,5,59,1,9,1,0,60,110069,1
11280,Technology,Bachelor,Male,Referred,5,56,5,10,1,0,94,158217,1
11281,Technology,Master,Male,Other,4,47,3,8,1,0,91,110988,1
11282,Marketing,Bachelor,Female,Sourcing,5,24,5,6,1,0,83,175423,1
11283,Technology,Master,Male,Sourcing,5,23,1,5,0,0,41,93477,0
11284,HR,Master,Male,Sourcing,2,26,3,18,0,0,42,54176,0
11285,Sales,Bachelor,Female,Sourcing,5,41,4,18,0,0,52,37980,1
11286,Technology,Bachelor,Male,Sourcing,4,33,2,2,0,0,60,100449,0
11287,HR,PhD,Female,Other,2,59,3,12,1,0,72,82027,1
11288,Technology,Bachelor,Female,Sourcing,5,37,3,8,1,0,99,99108,1
11289,HR,High School,Female,Other,2,58,2,4,1,0,59,56065,0
11290,HR,Bachelor,Female,Referred,4,59,3,4,0,0,75,36294,1
11291,Technology,Bachelor,Female,Sourcing,2,57,5,9,0,1,57,73582,1
11292,Sales,Bachelor,Female,Sourcing,4,50,3,9,1,0,64,131237,1
11293,Technology,High School,Male,Referred,3,56,2,12,0,0,84,42983,0
11294,Marketing,Bachelor,Female,Other,5,58,3,14,1,0,77,101892,1
11295,Finance,PhD,Male,Other,4,42,4,3,0,0,64,148081,0
11296,Sales,PhD,Male,Other,5,42,4,6,0,0,77,44245,1
11297,Sales,Bachelor,Female,Other,4,49,4,15,1,0,54,122955,1
11298,Sales,Bachelor,Male,Referred,1,27,1,19,1,0,89,69099,0
11299,Technology,Master,Male,Other,1,41,3,4,1,0,56,66411,1
11300,Marketing,Bachelor,Male,Other,1,57,4,1,1,0,85,75080,1
11301,HR,Master,Female,Other,4,34,5,9,0,0,75,157892,1
11302,Operations,Bachelor,Male,Sourcing,5,32,3,16,0,0,68,96873,0
11303,HR,Bachelor,Male,Other,1,45,1,9,0,0,72,72352,0
11304,Technology,Master,Female,Sourcing,5,40,3,12,0,0,71,163219,0
11305,Marketing,Bachelor,Male,Other,4,44,1,14,0,0,47,139202,0
11306,Finance,Bachelor,Male,Sourcing,5,52,4,15,0,0,82,118509,1
11307,Marketing,Bachelor,Male,Sourcing,5,58,1,16,1,0,52,72775,1
11308,Finance,Bachelor,Female,Sourcing,1,58,2,8,0,0,56,167970,0
11309,Sales,Bachelor,Male,Sourcing,2,24,3,10,0,0,60,146862,1
11310,Finance,Master,Male,Sourcing,3,55,3,14,0,0,53,66819,0
11311,HR,Bachelor,Female,Other,4,50,3,17,0,0,64,98928,0
11312,Finance,Bachelor,Female,Sourcing,4,24,3,3,0,0,88,127347,1
11313,Technology,Master,Female,Sourcing,4,36,4,4,1,0,91,33467,1
11314,Finance,Bachelor,Male,Sourcing,3,28,3,16,0,0,63,72132,0
11315,Technology,Bachelor,Female,Referred,2,24,3,14,1,0,95,135874,1
11316,Technology,High School,Female,Sourcing,5,37,3,14,0,0,72,103953,1
11317,Technology,Master,Female,Sourcing,4,55,3,16,0,0,47,40931,0
11318,Marketing,Bachelor,Male,Sourcing,5,41,3,8,1,0,98,129637,1
11319,HR,Master,Female,Referred,1,54,3,18,0,0,67,50768,0
11320,HR,Bachelor,Female,Sourcing,1,35,4,7,0,0,58,67736,0
11321,Sales,Master,Female,Sourcing,1,56,3,3,0,0,50,81968,0
11322,Sales,Bachelor,Female,Sourcing,4,32,4,6,0,0,94,121810,1
11323,Finance,Bachelor,Female,Other,3,41,3,16,1,0,49,144000,1
11324,Sales,Bachelor,Male,Sourcing,4,51,3,4,0,1,98,45148,1
11325,Operations,Bachelor,Male,Referred,1,49,4,19,0,0,40,122106,0
11326,Sales,Bachelor,Female,Sourcing,1,36,2,2,0,0,44,77308,0
11327,Sales,High School,Female,Sourcing,4,59,3,4,0,0,55,164457,0
11328,Marketing,Bachelor,Female,Sourcing,3,34,3,2,0,0,59,158949,0
11329,Marketing,Bachelor,Male,Sourcing,3,56,1,7,0,0,59,173771,0
11330,Technology,Bachelor,Male,Sourcing,5,45,3,15,0,0,67,40812,1
11331,Technology,Bachelor,Male,Sourcing,2,22,3,17,0,0,44,110760,0
11332,Marketing,Master,Male,Sourcing,1,45,5,14,0,0,87,68509,1
11333,Sales,Bachelor,Female,Referred,3,48,5,11,0,0,42,171249,0
11334,Operations,Bachelor,Female,Other,1,39,3,17,1,0,69,170743,1
11335,Operations,Bachelor,Female,Sourcing,2,47,3,5,0,0,62,40983,1
11336,Marketing,Master,Female,Referred,1,50,1,14,0,0,73,150522,0
11337,Sales,Bachelor,Male,Other,3,29,2,17,0,0,88,114227,0
11338,Marketing,Bachelor,Female,Other,5,47,4,2,1,0,93,79686,1
11339,HR,Bachelor,Male,Sourcing,4,26,2,7,1,0,67,109559,1
11340,HR,Bachelor,Male,Other,4,54,3,4,1,0,40,116287,1
11341,Sales,Bachelor,Female,Sourcing,3,26,5,8,0,0,87,85127,0
11342,Technology,Master,Male,Referred,3,57,4,1,0,0,66,76497,1
11343,Finance,Master,Male,Sourcing,2,34,4,10,1,0,94,54977,1
11344,Marketing,Master,Female,Sourcing,1,38,5,1,0,0,95,140863,1
11345,Marketing,Bachelor,Male,Sourcing,2,34,4,1,0,0,73,30895,0
11346,Technology,Bachelor,Male,Sourcing,4,46,2,4,0,0,70,69139,0
11347,Sales,Bachelor,Female,Referred,1,23,3,17,0,0,71,81911,0
11348,Technology,High School,Male,Sourcing,2,45,3,5,0,0,91,146927,1
11349,Operations,Bachelor,Male,Referred,4,57,3,14,0,0,46,153859,0
11350,HR,Master,Female,Sourcing,1,46,4,6,1,0,82,47743,1
11351,Finance,Bachelor,Male,Sourcing,5,55,3,7,0,0,77,176661,0
11352,Technology,Bachelor,Female,Referred,5,33,1,8,0,0,73,48919,0
11353,Technology,Bachelor,Male,Other,2,40,3,18,1,0,85,120098,1
11354,Marketing,Bachelor,Male,Sourcing,3,51,2,4,0,0,43,174806,0
11355,Technology,High School,Female,Sourcing,1,58,5,3,1,1,58,47767,1
11356,Finance,High School,Female,Other,2,22,3,4,1,0,96,74200,1
11357,Operations,Bachelor,Male,Sourcing,3,24,3,16,0,0,61,168752,0
11358,Technology,Bachelor,Female,Other,3,47,3,13,0,0,68,77952,0
11359,Sales,High School,Male,Referred,1,36,4,11,1,0,99,65163,1
11360,Technology,Master,Female,Sourcing,1,49,4,11,0,0,73,141814,0
11361,Operations,Bachelor,Male,Sourcing,3,25,3,5,0,0,73,66051,0
11362,Sales,Bachelor,Male,Sourcing,4,40,5,1,0,0,84,141767,1
11363,Technology,Bachelor,Male,Sourcing,2,45,5,14,1,0,84,57200,1
11364,Technology,Bachelor,Male,Other,1,27,5,19,1,0,42,106305,1
11365,Marketing,Bachelor,Male,Other,3,37,4,5,0,0,60,55613,1
11366,Sales,Bachelor,Female,Referred,4,53,5,6,0,0,99,46402,1
11367,Marketing,Bachelor,Female,Other,5,51,3,19,0,0,77,117121,1
11368,Operations,Bachelor,Male,Sourcing,3,56,5,12,0,0,60,55196,0
11369,Sales,Bachelor,Male,Referred,4,29,5,14,0,0,99,70454,1
11370,Sales,Master,Female,Sourcing,5,26,5,17,0,0,56,35951,0
11371,Operations,Master,Female,Other,4,58,4,7,1,0,68,35382,1
11372,Sales,Bachelor,Female,Sourcing,1,33,3,1,0,0,72,56089,0
11373,Finance,High School,Female,Referred,3,46,2,17,1,0,78,48768,1
11374,Technology,High School,Female,Other,5,54,3,6,0,0,65,130637,0
11375,Sales,Bachelor,Male,Sourcing,4,45,4,4,0,0,46,132653,0
11376,Finance,Bachelor,Male,Sourcing,5,32,2,14,1,0,84,156436,1
11377,Technology,Master,Female,Referred,2,56,3,8,0,0,97,135672,1
11378,Technology,Master,Female,Sourcing,3,22,3,18,0,0,93,144547,1
11379,Technology,High School,Female,Referred,1,29,3,13,0,0,48,177021,0
11380,Technology,PhD,Female,Other,5,44,5,8,1,0,57,55213,1
11381,Sales,Master,Female,Sourcing,4,41,4,16,0,0,40,94521,0
11382,Technology,Bachelor,Female,Sourcing,5,53,4,5,0,0,50,64031,0
11383,Operations,Bachelor,Female,Referred,4,32,3,3,1,1,93,93253,1
11384,Sales,Bachelor,Female,Sourcing,5,28,4,13,0,0,61,96454,1
11385,Marketing,Bachelor,Female,Sourcing,1,51,3,15,0,0,96,34915,1
11386,Sales,Master,Male,Other,1,34,2,4,0,0,71,158169,0
11387,Marketing,Bachelor,Female,Referred,3,24,5,3,0,0,82,178136,1
11388,Sales,Master,Female,Sourcing,1,28,4,2,0,0,49,43124,0
11389,Operations,Bachelor,Male,Sourcing,5,34,4,4,0,0,88,111917,1
11390,Technology,Bachelor,Male,Referred,5,58,3,6,0,0,66,61191,0
11391,Sales,Bachelor,Male,Other,1,46,3,4,1,0,88,103568,1
11392,HR,Bachelor,Female,Other,2,44,3,17,0,0,51,106471,0
11393,Sales,Master,Female,Sourcing,5,54,2,7,0,0,69,67092,0
11394,Technology,Master,Female,Other,3,26,3,18,1,0,99,35958,1
11395,Sales,High School,Female,Referred,2,53,3,10,0,0,49,148158,0
11396,Finance,Bachelor,Male,Referred,1,51,3,17,0,0,51,89051,0
11397,Technology,Bachelor,Female,Referred,4,52,3,4,1,0,77,123776,1
11398,Sales,Bachelor,Female,Sourcing,5,34,5,19,1,0,60,101344,1
11399,Technology,Bachelor,Male,Other,4,26,4,7,0,0,66,156046,0
11400,Marketing,PhD,Female,Sourcing,3,44,5,13,1,0,45,73125,1
11401,Sales,Master,Female,Sourcing,2,22,3,3,0,0,77,124817,0
11402,Sales,PhD,Female,Other,4,31,3,8,1,0,91,80249,1
11403,HR,Bachelor,Female,Referred,3,48,1,11,1,0,97,173396,1
11404,Marketing,PhD,Male,Other,4,29,2,16,1,0,47,172665,0
11405,Marketing,Bachelor,Male,Referred,4,24,3,19,1,0,76,168623,1
11406,Technology,PhD,Male,Sourcing,3,40,3,9,1,0,45,89850,1
11407,Finance,Bachelor,Male,Other,5,23,4,10,0,0,73,41230,0
11408,Finance,Bachelor,Female,Sourcing,4,52,3,6,1,0,88,120889,1
11409,Technology,Bachelor,Female,Other,3,31,5,3,0,0,79,177178,1
11410,Finance,High School,Female,Sourcing,4,37,5,8,1,0,61,110741,1
11411,Sales,Bachelor,Male,Other,5,58,2,6,1,0,68,88676,0
11412,Sales,Bachelor,Male,Sourcing,3,41,3,8,0,0,48,74423,0
11413,Sales,PhD,Male,Referred,4,24,4,14,0,0,60,51834,0
11414,HR,Bachelor,Female,Other,1,56,3,8,1,0,71,165575,1
11415,Technology,Bachelor,Female,Sourcing,5,55,3,11,0,0,47,148854,0
11416,Operations,Bachelor,Male,Other,4,42,4,10,0,0,94,95387,1
11417,HR,Bachelor,Male,Other,2,57,5,10,0,0,82,47844,1
11418,Sales,High School,Female,Other,3,53,4,11,0,0,49,133685,0
11419,Technology,Master,Female,Other,4,39,3,1,1,1,88,41148,1
11420,Operations,Bachelor,Female,Sourcing,5,55,3,15,0,0,62,150986,0
11421,Sales,High School,Male,Sourcing,5,59,3,5,1,0,59,43008,1
11422,Technology,Bachelor,Male,Sourcing,2,24,3,14,1,0,52,144290,0
11423,HR,Bachelor,Male,Sourcing,2,24,3,8,0,1,61,147810,1
11424,Sales,Bachelor,Male,Sourcing,4,48,2,17,1,0,80,91338,1
11425,Operations,Bachelor,Female,Referred,1,23,5,4,0,0,54,105391,0
11426,Operations,Bachelor,Female,Sourcing,5,24,4,4,0,0,70,149719,0
11427,HR,High School,Female,Sourcing,1,38,4,18,0,1,84,95341,1
11428,Operations,Master,Male,Sourcing,1,59,5,19,1,0,71,41065,1
11429,Technology,Bachelor,Female,Other,4,40,3,3,0,0,84,166189,0
11430,Finance,Bachelor,Female,Referred,3,40,1,9,1,0,52,95007,0
11431,Technology,Master,Female,Sourcing,3,26,4,7,0,1,96,74551,1
11432,Technology,High School,Female,Other,3,26,5,2,0,0,64,72558,0
11433,Technology,PhD,Female,Sourcing,2,35,3,9,0,0,60,82510,0
11434,Marketing,Bachelor,Male,Other,5,48,1,6,0,0,43,94745,0
11435,Sales,Master,Female,Referred,2,57,4,6,1,0,93,134361,1
11436,HR,Bachelor,Female,Sourcing,5,56,1,16,1,0,81,46242,1
11437,Sales,Bachelor,Male,Referred,5,42,3,2,1,0,54,169969,1
11438,Marketing,Bachelor,Male,Other,5,26,3,16,1,0,60,72489,1
11439,Sales,Bachelor,Female,Sourcing,4,45,5,3,0,0,99,152609,1
11440,Marketing,Bachelor,Female,Other,3,45,3,16,0,0,81,103174,1
11441,Operations,Bachelor,Female,Sourcing,2,34,5,12,0,0,92,168528,1
11442,HR,Bachelor,Female,Sourcing,2,59,3,3,0,0,47,108443,0
11443,Marketing,Master,Male,Sourcing,4,22,3,11,0,1,70,66344,1
11444,Technology,Bachelor,Female,Sourcing,5,31,5,11,0,0,49,39738,1
11445,Finance,Bachelor,Male,Sourcing,3,23,2,16,1,0,60,171870,1
11446,Sales,Bachelor,Female,Other,1,37,3,5,0,0,56,173297,1
11447,Marketing,High School,Female,Sourcing,1,58,3,8,0,0,44,95880,0
11448,Finance,Bachelor,Female,Sourcing,4,37,4,11,0,0,52,179882,0
11449,Operations,Bachelor,Male,Referred,3,44,2,11,0,0,60,132531,0
11450,Marketing,Bachelor,Female,Other,1,47,3,18,0,0,92,67580,1
11451,Technology,Master,Female,Other,1,37,4,19,0,0,99,138114,1
11452,Technology,High School,Male,Other,2,48,3,10,1,0,90,104891,1
11453,Finance,Bachelor,Female,Other,3,51,1,4,0,0,83,74159,0
11454,Technology,Bachelor,Male,Other,1,54,4,10,1,0,51,143729,1
11455,HR,High School,Female,Other,2,53,3,14,1,0,64,159170,1
11456,Operations,Bachelor,Male,Other,3,30,1,6,0,0,92,173426,0
11457,Marketing,Master,Male,Sourcing,5,32,3,5,1,0,67,98625,1
11458,Marketing,Bachelor,Male,Sourcing,3,58,5,15,0,0,41,159946,0
11459,Sales,Bachelor,Female,Referred,4,27,2,5,0,1,60,42877,1
11460,Marketing,Bachelor,Male,Sourcing,2,51,3,6,0,0,80,91762,0
11461,Technology,Bachelor,Male,Sourcing,5,36,4,19,1,0,95,124015,1
11462,Marketing,Master,Female,Referred,2,51,1,17,0,0,61,150883,0
11463,Sales,High School,Male,Other,2,39,1,14,0,0,96,77632,0
11464,Marketing,Bachelor,Female,Sourcing,1,33,3,11,0,0,94,55927,1
11465,Operations,Master,Female,Other,3,25,4,14,1,0,41,86292,1
11466,HR,Bachelor,Male,Other,2,37,2,5,0,0,69,36723,0
11467,Operations,Bachelor,Male,Other,2,44,4,13,0,0,40,96609,0
11468,Technology,Bachelor,Female,Other,4,32,4,12,0,0,85,150005,0
11469,Finance,High School,Male,Other,4,45,3,19,0,0,52,38654,0
11470,Marketing,Master,Male,Referred,4,43,3,10,1,0,42,84543,0
11471,Technology,Master,Male,Sourcing,2,36,5,13,0,0,98,131243,1
11472,Marketing,Master,Male,Referred,5,36,2,15,1,0,59,70511,0
11473,Finance,Master,Female,Other,3,31,3,13,1,0,96,128288,1
11474,Technology,High School,Female,Other,2,49,3,4,0,0,44,161036,0
11475,Sales,Master,Male,Other,1,57,2,9,0,0,41,103718,0
11476,Marketing,High School,Female,Sourcing,5,38,1,19,1,0,65,109168,1
11477,Finance,Bachelor,Male,Referred,5,57,1,7,0,0,92,124476,0
11478,Marketing,Bachelor,Male,Sourcing,3,43,3,15,0,0,68,130511,0
11479,Marketing,Bachelor,Male,Sourcing,5,44,1,17,1,0,57,142962,1
11480,Technology,Bachelor,Male,Sourcing,3,50,4,14,0,0,48,158013,0
11481,Finance,Bachelor,Female,Sourcing,5,43,5,14,1,0,61,68263,1
11482,Sales,Bachelor,Male,Other,3,32,1,9,1,0,67,78473,1
11483,Technology,Master,Female,Sourcing,4,57,3,16,0,0,99,65284,1
11484,HR,Bachelor,Male,Sourcing,4,50,1,2,0,0,51,139949,0
11485,Sales,Bachelor,Female,Other,5,53,2,14,1,0,76,124138,1
11486,Technology,Bachelor,Female,Sourcing,5,35,3,4,0,0,57,129448,0
11487,Technology,High School,Female,Sourcing,3,39,3,3,0,0,94,33008,1
11488,Marketing,Bachelor,Female,Sourcing,3,59,5,3,1,0,94,80464,1
11489,Technology,Bachelor,Male,Sourcing,2,58,3,11,0,0,73,66397,0
11490,Technology,Master,Female,Sourcing,4,55,3,5,1,0,81,52908,1
11491,Sales,Master,Male,Sourcing,2,44,2,16,0,0,93,174889,0
11492,Technology,Bachelor,Female,Referred,2,53,1,19,0,0,81,46193,0
11493,Sales,Bachelor,Female,Sourcing,1,24,5,9,0,0,97,77669,1
11494,HR,Bachelor,Female,Sourcing,3,43,1,11,1,0,42,169121,0
11495,Technology,High School,Male,Other,1,44,5,12,1,0,95,39219,1
11496,Marketing,Bachelor,Female,Sourcing,1,25,2,8,0,0,85,42278,0
11497,Technology,Bachelor,Male,Other,2,34,3,14,0,0,44,64704,0
11498,Technology,Bachelor,Male,Sourcing,1,53,5,17,0,0,95,34847,1
11499,Technology,Bachelor,Male,Sourcing,3,50,2,15,0,0,62,64383,0
11500,Finance,Master,Female,Other,2,31,3,15,0,0,52,67064,0
11501,Technology,Bachelor,Female,Sourcing,3,34,4,12,1,0,98,118025,1
11502,Technology,Bachelor,Female,Sourcing,5,38,1,9,1,0,63,153078,0
11503,HR,Bachelor,Female,Referred,1,59,4,12,1,0,67,179576,1
11504,Sales,Bachelor,Female,Sourcing,2,23,1,19,0,0,56,153830,0
11505,Technology,Bachelor,Female,Other,4,38,2,12,1,0,45,121871,1
11506,Technology,Master,Female,Other,3,47,2,11,1,0,66,79558,1
11507,Technology,Master,Male,Sourcing,1,59,5,6,0,0,84,145791,1
11508,Technology,High School,Female,Referred,3,58,2,8,1,0,68,48514,1
11509,Technology,PhD,Male,Referred,3,26,1,11,0,0,51,176505,0
11510,Marketing,Master,Male,Other,5,46,3,3,0,1,74,157385,1
11511,Finance,Bachelor,Female,Other,3,30,3,16,0,0,87,40683,0
11512,Marketing,Master,Female,Other,5,49,3,6,0,0,44,84018,0
11513,Operations,Master,Male,Sourcing,5,43,2,9,0,0,41,115862,0
11514,HR,Master,Male,Other,5,50,4,9,1,1,50,175985,1
11515,Sales,Bachelor,Female,Sourcing,1,56,3,6,1,0,43,163784,1
11516,HR,Bachelor,Male,Sourcing,3,41,3,5,1,1,61,136691,1
11517,Technology,Master,Male,Other,3,26,2,1,0,0,40,42497,0
11518,Finance,Master,Male,Sourcing,5,53,3,3,0,0,84,75190,1
11519,Sales,High School,Male,Other,3,31,4,3,0,0,89,133807,1
11520,Operations,Bachelor,Female,Sourcing,3,38,3,12,0,0,55,127754,0
11521,HR,Bachelor,Female,Other,5,58,1,4,1,0,41,108417,0
11522,Operations,Bachelor,Male,Sourcing,4,36,2,16,0,0,80,148342,0
11523,Technology,Master,Male,Sourcing,4,30,4,11,0,0,66,173836,0
11524,Sales,Bachelor,Male,Sourcing,5,53,5,8,1,0,51,166488,1
11525,Technology,Bachelor,Female,Referred,1,44,1,9,0,0,44,94800,0
11526,Sales,High School,Female,Sourcing,3,32,3,14,0,0,44,31985,0
11527,Sales,Bachelor,Male,Referred,3,34,1,15,1,0,61,61953,1
11528,Sales,Master,Male,Sourcing,4,39,3,19,1,0,52,91334,1
11529,Finance,Bachelor,Male,Sourcing,5,30,3,9,0,0,55,160623,0
11530,Technology,Master,Female,Sourcing,1,26,5,17,0,0,65,108213,1
11531,Sales,Bachelor,Male,Sourcing,5,43,1,9,0,0,90,154990,0
11532,Technology,High School,Male,Other,4,53,4,3,0,0,48,156845,0
11533,Marketing,High School,Male,Other,4,23,3,16,0,0,87,175322,0
11534,Sales,Bachelor,Male,Sourcing,3,42,4,13,0,0,71,90824,1
11535,Technology,Bachelor,Male,Referred,2,49,3,17,1,0,58,60674,1
11536,Sales,Bachelor,Female,Other,1,45,1,4,0,0,75,98103,0
11537,Sales,Master,Female,Sourcing,1,45,5,9,1,0,67,34340,1
11538,Marketing,PhD,Female,Sourcing,2,35,1,9,0,0,54,150996,0
11539,Sales,Bachelor,Male,Referred,4,58,3,18,1,0,48,38153,1
11540,Technology,Master,Female,Sourcing,5,48,5,14,0,0,55,92394,0
11541,Marketing,Bachelor,Male,Sourcing,1,45,1,3,1,0,97,83531,1
11542,Sales,Master,Female,Sourcing,2,27,3,4,1,0,95,173156,1
11543,Technology,High School,Female,Referred,3,47,4,1,0,0,45,179367,0
11544,Sales,Bachelor,Male,Sourcing,3,36,5,18,1,0,47,112630,1
11545,Operations,Bachelor,Male,Sourcing,4,50,4,4,0,0,72,148778,1
11546,Technology,Bachelor,Male,Sourcing,1,57,3,10,0,0,71,149931,0
11547,Finance,Bachelor,Female,Sourcing,5,31,4,4,0,0,85,64358,1
11548,Technology,Bachelor,Male,Sourcing,1,49,4,17,0,0,75,59326,0
11549,HR,Bachelor,Female,Other,3,30,4,8,1,0,81,146028,1
11550,Technology,Bachelor,Female,Sourcing,1,42,5,19,0,0,98,127888,1
11551,Operations,Bachelor,Female,Referred,3,31,1,9,0,0,87,145509,0
11552,Technology,Bachelor,Male,Sourcing,2,25,2,16,0,0,75,140876,0
11553,Finance,Bachelor,Male,Referred,2,25,3,15,0,0,73,64384,0
11554,Finance,Bachelor,Male,Referred,3,27,5,16,1,0,41,156060,1
11555,Sales,Master,Female,Sourcing,5,47,3,12,0,0,52,111104,0
11556,Sales,Master,Female,Other,5,37,5,18,1,0,82,122043,1
11557,Technology,Bachelor,Male,Sourcing,1,29,5,7,1,0,49,155433,1
11558,Technology,Bachelor,Female,Other,3,49,5,16,0,0,96,69702,1
11559,Finance,Master,Female,Sourcing,4,37,5,19,1,0,77,103521,1
11560,Operations,High School,Female,Other,5,59,5,6,0,0,46,120442,0
11561,Technology,Bachelor,Male,Other,5,22,4,6,0,0,98,131347,1
11562,Sales,Bachelor,Female,Other,2,40,4,6,0,0,98,156929,0
11563,Marketing,Bachelor,Female,Referred,5,38,1,15,1,0,86,115306,0
11564,Sales,Bachelor,Male,Sourcing,5,49,2,2,1,0,91,70224,1
11565,Finance,Bachelor,Male,Other,5,33,2,9,1,0,90,51061,1
11566,Technology,Bachelor,Male,Other,3,27,1,8,1,0,42,38882,0
11567,Marketing,Master,Male,Other,3,28,2,7,0,0,92,110352,0
11568,HR,Bachelor,Male,Sourcing,2,29,5,16,0,0,66,179159,0
11569,Technology,Bachelor,Male,Other,1,24,4,15,1,0,53,82229,1
11570,Technology,Bachelor,Female,Sourcing,5,42,3,9,1,0,93,36787,1
11571,Technology,Bachelor,Female,Referred,1,29,4,15,0,0,69,32337,0
11572,Sales,Bachelor,Female,Sourcing,3,49,3,2,1,0,73,84830,1
11573,Marketing,Bachelor,Female,Sourcing,5,51,2,14,0,0,62,49335,0
11574,Finance,PhD,Male,Other,1,53,5,11,0,0,87,103351,1
11575,Sales,Bachelor,Female,Sourcing,1,32,3,3,0,0,94,55832,1
11576,HR,Master,Male,Referred,4,41,4,2,0,0,56,84985,0
11577,HR,High School,Male,Referred,3,37,3,18,1,0,54,177220,1
11578,Technology,Bachelor,Female,Sourcing,2,46,3,14,1,1,84,120303,1
11579,Technology,Bachelor,Female,Sourcing,2,30,4,5,0,0,83,165574,1
11580,Technology,Bachelor,Male,Referred,4,24,2,12,1,0,46,119944,1
11581,Sales,PhD,Male,Sourcing,1,37,5,14,0,0,91,111193,1
11582,Technology,High School,Male,Other,4,33,1,6,1,0,91,64850,1
11583,Technology,Master,Male,Other,4,36,3,8,0,0,42,165041,0
11584,Technology,Bachelor,Female,Sourcing,3,25,5,7,1,0,48,150807,1
11585,Operations,Master,Male,Sourcing,5,44,5,7,0,0,42,114299,0
11586,Sales,Bachelor,Female,Sourcing,1,48,2,12,0,0,87,86315,0
11587,Marketing,Bachelor,Male,Other,2,58,2,7,1,0,91,48440,1
11588,Technology,Bachelor,Male,Sourcing,2,34,4,12,0,0,74,118066,0
11589,Technology,Bachelor,Male,Sourcing,4,58,1,16,0,0,79,170565,0
11590,Marketing,Master,Female,Referred,4,42,3,7,0,1,47,50646,1
11591,Marketing,Bachelor,Male,Other,4,50,4,8,0,0,65,81551,0
11592,Operations,Bachelor,Female,Sourcing,1,50,3,1,0,0,95,110066,1
11593,Sales,Bachelor,Female,Sourcing,4,32,2,13,0,0,54,118716,0
11594,Sales,PhD,Female,Other,4,49,3,19,1,0,44,55872,1
11595,Marketing,Master,Male,Referred,5,31,5,1,0,0,52,128620,0
11596,Technology,Bachelor,Female,Other,1,26,3,18,0,0,54,153919,0
11597,Sales,Bachelor,Female,Referred,3,46,4,7,1,0,78,132080,1
11598,HR,Bachelor,Male,Other,3,54,3,17,0,0,51,47690,0
11599,HR,High School,Male,Referred,5,38,2,15,1,0,74,32061,1
11600,Finance,Bachelor,Female,Other,2,54,3,19,0,0,47,72331,0
11601,Sales,Bachelor,Female,Referred,3,46,3,4,0,0,49,136862,0
11602,Sales,Bachelor,Male,Other,1,54,3,17,1,0,73,170915,1
11603,Sales,Bachelor,Female,Sourcing,2,30,3,7,0,0,47,42081,0
11604,Technology,Master,Female,Sourcing,4,48,4,16,1,0,61,161807,1
11605,HR,Bachelor,Female,Other,1,46,4,17,0,0,89,172876,0
11606,Technology,Bachelor,Male,Sourcing,2,25,2,15,0,0,51,160587,0
11607,HR,Bachelor,Female,Referred,3,30,4,9,1,0,61,177432,1
11608,Finance,Bachelor,Male,Sourcing,4,36,4,13,0,0,66,94919,0
11609,Sales,High School,Male,Other,4,37,1,7,1,0,97,98667,1
11610,Technology,Bachelor,Male,Sourcing,1,37,1,19,0,0,57,80018,0
11611,Finance,PhD,Female,Other,4,34,3,11,0,0,58,71619,0
11612,Marketing,Master,Male,Referred,2,35,3,8,1,0,98,86469,1
11613,Technology,Bachelor,Female,Sourcing,5,43,2,17,1,1,44,102335,1
11614,Sales,Bachelor,Male,Referred,3,42,1,4,0,0,55,117700,0
11615,Sales,Bachelor,Female,Sourcing,1,30,2,4,1,0,88,175579,1
11616,Marketing,Master,Female,Sourcing,5,25,5,18,0,0,80,76628,1
11617,Operations,Bachelor,Female,Sourcing,5,31,4,17,1,0,49,62021,1
11618,Marketing,Bachelor,Male,Sourcing,1,56,3,3,0,0,58,141827,0
11619,Technology,Bachelor,Female,Other,2,30,5,9,0,0,83,71665,1
11620,Marketing,Master,Female,Sourcing,3,37,3,6,0,0,40,111322,0
11621,Technology,Bachelor,Male,Referred,1,39,4,2,1,0,61,102995,1
11622,HR,Bachelor,Male,Sourcing,5,31,3,12,0,1,56,51645,1
11623,Technology,Bachelor,Female,Referred,5,42,3,15,0,0,74,100308,0
11624,Operations,Bachelor,Male,Sourcing,1,36,2,9,1,0,78,140494,1
11625,Sales,Master,Male,Referred,5,36,3,2,0,0,91,32693,0
11626,Marketing,Bachelor,Male,Other,1,32,1,12,0,0,48,136021,0
11627,Sales,Master,Female,Referred,1,58,2,16,0,1,94,160436,1
11628,Technology,Master,Male,Sourcing,3,41,1,7,0,0,44,174549,0
11629,HR,Bachelor,Female,Referred,1,55,3,1,0,0,48,83783,0
11630,Technology,Master,Male,Sourcing,5,43,4,7,1,0,90,107329,1
11631,Marketing,Bachelor,Male,Sourcing,4,39,3,3,0,0,50,33293,0
11632,Sales,Bachelor,Female,Sourcing,3,37,4,5,0,0,53,82057,0
11633,Marketing,Master,Male,Sourcing,5,26,4,3,0,0,85,56951,1
11634,Marketing,Bachelor,Male,Sourcing,5,22,3,15,0,0,79,51080,0
11635,Operations,Master,Male,Other,3,40,2,6,0,0,63,141261,0
11636,Sales,Bachelor,Male,Sourcing,3,31,5,15,0,0,59,144263,0
11637,Technology,High School,Female,Sourcing,5,42,1,3,0,0,72,33485,0
11638,Sales,Bachelor,Female,Sourcing,4,34,4,1,1,0,43,76212,1
11639,Operations,Bachelor,Female,Referred,2,45,3,2,1,0,55,106547,1
11640,Operations,Bachelor,Female,Referred,5,44,3,4,1,0,64,168418,1
11641,Technology,Master,Female,Sourcing,3,44,2,14,1,0,97,87224,1
11642,Finance,Master,Female,Other,1,32,3,14,0,0,40,100454,0
11643,Technology,Bachelor,Female,Referred,1,23,5,10,0,0,90,122448,0
11644,Technology,PhD,Male,Sourcing,3,27,4,11,1,0,63,78754,1
11645,HR,Bachelor,Female,Referred,3,32,5,4,1,0,42,107148,1
11646,Marketing,Bachelor,Female,Referred,2,36,3,15,0,0,71,126492,1
11647,Sales,PhD,Female,Referred,3,30,3,4,0,0,73,119326,1
11648,Finance,PhD,Male,Sourcing,1,33,1,16,1,0,88,44780,1
11649,Marketing,Master,Female,Sourcing,4,57,5,2,0,0,64,113009,1
11650,Marketing,PhD,Female,Sourcing,3,49,3,13,1,0,82,46019,1
11651,HR,Bachelor,Female,Referred,2,44,3,8,0,0,97,171425,1
11652,Sales,PhD,Male,Other,4,48,5,13,0,0,42,164996,0
11653,Sales,Bachelor,Female,Sourcing,2,45,3,8,0,0,46,64595,0
11654,Technology,Bachelor,Male,Sourcing,4,35,3,4,0,0,81,89667,0
11655,HR,Bachelor,Male,Other,3,56,2,5,0,0,74,35036,0
11656,Operations,Bachelor,Male,Other,1,48,3,6,0,0,68,43923,0
11657,Technology,Bachelor,Male,Other,4,42,5,19,0,0,79,166493,1
11658,Sales,Bachelor,Female,Referred,5,34,3,10,0,0,64,96321,0
11659,Technology,Bachelor,Male,Other,2,29,3,3,1,0,67,135157,1
11660,Technology,Bachelor,Male,Sourcing,4,55,1,13,0,0,63,83088,0
11661,Technology,Bachelor,Female,Sourcing,2,44,3,9,0,0,44,77049,0
11662,Technology,Bachelor,Male,Sourcing,1,30,3,17,0,0,66,123826,0
11663,Operations,Bachelor,Male,Other,2,22,1,10,0,0,49,135031,0
11664,Technology,Master,Male,Sourcing,2,57,3,12,1,0,51,133154,1
11665,Operations,PhD,Male,Sourcing,5,37,3,13,0,0,57,52154,0
11666,Finance,Master,Male,Sourcing,2,46,4,10,0,0,77,157455,1
11667,Sales,Bachelor,Male,Sourcing,4,39,1,19,0,0,47,90841,0
11668,Operations,Master,Female,Other,2,55,4,19,0,0,89,169280,1
11669,Sales,Bachelor,Female,Sourcing,3,59,3,17,0,0,77,134477,1
11670,Finance,Bachelor,Female,Sourcing,2,24,3,5,0,0,94,75447,0
11671,Technology,Bachelor,Female,Other,3,41,5,8,0,0,69,112983,0
11672,Finance,Master,Male,Sourcing,2,40,2,5,1,0,48,80067,1
11673,Finance,Bachelor,Male,Referred,2,34,3,15,1,0,87,91259,1
11674,Finance,Bachelor,Male,Other,4,38,3,4,0,0,82,44164,0
11675,Marketing,Bachelor,Female,Other,3,35,3,13,1,0,64,97227,1
11676,Sales,PhD,Female,Other,3,51,3,17,0,0,69,118122,0
11677,HR,Master,Male,Sourcing,5,43,1,5,0,0,41,65773,0
11678,Technology,Bachelor,Male,Referred,2,50,4,1,0,0,56,130053,1
11679,Sales,Bachelor,Female,Sourcing,2,23,3,15,0,0,84,78451,1
11680,Marketing,Bachelor,Female,Sourcing,4,29,4,10,0,0,46,45383,0
11681,Sales,Master,Female,Sourcing,5,35,1,11,1,0,61,47761,0
11682,Operations,Bachelor,Female,Sourcing,5,55,3,18,0,0,49,74813,0
11683,Technology,PhD,Male,Other,4,34,4,13,0,0,65,81518,0
11684,Finance,Bachelor,Female,Sourcing,3,31,2,16,1,0,52,133120,1
11685,Sales,Master,Female,Referred,1,29,4,19,0,0,81,178524,0
11686,Finance,Bachelor,Male,Sourcing,4,28,1,12,0,0,67,119927,0
11687,Operations,Bachelor,Male,Sourcing,3,34,3,14,0,0,75,130713,0
11688,Technology,Bachelor,Male,Other,5,47,4,2,1,0,98,150919,1
11689,Technology,Bachelor,Female,Sourcing,4,53,4,10,0,0,50,100173,0
11690,Marketing,Bachelor,Female,Referred,1,40,3,4,0,0,48,176948,0
11691,Sales,Master,Female,Sourcing,2,36,5,1,0,0,55,166551,1
11692,Technology,Bachelor,Female,Sourcing,4,23,4,17,0,0,56,46752,0
11693,Technology,Master,Male,Sourcing,1,58,3,11,0,0,94,84278,0
11694,Sales,Master,Male,Other,1,40,5,7,1,0,44,97969,1
11695,Technology,Bachelor,Female,Sourcing,4,54,4,17,0,0,44,116698,0
11696,HR,Master,Female,Sourcing,3,54,3,17,1,0,77,46923,1
11697,HR,Master,Female,Sourcing,4,22,3,9,1,0,70,130971,1
11698,Sales,Bachelor,Male,Other,5,49,5,10,0,0,41,113090,0
11699,Operations,Master,Female,Other,1,38,3,6,1,0,66,96843,1
11700,Technology,Bachelor,Male,Referred,1,27,1,17,0,0,85,82827,0
11701,Operations,Bachelor,Female,Sourcing,2,41,2,16,1,0,82,146218,1
11702,Technology,Master,Male,Other,1,34,2,7,0,0,58,47881,0
11703,Sales,Bachelor,Male,Other,2,33,3,19,0,0,82,82965,0
11704,Technology,Bachelor,Female,Other,1,51,4,4,0,0,64,98293,1
11705,Technology,Bachelor,Male,Other,1,42,4,17,0,0,91,160194,1
11706,Sales,Master,Male,Referred,4,23,2,9,0,0,77,57482,1
11707,Technology,High School,Female,Sourcing,4,39,4,11,1,0,52,71844,1
11708,Sales,Bachelor,Male,Other,5,49,3,1,1,0,68,173409,1
11709,Technology,Master,Female,Other,3,25,3,7,0,0,58,90937,0
11710,Marketing,High School,Male,Sourcing,5,27,3,5,1,0,74,146681,1
11711,Sales,Bachelor,Male,Sourcing,1,59,5,5,0,0,64,103952,0
11712,HR,Bachelor,Male,Other,5,30,3,1,1,0,87,40421,1
11713,Marketing,Master,Male,Sourcing,4,41,1,6,1,0,48,59574,0
11714,Technology,Master,Female,Other,1,51,3,13,0,0,74,172695,0
11715,HR,PhD,Female,Sourcing,1,58,4,15,0,0,90,65743,1
11716,Operations,Bachelor,Female,Sourcing,5,59,4,4,1,0,54,173594,1
11717,HR,Bachelor,Male,Sourcing,2,25,2,17,0,0,61,45157,0
11718,Marketing,Bachelor,Male,Sourcing,3,59,2,13,0,0,52,168565,0
11719,Operations,Bachelor,Female,Sourcing,5,34,4,11,1,0,88,56066,1
11720,Sales,Bachelor,Female,Sourcing,5,56,4,4,1,0,69,85016,1
11721,Sales,Master,Female,Other,3,51,3,7,1,0,60,51226,1
11722,Sales,Bachelor,Female,Other,1,25,4,19,1,0,64,91482,1
11723,Sales,Master,Male,Sourcing,1,46,5,7,0,0,64,91821,1
11724,Sales,Bachelor,Female,Referred,2,52,2,14,0,0,79,162228,0
11725,Marketing,Bachelor,Male,Referred,5,33,3,16,1,0,61,103328,1
11726,HR,Bachelor,Female,Referred,3,36,1,9,1,0,85,74401,1
11727,Technology,Bachelor,Male,Referred,5,47,4,2,1,0,80,42341,1
11728,Operations,Bachelor,Female,Sourcing,4,31,3,16,0,0,42,109753,0
11729,Finance,High School,Female,Sourcing,5,33,2,5,1,0,48,133178,1
11730,Technology,Master,Male,Sourcing,5,43,4,12,0,0,63,135409,0
11731,Sales,Bachelor,Male,Sourcing,4,42,4,15,0,0,83,96068,0
11732,Technology,Bachelor,Female,Other,4,56,2,3,0,0,86,98909,0
11733,Technology,High School,Male,Sourcing,3,28,1,9,1,0,71,107418,1
11734,Technology,Bachelor,Female,Other,1,39,3,7,1,0,56,164217,1
11735,Sales,Bachelor,Male,Other,2,48,3,4,0,0,80,36675,0
11736,Finance,Bachelor,Female,Other,4,56,4,9,0,0,63,60649,0
11737,Technology,High School,Female,Other,1,23,3,15,1,0,47,105832,1
11738,Sales,Bachelor,Female,Sourcing,3,53,3,7,1,0,45,116084,1
11739,Technology,Bachelor,Female,Referred,5,36,4,11,0,0,48,156149,0
11740,Technology,High School,Female,Sourcing,3,45,3,19,1,0,54,178631,0
11741,Finance,Bachelor,Female,Other,3,41,3,11,1,0,63,121798,1
11742,Marketing,Bachelor,Female,Other,4,31,3,1,0,0,89,78037,1
11743,Marketing,Bachelor,Female,Other,2,45,5,13,0,0,93,160188,1
11744,HR,PhD,Male,Sourcing,4,45,2,13,1,0,99,54050,1
11745,Technology,Bachelor,Male,Other,5,45,3,2,0,0,50,64540,0
11746,Technology,High School,Male,Sourcing,4,55,2,17,0,0,70,128311,0
11747,HR,Master,Female,Sourcing,5,32,4,19,1,0,95,171781,1
11748,Sales,Bachelor,Female,Other,4,47,3,15,0,0,85,50484,0
11749,Marketing,High School,Female,Sourcing,2,22,3,19,1,0,84,125153,1
11750,Sales,Bachelor,Male,Other,1,51,5,10,1,0,84,89346,1
11751,Technology,Bachelor,Male,Sourcing,2,39,5,10,1,0,93,103432,1
11752,Sales,Bachelor,Male,Other,4,47,5,9,0,0,52,148443,1
11753,HR,Bachelor,Male,Sourcing,3,30,2,19,0,0,69,47356,0
11754,Sales,Bachelor,Male,Other,1,30,5,11,0,0,98,117875,1
11755,Operations,Bachelor,Female,Other,3,22,3,6,1,0,64,45290,1
11756,Finance,Bachelor,Male,Other,2,28,1,2,1,0,87,124511,1
11757,Operations,Master,Female,Sourcing,1,37,3,10,0,0,51,41012,0
11758,Technology,Bachelor,Female,Other,4,59,3,15,0,0,60,41227,0
11759,Sales,High School,Female,Sourcing,3,32,2,5,1,0,63,173482,1
11760,Technology,Bachelor,Male,Sourcing,4,46,3,18,0,0,65,148126,0
11761,Technology,Bachelor,Male,Sourcing,5,50,4,7,0,0,89,101188,1
11762,Finance,Bachelor,Female,Other,1,40,3,3,1,0,51,86193,1
11763,HR,Bachelor,Male,Sourcing,3,39,3,16,0,0,76,57414,0
11764,Technology,Bachelor,Male,Other,2,50,3,17,0,0,88,108543,0
11765,Sales,Master,Female,Other,2,37,5,2,1,1,60,78513,1
11766,Sales,High School,Female,Sourcing,2,29,1,16,1,0,62,179329,0
11767,Marketing,High School,Female,Other,2,55,3,1,0,0,40,145084,0
11768,Technology,Bachelor,Female,Sourcing,3,27,3,14,1,0,84,65116,1
11769,Technology,PhD,Female,Other,5,51,5,16,1,0,49,131769,1
11770,Technology,Bachelor,Male,Sourcing,2,55,1,9,0,0,74,36736,0
11771,Technology,Bachelor,Female,Referred,2,42,3,17,1,0,77,37956,1
11772,Marketing,PhD,Male,Sourcing,2,33,3,8,0,0,87,119231,1
11773,Finance,Master,Male,Sourcing,5,27,5,9,0,0,67,162266,0
11774,Operations,Bachelor,Female,Sourcing,1,27,2,2,0,0,40,57616,0
11775,Marketing,Bachelor,Female,Sourcing,2,25,3,13,1,0,90,145787,1
11776,Sales,Bachelor,Male,Sourcing,2,30,2,1,0,0,47,161833,0
11777,Marketing,Master,Female,Sourcing,2,26,5,7,1,1,80,140858,1
11778,Technology,Bachelor,Male,Sourcing,1,31,3,18,1,0,62,110337,1
11779,Sales,High School,Female,Other,2,29,3,5,0,0,59,70385,0
11780,Finance,Bachelor,Female,Referred,1,44,3,7,1,0,71,38287,1
11781,HR,Bachelor,Male,Other,1,25,3,12,0,0,62,142915,0
11782,Operations,Bachelor,Male,Referred,4,58,2,17,0,0,46,105301,0
11783,Technology,Bachelor,Female,Referred,4,28,3,5,0,0,50,58983,0
11784,Technology,Bachelor,Female,Referred,2,27,5,12,0,0,94,156544,1
11785,Marketing,Master,Female,Sourcing,3,36,3,19,0,0,47,114524,0
11786,Finance,PhD,Male,Referred,4,56,5,13,1,0,82,135113,1
11787,Technology,High School,Female,Sourcing,4,53,2,16,0,0,53,110765,0
11788,Technology,Master,Female,Other,3,35,5,19,0,0,53,109162,0
11789,HR,PhD,Female,Other,5,56,3,10,0,0,75,33205,1
11790,Technology,Bachelor,Female,Sourcing,2,32,3,12,0,0,91,154774,0
11791,Sales,Master,Male,Other,5,31,3,7,0,0,80,73761,0
11792,Marketing,Bachelor,Male,Sourcing,5,38,4,14,0,0,79,136207,0
11793,Technology,Bachelor,Male,Sourcing,1,34,4,10,0,0,86,173180,0
11794,Marketing,Bachelor,Female,Sourcing,1,55,3,8,0,0,66,39844,0
11795,HR,Bachelor,Female,Other,2,26,3,15,0,0,59,68028,0
11796,HR,Bachelor,Female,Other,3,31,1,16,0,0,77,157712,0
11797,Marketing,High School,Male,Other,1,53,3,8,0,0,64,144592,0
11798,HR,Bachelor,Male,Sourcing,4,33,3,4,1,0,87,110771,1
11799,HR,Bachelor,Male,Referred,2,34,3,17,1,0,87,114015,1
11800,HR,Bachelor,Male,Other,5,42,3,4,1,0,68,139154,1
11801,Operations,Bachelor,Female,Sourcing,2,54,4,11,0,0,53,163914,0
11802,Marketing,Bachelor,Male,Referred,1,53,4,13,0,0,67,167785,0
11803,Technology,Bachelor,Male,Sourcing,3,33,2,6,0,0,69,112432,0
11804,Sales,Bachelor,Female,Sourcing,5,56,4,14,0,0,54,129099,0
11805,Sales,Bachelor,Male,Sourcing,3,57,1,7,0,0,93,100495,0
11806,Marketing,Master,Female,Referred,2,59,4,12,0,0,98,126201,1
11807,Marketing,Master,Female,Sourcing,3,49,2,1,0,0,60,49665,0
11808,Sales,Bachelor,Female,Sourcing,3,34,4,10,0,0,51,42611,0
11809,Sales,Bachelor,Female,Sourcing,2,33,3,1,0,0,94,134188,1
11810,HR,Bachelor,Female,Sourcing,5,43,3,16,0,0,89,158754,0
11811,Marketing,Master,Male,Sourcing,3,23,4,7,0,0,95,137560,1
11812,Marketing,Bachelor,Male,Sourcing,3,50,1,6,0,0,50,71321,0
11813,Sales,Bachelor,Female,Referred,2,34,2,18,0,0,78,90026,0
11814,HR,Master,Male,Sourcing,4,56,3,4,0,1,45,126964,1
11815,HR,Bachelor,Female,Other,3,34,4,16,0,0,42,107461,0
11816,Operations,Bachelor,Male,Other,1,55,3,1,0,0,80,94888,0
11817,Sales,Bachelor,Male,Sourcing,5,40,3,2,0,0,54,96872,0
11818,Marketing,High School,Male,Sourcing,3,30,3,16,0,0,73,83569,0
11819,Technology,PhD,Male,Other,2,52,3,9,1,0,43,161073,1
11820,Technology,Master,Male,Sourcing,1,54,3,15,1,0,73,61779,1
11821,Sales,Bachelor,Male,Sourcing,2,48,5,16,1,0,77,125807,1
11822,Sales,Bachelor,Male,Sourcing,3,23,3,9,0,0,83,141164,0
11823,Technology,High School,Female,Referred,1,36,1,7,0,0,78,104761,0
11824,Marketing,High School,Female,Referred,5,40,2,10,0,0,80,55009,1
11825,Technology,Bachelor,Female,Other,5,52,3,7,1,0,45,63385,1
11826,Technology,Master,Male,Other,5,37,4,13,1,0,61,150029,1
11827,HR,Bachelor,Male,Sourcing,4,36,2,2,1,0,76,88133,1
11828,Operations,Bachelor,Female,Sourcing,2,27,5,12,0,0,97,137293,1
11829,Marketing,Master,Female,Sourcing,3,35,3,13,0,0,71,62388,0
11830,Sales,Bachelor,Male,Sourcing,1,48,3,3,0,0,98,154658,1
11831,Operations,High School,Female,Sourcing,2,59,1,11,1,0,67,32926,1
11832,Technology,Bachelor,Female,Sourcing,3,40,5,8,0,0,65,100775,1
11833,Technology,Bachelor,Female,Sourcing,4,58,4,11,0,0,43,159086,0
11834,Marketing,High School,Female,Sourcing,3,25,2,18,0,0,49,35662,0
11835,Finance,High School,Male,Sourcing,2,47,5,7,1,0,66,68630,1
11836,Marketing,Bachelor,Female,Other,3,30,3,12,0,0,59,106968,0
11837,Sales,Bachelor,Female,Referred,1,36,4,6,1,0,75,105024,1
11838,Sales,Master,Female,Other,4,58,4,10,0,0,44,40945,0
11839,Operations,Bachelor,Female,Sourcing,1,25,4,15,0,0,56,87179,0
11840,Sales,High School,Male,Sourcing,4,47,5,15,0,0,89,67619,1
11841,Technology,High School,Female,Sourcing,4,39,5,19,1,0,71,114570,1
11842,Technology,Bachelor,Female,Sourcing,3,56,5,6,1,0,74,33609,1
11843,Technology,Bachelor,Female,Sourcing,1,50,2,19,0,0,62,171858,0
11844,Technology,Bachelor,Female,Other,4,45,3,15,0,0,52,167092,0
11845,Operations,High School,Female,Other,4,25,3,18,0,0,40,50752,0
11846,Sales,Bachelor,Male,Sourcing,3,42,4,2,0,0,70,153353,0
11847,Sales,Bachelor,Female,Sourcing,2,28,3,7,0,0,58,112273,0
11848,Sales,Bachelor,Female,Sourcing,2,44,1,5,0,0,62,64912,0
11849,Finance,Bachelor,Male,Sourcing,5,42,4,3,0,0,93,78488,1
11850,Technology,Bachelor,Female,Sourcing,5,22,5,6,0,0,73,31084,1
11851,Sales,Bachelor,Male,Sourcing,4,46,3,6,1,0,43,62548,1
11852,Finance,High School,Female,Sourcing,2,52,2,1,1,0,87,139523,1
11853,Finance,High School,Male,Sourcing,4,59,1,19,0,0,87,61084,0
11854,Finance,Master,Male,Sourcing,1,26,2,12,0,0,88,112677,1
11855,Operations,Bachelor,Female,Sourcing,2,52,4,5,1,0,99,54204,1
11856,Sales,Bachelor,Male,Sourcing,2,22,5,7,0,0,92,123048,1
11857,Marketing,Master,Female,Other,2,51,1,8,0,0,83,64087,0
11858,Technology,Bachelor,Male,Sourcing,5,39,3,19,1,0,73,88195,1
11859,Finance,High School,Male,Other,3,29,4,6,1,0,69,68858,1
11860,Marketing,Master,Female,Other,3,47,3,15,1,0,95,75225,1
11861,Marketing,Bachelor,Male,Other,5,36,3,6,0,0,49,153742,0
11862,Marketing,High School,Female,Other,5,40,4,9,0,0,45,163418,0
11863,Sales,High School,Male,Referred,5,31,4,4,0,0,51,145395,0
11864,Technology,Bachelor,Male,Other,3,45,3,16,0,0,51,125064,0
11865,Operations,Bachelor,Female,Sourcing,4,37,4,10,0,0,88,98251,1
11866,Operations,Bachelor,Female,Sourcing,5,52,3,1,0,0,57,121031,0
11867,HR,Bachelor,Male,Other,4,37,2,11,0,1,75,139352,1
11868,Sales,Bachelor,Female,Other,4,37,2,17,0,1,74,168107,1
11869,Sales,Bachelor,Female,Other,1,49,3,18,1,1,64,168884,1
11870,Marketing,High School,Male,Other,3,41,1,15,0,0,88,72634,0
11871,Finance,Bachelor,Male,Other,4,56,3,6,0,0,94,92724,0
11872,Sales,Bachelor,Female,Other,3,30,4,16,0,0,80,76625,0
11873,Technology,Master,Male,Other,3,31,3,2,0,0,96,80271,0
11874,Finance,Bachelor,Female,Referred,1,39,1,3,0,0,61,39609,0
11875,Marketing,PhD,Female,Other,3,36,3,17,1,0,69,116539,1
11876,Technology,Bachelor,Female,Other,4,51,3,8,0,0,83,123538,1
11877,Technology,Bachelor,Female,Other,2,53,3,15,0,0,68,33850,0
11878,Technology,Bachelor,Female,Referred,4,48,3,13,0,0,46,110767,0
11879,Sales,Master,Female,Sourcing,4,48,4,19,0,0,87,167977,1
11880,Technology,Bachelor,Male,Sourcing,3,40,1,1,0,0,79,62300,0
11881,Marketing,Master,Female,Other,4,31,3,12,1,1,42,160328,1
11882,Finance,Bachelor,Male,Referred,2,27,2,18,1,0,60,169973,1
11883,Technology,Bachelor,Female,Sourcing,3,45,2,18,1,0,84,156306,1
11884,Marketing,Bachelor,Male,Sourcing,5,30,5,3,0,0,59,76334,0
11885,Sales,High School,Male,Other,4,48,3,18,1,0,48,137475,1
11886,Technology,High School,Male,Other,4,28,3,17,0,0,80,35123,0
11887,HR,Bachelor,Female,Other,1,27,4,11,1,0,75,96327,1
11888,Sales,Bachelor,Male,Referred,5,54,1,5,0,0,99,92617,0
11889,Marketing,Bachelor,Male,Sourcing,5,42,2,7,1,0,53,113555,1
11890,Operations,Bachelor,Female,Sourcing,2,59,4,18,0,0,57,104696,0
11891,HR,Bachelor,Male,Sourcing,5,38,5,7,1,0,72,63719,1
11892,Technology,High School,Male,Other,1,52,3,18,0,0,90,78647,0
11893,Finance,High School,Female,Sourcing,2,58,3,2,0,0,41,85217,0
11894,Sales,Bachelor,Male,Referred,5,32,4,6,0,0,76,76715,0
11895,Technology,Bachelor,Male,Referred,2,49,3,8,0,0,70,179430,1
11896,Marketing,PhD,Female,Referred,5,26,2,17,0,0,61,31882,0
11897,Technology,Master,Male,Other,5,33,3,4,0,0,85,158538,1
11898,Sales,Bachelor,Male,Sourcing,5,24,3,17,0,0,48,75572,0
11899,Technology,Bachelor,Male,Other,4,59,1,16,0,0,59,159870,0
11900,Marketing,Bachelor,Male,Sourcing,5,23,3,15,0,0,59,93899,0
11901,Technology,Bachelor,Female,Sourcing,4,47,4,15,0,0,86,51845,1
11902,HR,Bachelor,Female,Sourcing,3,23,3,8,0,0,91,85435,0
11903,Marketing,Bachelor,Female,Sourcing,1,33,1,17,0,0,40,133401,0
11904,HR,Master,Female,Other,2,23,3,19,0,0,69,101943,0
11905,Marketing,Bachelor,Male,Referred,2,37,4,1,1,0,58,33131,1
11906,Sales,Bachelor,Female,Sourcing,3,51,1,13,1,0,75,106879,1
11907,Operations,Bachelor,Female,Sourcing,5,57,1,6,1,0,53,139149,0
11908,Technology,Master,Male,Referred,1,25,3,10,0,0,40,73434,0
11909,Sales,PhD,Male,Other,3,32,2,1,1,0,44,50705,0
11910,Sales,Bachelor,Male,Sourcing,3,45,5,12,0,0,49,141562,0
11911,Sales,Bachelor,Female,Referred,2,39,3,19,0,0,48,100995,0
11912,Finance,High School,Male,Other,4,48,3,15,1,0,88,67994,1
11913,Operations,Bachelor,Male,Referred,4,58,4,5,1,0,53,117558,1
11914,Technology,Bachelor,Male,Sourcing,5,23,3,2,1,0,99,85828,1
11915,Technology,Bachelor,Female,Referred,5,36,2,19,0,0,78,42388,0
11916,Marketing,Bachelor,Female,Referred,3,32,2,14,0,0,57,76294,0
11917,Finance,Bachelor,Female,Other,5,48,3,9,0,0,81,176775,0
11918,Technology,High School,Female,Referred,4,44,1,1,0,0,99,115056,1
11919,Technology,Master,Female,Other,1,56,3,13,1,0,98,172589,1
11920,Technology,Bachelor,Female,Sourcing,2,51,2,17,0,0,64,130645,0
11921,Marketing,High School,Female,Other,4,45,2,2,0,0,75,85722,0
11922,HR,Bachelor,Male,Referred,5,40,4,14,0,0,70,108405,0
11923,Technology,Bachelor,Male,Referred,2,50,4,6,0,0,85,161323,1
11924,Technology,Bachelor,Male,Sourcing,2,34,4,6,1,0,74,135142,1
11925,Marketing,Master,Female,Sourcing,3,44,3,18,0,0,99,143954,1
11926,HR,Bachelor,Female,Other,5,33,5,19,0,0,66,30279,0
11927,Technology,Bachelor,Male,Other,3,50,1,9,0,0,94,149077,1
11928,Technology,Master,Male,Sourcing,2,27,2,15,0,0,61,140770,0
11929,Technology,Master,Female,Referred,3,44,3,7,1,0,50,101847,1
11930,HR,Master,Female,Sourcing,5,52,3,6,0,0,49,146789,0
11931,Technology,Bachelor,Female,Other,4,42,3,5,0,0,47,164721,0
11932,Technology,Bachelor,Female,Other,1,45,2,19,0,0,80,93758,0
11933,Technology,Bachelor,Female,Sourcing,4,29,2,1,1,0,67,69637,1
11934,Technology,Bachelor,Female,Other,2,30,3,7,0,0,62,144093,0
11935,Marketing,High School,Female,Other,4,43,5,18,1,0,45,134045,1
11936,Finance,Bachelor,Female,Sourcing,3,25,3,8,0,0,53,57907,0
11937,Sales,Bachelor,Male,Other,5,34,1,12,1,0,99,92290,1
11938,Finance,Master,Female,Sourcing,4,55,4,10,0,1,63,53645,1
11939,Technology,Bachelor,Female,Referred,4,24,3,6,0,0,48,148630,0
11940,HR,Bachelor,Female,Sourcing,5,58,2,16,0,0,85,140063,0
11941,HR,Master,Male,Sourcing,3,49,3,19,0,0,79,88138,0
11942,Sales,PhD,Male,Sourcing,1,47,4,18,0,0,77,137982,1
11943,Marketing,Master,Female,Sourcing,4,55,4,13,0,0,95,48867,1
11944,Marketing,Bachelor,Male,Other,2,36,3,7,0,0,64,117029,0
11945,Marketing,Bachelor,Male,Sourcing,3,29,3,7,1,0,77,44027,1
11946,Technology,Master,Male,Sourcing,3,56,3,16,0,0,69,125112,0
11947,Technology,Bachelor,Female,Other,4,45,2,10,1,0,61,31234,1
11948,Sales,Bachelor,Female,Sourcing,5,58,5,15,0,0,41,91329,0
11949,Sales,PhD,Female,Referred,4,25,3,14,1,0,64,122966,1
11950,Technology,Bachelor,Female,Other,4,33,1,12,0,0,63,70394,0
11951,HR,Master,Female,Other,5,40,4,15,0,0,76,106061,1
11952,Sales,Bachelor,Female,Sourcing,2,36,3,8,0,0,97,32291,0
11953,Technology,Bachelor,Female,Sourcing,5,51,5,7,0,0,42,116158,0
11954,Marketing,Bachelor,Male,Other,4,58,4,9,0,0,96,146472,1
11955,Operations,Master,Female,Sourcing,1,33,2,14,1,0,82,120431,1
11956,Operations,Bachelor,Female,Sourcing,5,40,4,7,0,0,65,76454,0
11957,Technology,Bachelor,Female,Sourcing,2,55,3,12,1,0,69,116448,1
11958,Technology,Master,Female,Sourcing,5,28,2,14,0,0,68,107945,0
11959,Technology,Master,Female,Other,5,49,4,11,0,0,46,135706,0
11960,Marketing,High School,Female,Other,3,49,3,19,1,0,48,159452,1
11961,Sales,Bachelor,Female,Other,3,50,1,6,1,0,84,65547,1
11962,Technology,Bachelor,Female,Other,4,58,3,3,0,0,69,72256,0
11963,Finance,High School,Male,Sourcing,4,41,3,6,0,0,55,172509,0
11964,Technology,Master,Male,Sourcing,5,32,2,9,0,0,94,94308,0
11965,Technology,Bachelor,Female,Other,1,44,3,2,0,0,83,85261,0
11966,Technology,Bachelor,Female,Sourcing,4,41,3,6,0,0,79,175869,1
11967,Sales,Master,Male,Sourcing,5,41,2,14,1,0,53,79261,1
11968,Technology,Bachelor,Female,Other,5,32,5,19,0,0,65,30411,0
11969,Sales,Master,Female,Referred,5,23,1,4,0,0,85,46454,0
11970,HR,Bachelor,Male,Sourcing,5,34,2,14,1,0,76,115647,1
11971,HR,Bachelor,Female,Other,5,34,2,10,0,0,97,30717,1
11972,Finance,Master,Female,Other,3,36,3,6,1,1,49,117396,1
11973,Sales,Bachelor,Female,Sourcing,2,52,3,11,0,0,69,155350,0
11974,Technology,Bachelor,Male,Other,2,44,3,13,0,0,61,126934,0
11975,Sales,Bachelor,Male,Sourcing,5,43,3,18,0,0,99,153006,1
11976,Operations,Bachelor,Female,Referred,4,37,4,14,1,1,95,87769,1
11977,Sales,Master,Male,Other,1,50,1,11,0,0,69,45889,0
11978,Technology,Master,Male,Other,5,41,3,5,1,0,71,86394,1
11979,Finance,Master,Male,Sourcing,1,49,1,8,0,0,53,114245,0
11980,Finance,Bachelor,Female,Sourcing,3,48,1,4,1,0,62,57117,1
11981,Sales,Bachelor,Male,Sourcing,2,50,3,12,0,0,56,112455,0
11982,Finance,Bachelor,Male,Referred,3,26,2,6,1,0,97,156413,1
11983,Technology,High School,Male,Sourcing,4,59,3,8,0,0,75,151139,1
11984,Technology,Master,Female,Sourcing,4,59,4,4,0,0,68,171598,0
11985,Sales,Master,Male,Sourcing,5,23,2,10,0,0,63,133476,0
11986,HR,Bachelor,Male,Sourcing,4,41,4,11,0,0,86,88488,1
11987,Marketing,Bachelor,Female,Sourcing,4,34,4,15,0,0,50,132174,0
11988,Technology,Bachelor,Male,Other,3,47,3,5,1,0,80,177384,1
11989,Technology,Bachelor,Male,Sourcing,1,56,3,3,0,0,54,146467,0
11990,Marketing,Bachelor,Male,Sourcing,2,29,3,15,0,0,61,115067,0
11991,Marketing,High School,Female,Other,4,49,2,2,0,0,66,63673,0
11992,Sales,Bachelor,Female,Other,4,36,5,2,0,0,91,163203,0
11993,Technology,Bachelor,Male,Sourcing,3,29,3,8,1,0,73,41115,0
11994,Sales,Bachelor,Male,Sourcing,2,32,5,14,0,0,99,71266,1
11995,Marketing,High School,Male,Other,3,50,4,9,0,0,96,131820,1
11996,Marketing,Bachelor,Male,Sourcing,1,26,1,5,0,0,72,140226,0
11997,Operations,Master,Male,Other,3,28,2,12,0,0,60,116352,0
11998,HR,High School,Male,Sourcing,2,39,2,10,0,0,63,62124,0
11999,HR,Bachelor,Female,Sourcing,2,49,4,1,0,0,59,128186,0
12000,Sales,Master,Male,Sourcing,4,33,5,19,1,0,88,104244,1
12001,Sales,Bachelor,Male,Other,1,33,3,11,1,0,43,46484,0
12002,Sales,Bachelor,Male,Other,5,57,2,17,1,0,76,36060,0
12003,Operations,Master,Female,Sourcing,4,50,2,3,1,0,76,64915,1
12004,Sales,Master,Male,Referred,3,32,4,1,0,0,99,146908,1
12005,Sales,Bachelor,Female,Sourcing,3,27,5,17,0,0,85,76511,0
12006,Marketing,Bachelor,Male,Sourcing,2,42,2,6,0,0,72,92571,0
12007,Technology,Bachelor,Male,Other,2,31,1,13,0,0,70,172093,0
12008,Marketing,Bachelor,Male,Sourcing,2,53,3,4,0,0,73,171172,0
12009,HR,Bachelor,Male,Other,5,54,1,5,1,0,61,30027,0
12010,Technology,Bachelor,Male,Referred,5,38,4,15,0,0,81,98872,0
12011,HR,Bachelor,Male,Other,4,24,3,14,0,0,69,48746,0
12012,HR,Master,Female,Other,5,39,3,19,0,0,44,165205,0
12013,Operations,Bachelor,Male,Sourcing,2,31,3,15,0,0,80,41416,0
12014,Sales,Bachelor,Male,Sourcing,4,29,3,12,1,0,84,161119,1
12015,Technology,Bachelor,Male,Sourcing,4,55,2,18,1,0,62,69826,1
12016,Technology,PhD,Female,Sourcing,1,58,4,14,0,0,92,68301,1
12017,Sales,Bachelor,Male,Sourcing,5,54,4,10,1,0,52,94572,1
12018,Finance,Bachelor,Female,Sourcing,3,31,3,8,0,0,99,104497,0
12019,HR,Bachelor,Male,Other,3,39,3,4,0,0,99,148028,1
12020,Marketing,Master,Male,Sourcing,1,46,1,18,0,0,48,107556,0
12021,Operations,Bachelor,Female,Other,2,57,1,8,0,0,53,30007,0
12022,Technology,Master,Female,Other,1,23,3,4,0,0,56,48916,0
12023,Operations,High School,Male,Other,2,40,3,11,0,0,74,147447,0
12024,HR,Master,Female,Sourcing,5,31,3,5,1,0,57,157375,1
12025,Technology,Master,Female,Sourcing,5,24,4,10,1,0,51,174778,1
12026,Sales,Bachelor,Male,Sourcing,4,40,3,6,0,0,94,48769,1
12027,Marketing,Bachelor,Male,Sourcing,4,47,3,4,0,0,80,166401,0
12028,Operations,High School,Male,Sourcing,4,46,2,18,1,1,55,79252,1
12029,Sales,Bachelor,Female,Other,4,38,4,17,1,0,69,97997,1
12030,Marketing,Bachelor,Male,Sourcing,3,31,3,7,0,0,52,151403,0
12031,Sales,Master,Male,Referred,4,32,1,9,0,0,99,161394,1
12032,Technology,Bachelor,Female,Other,4,32,3,3,1,0,57,91468,0
12033,Technology,Bachelor,Female,Sourcing,4,33,3,9,0,0,51,54216,1
12034,Operations,Bachelor,Male,Sourcing,2,29,4,4,0,0,93,82801,1
12035,Technology,Bachelor,Female,Other,4,45,5,19,1,0,73,34846,1
12036,Sales,Master,Female,Sourcing,1,35,3,9,0,0,90,139572,1
12037,Sales,Bachelor,Female,Referred,4,44,4,6,0,0,72,117675,1
12038,Sales,Bachelor,Male,Sourcing,4,57,1,11,0,0,45,120628,0
12039,Sales,Bachelor,Male,Other,3,38,3,15,0,0,57,137604,0
12040,Sales,Master,Male,Sourcing,4,26,4,6,1,0,42,43360,1
12041,Finance,Master,Female,Sourcing,2,24,3,10,0,0,93,60745,1
12042,Technology,Bachelor,Male,Referred,5,30,3,18,1,0,45,129425,1
12043,Technology,Master,Male,Sourcing,4,41,5,16,0,0,75,131645,1
12044,Sales,Bachelor,Female,Sourcing,4,41,2,4,0,0,88,129563,1
12045,Finance,High School,Female,Sourcing,4,40,1,13,0,0,94,53576,0
12046,Marketing,Bachelor,Male,Sourcing,3,42,4,5,1,0,89,79796,1
12047,HR,Master,Female,Referred,5,37,4,19,0,0,61,96132,0
12048,Marketing,Bachelor,Male,Referred,3,54,5,18,0,0,46,100072,1
12049,Technology,Bachelor,Male,Referred,3,26,3,17,0,0,69,112387,0
12050,HR,Bachelor,Male,Referred,3,45,4,16,1,0,41,170228,1
12051,Technology,PhD,Female,Sourcing,2,36,4,1,1,0,71,127254,1
12052,Technology,Bachelor,Female,Sourcing,5,47,1,1,0,0,54,81938,0
12053,Sales,High School,Male,Other,2,46,4,14,1,0,61,139309,1
12054,Operations,Bachelor,Male,Other,2,49,2,2,0,0,88,153106,1
12055,Finance,Bachelor,Male,Sourcing,5,54,2,15,0,0,77,84941,0
12056,Marketing,Bachelor,Male,Sourcing,2,39,3,3,0,0,47,110931,0
12057,Technology,Master,Female,Sourcing,5,39,3,13,0,0,47,87774,0
12058,Technology,Bachelor,Male,Referred,4,59,3,19,1,0,78,143754,1
12059,Marketing,PhD,Male,Referred,3,54,2,1,0,0,75,142223,0
12060,Technology,High School,Female,Sourcing,2,48,3,13,0,0,59,164330,0
12061,HR,High School,Male,Other,5,36,1,15,1,0,76,112179,1
12062,Technology,Bachelor,Male,Sourcing,1,34,3,16,1,0,47,73357,1
12063,Finance,Master,Male,Sourcing,2,55,4,11,0,0,53,92146,0
12064,Technology,Master,Male,Other,2,25,5,3,0,0,59,129180,0
12065,HR,Bachelor,Male,Sourcing,5,56,4,8,0,0,96,54538,1
12066,Marketing,Master,Female,Sourcing,1,40,3,6,0,1,74,131221,1
12067,Sales,Bachelor,Female,Other,1,52,4,5,0,0,64,154480,0
12068,Sales,Bachelor,Female,Other,4,46,3,15,1,0,57,32274,1
12069,Sales,Bachelor,Female,Other,2,33,1,9,1,0,93,37735,1
12070,Sales,Bachelor,Male,Sourcing,3,33,4,5,1,0,86,31739,1
12071,Marketing,Bachelor,Female,Sourcing,2,46,3,10,0,0,60,117586,0
12072,Technology,Bachelor,Female,Other,3,54,4,6,0,0,76,110849,1
12073,Sales,Master,Female,Referred,3,58,3,11,0,0,86,174621,0
12074,Finance,Bachelor,Female,Other,5,49,2,4,1,0,98,108948,1
12075,Finance,Bachelor,Female,Sourcing,2,30,5,12,0,0,70,125968,1
12076,Finance,Bachelor,Female,Sourcing,5,35,3,6,0,0,45,97066,0
12077,Sales,Bachelor,Female,Other,4,24,4,1,0,0,81,161627,1
12078,Technology,Master,Female,Referred,3,26,4,18,0,1,94,56624,1
12079,Operations,Bachelor,Male,Sourcing,1,47,3,2,0,0,91,101564,1
12080,Marketing,Master,Female,Sourcing,3,39,1,5,0,0,86,75978,1
12081,HR,Bachelor,Male,Sourcing,4,59,2,16,0,0,59,141215,0
12082,HR,Master,Female,Sourcing,3,42,1,12,0,0,67,160913,0
12083,Technology,Bachelor,Female,Sourcing,5,37,2,12,0,0,80,70453,0
12084,Operations,Bachelor,Female,Sourcing,2,44,3,11,1,0,75,36023,1
12085,Technology,Master,Male,Other,1,50,5,19,0,0,79,119364,1
12086,Technology,Bachelor,Male,Sourcing,5,31,5,7,1,0,65,131990,1
12087,Sales,Master,Female,Other,2,26,4,2,0,0,52,81092,0
12088,Marketing,Master,Male,Sourcing,1,32,1,6,0,0,88,168088,0
12089,Finance,Bachelor,Female,Referred,4,50,3,4,1,1,43,131803,1
12090,Technology,Bachelor,Male,Sourcing,3,48,4,2,0,0,73,88554,1
12091,Marketing,Bachelor,Male,Other,1,55,2,17,0,0,98,83405,0
12092,Operations,High School,Male,Other,4,35,4,8,0,0,97,170618,0
12093,Sales,Master,Female,Other,2,31,5,5,0,0,76,68793,0
12094,Technology,Bachelor,Male,Referred,1,32,3,10,1,0,73,70344,1
12095,Sales,Bachelor,Male,Sourcing,4,32,4,16,1,0,55,102143,1
12096,Marketing,Bachelor,Female,Other,2,56,2,2,0,0,62,53406,0
12097,Technology,Master,Male,Other,5,40,4,19,0,0,97,132413,0
12098,Technology,Bachelor,Female,Other,3,45,1,7,0,0,62,158130,0
12099,Marketing,Bachelor,Female,Sourcing,4,22,2,2,0,0,54,66035,0
12100,Technology,PhD,Male,Other,5,33,4,13,0,0,64,151760,0
12101,Operations,Bachelor,Female,Sourcing,2,35,4,4,0,1,68,137731,1
12102,Technology,Bachelor,Male,Sourcing,1,24,3,16,0,0,75,175614,0
12103,Sales,High School,Male,Sourcing,3,53,3,10,0,0,54,100790,1
12104,Marketing,Master,Female,Sourcing,2,37,4,17,0,0,76,68658,1
12105,Marketing,Bachelor,Male,Other,4,59,4,14,0,1,74,139274,1
12106,Sales,Bachelor,Male,Other,3,31,5,12,1,0,85,42452,1
12107,Finance,Bachelor,Female,Other,5,38,5,13,0,0,78,123020,1
12108,Operations,Bachelor,Female,Referred,3,25,4,8,0,0,86,50826,1
12109,Sales,PhD,Male,Referred,5,36,4,17,1,0,76,178504,1
12110,Operations,Bachelor,Female,Other,2,54,3,18,1,0,80,48343,1
12111,Sales,Master,Female,Sourcing,1,31,2,10,1,0,67,136845,1
12112,Sales,High School,Female,Other,3,28,2,13,0,0,84,84827,1
12113,Sales,Bachelor,Female,Referred,1,54,4,2,1,0,69,146508,1
12114,Finance,Bachelor,Male,Referred,1,38,4,17,0,0,46,94237,0
12115,Marketing,Bachelor,Male,Referred,3,33,3,6,0,0,43,77841,0
12116,Sales,High School,Female,Other,3,38,3,12,0,0,46,104603,0
12117,Technology,Master,Male,Sourcing,1,37,1,13,0,0,72,41912,0
12118,Technology,Bachelor,Female,Sourcing,4,35,3,4,0,1,86,85755,1
12119,HR,Master,Female,Other,4,24,3,15,1,0,86,45941,1
12120,Finance,Bachelor,Male,Sourcing,3,51,3,16,1,0,57,121653,1
12121,Finance,High School,Male,Other,1,56,5,19,0,0,54,175663,0
12122,Technology,Bachelor,Male,Sourcing,1,47,2,15,1,0,74,41730,1
12123,Operations,Bachelor,Male,Sourcing,2,33,3,6,0,0,76,39011,0
12124,Technology,PhD,Female,Other,1,52,3,6,0,0,99,92969,0
12125,Operations,Bachelor,Female,Sourcing,4,38,5,5,0,0,44,74976,0
12126,Marketing,Bachelor,Male,Referred,2,58,5,2,1,0,87,97420,1
12127,Technology,Bachelor,Female,Sourcing,4,29,3,2,0,0,62,100038,0
12128,Sales,Bachelor,Male,Sourcing,5,40,5,5,1,0,96,58564,1
12129,Finance,Bachelor,Male,Referred,3,47,3,3,0,0,49,168569,0
12130,Technology,High School,Male,Sourcing,5,25,2,6,1,0,64,38298,0
12131,Sales,Bachelor,Female,Other,3,36,3,11,1,0,61,171959,1
12132,HR,Bachelor,Female,Other,4,35,2,5,1,0,70,40677,1
12133,Technology,Master,Male,Sourcing,4,51,3,18,1,0,62,158542,1
12134,Technology,Bachelor,Male,Referred,5,45,5,14,0,0,67,59362,1
12135,Marketing,Bachelor,Male,Referred,3,55,4,10,0,0,84,100141,1
12136,Finance,Master,Male,Sourcing,3,40,3,3,0,0,54,125662,0
12137,HR,PhD,Female,Sourcing,2,24,3,16,0,0,79,126504,0
12138,Marketing,Master,Female,Sourcing,1,25,1,16,1,0,91,95776,1
12139,Sales,Master,Male,Referred,2,32,3,11,0,0,46,120276,0
12140,Finance,Bachelor,Male,Referred,4,34,1,4,1,0,85,47880,1
12141,Finance,High School,Female,Referred,5,39,3,11,1,0,77,144991,1
12142,Technology,Bachelor,Male,Other,3,40,4,8,0,0,79,59466,0
12143,Marketing,Master,Female,Other,2,54,4,16,0,1,54,133397,1
12144,Sales,Bachelor,Female,Referred,5,59,1,8,0,0,88,134351,0
12145,Technology,High School,Male,Other,5,24,3,9,1,0,44,172236,1
12146,Finance,Master,Female,Sourcing,1,56,3,14,0,0,51,58595,0
12147,Technology,Master,Female,Other,3,22,2,8,0,0,52,63373,0
12148,Technology,Bachelor,Female,Referred,5,56,3,16,0,0,42,61178,0
12149,Technology,Bachelor,Female,Other,3,57,3,2,0,0,96,162110,1
12150,Finance,Master,Male,Referred,2,59,3,19,0,1,96,96607,1
12151,Sales,Master,Female,Sourcing,5,46,5,19,1,0,58,151286,1
12152,Sales,Bachelor,Female,Referred,5,34,3,19,0,0,65,142508,0
12153,Marketing,High School,Female,Sourcing,2,25,4,18,0,0,69,118008,0
12154,Finance,PhD,Male,Referred,3,27,2,13,0,0,67,50827,0
12155,Sales,Bachelor,Male,Sourcing,3,32,5,17,0,0,54,92405,0
12156,Sales,Master,Male,Other,5,22,2,1,0,0,57,77274,0
12157,Sales,Bachelor,Female,Referred,2,29,2,5,0,0,92,80604,0
12158,Sales,Bachelor,Male,Referred,4,55,2,13,1,0,91,114373,1
12159,Technology,Bachelor,Male,Sourcing,3,30,3,6,0,0,46,150187,0
12160,Marketing,Bachelor,Male,Other,4,57,3,10,1,0,99,98523,1
12161,Marketing,Master,Female,Other,5,58,5,9,0,0,53,30200,0
12162,Technology,Bachelor,Male,Other,4,42,4,6,0,0,63,70593,0
12163,Technology,Master,Male,Sourcing,4,41,3,1,1,0,91,52584,1
12164,Finance,Master,Male,Referred,3,59,3,18,0,0,90,109956,1
12165,Technology,Master,Female,Sourcing,5,22,3,7,0,0,96,88126,0
12166,Operations,Bachelor,Female,Referred,4,56,4,10,1,0,63,166297,1
12167,Technology,PhD,Male,Sourcing,3,49,4,12,0,0,50,160061,0
12168,Sales,Bachelor,Male,Referred,4,28,3,15,0,0,98,52036,0
12169,Marketing,Bachelor,Male,Referred,3,30,4,17,0,0,78,39130,0
12170,Sales,Bachelor,Female,Sourcing,5,22,4,3,0,0,82,65884,1
12171,Marketing,Bachelor,Female,Sourcing,2,57,2,15,0,0,79,131921,0
12172,HR,PhD,Male,Other,3,55,2,1,1,0,95,56996,1
12173,Sales,Bachelor,Female,Sourcing,3,55,4,11,0,0,49,84342,0
12174,Finance,Master,Male,Other,4,38,5,6,0,0,95,71723,1
12175,Sales,Bachelor,Female,Sourcing,5,53,3,16,1,0,82,121366,1
12176,Finance,Bachelor,Male,Sourcing,1,23,5,12,1,0,72,67387,1
12177,Sales,High School,Female,Sourcing,1,57,2,15,1,0,59,151978,1
12178,Technology,Master,Male,Other,2,46,3,18,1,0,81,100724,1
12179,Marketing,Bachelor,Female,Sourcing,5,47,3,10,0,0,78,67734,1
12180,Technology,Bachelor,Male,Other,3,47,5,12,0,0,61,46342,0
12181,Sales,Bachelor,Male,Referred,1,42,3,19,0,0,74,53924,0
12182,Sales,Bachelor,Male,Sourcing,2,39,3,5,1,0,90,126155,1
12183,HR,Master,Male,Other,5,50,2,18,0,0,67,116113,0
12184,Sales,Master,Female,Sourcing,2,45,3,19,1,0,75,153592,1
12185,Marketing,Bachelor,Male,Other,1,49,5,12,0,0,69,71633,0
12186,Operations,High School,Female,Sourcing,4,33,3,1,1,0,97,71901,1
12187,Finance,Bachelor,Female,Sourcing,4,32,4,2,1,0,45,47326,1
12188,Marketing,Bachelor,Male,Other,5,48,5,3,1,0,40,132775,1
12189,Marketing,Bachelor,Male,Other,2,44,1,12,1,0,97,99279,1
12190,Marketing,Master,Male,Sourcing,3,54,4,14,1,0,43,101819,1
12191,Sales,Bachelor,Male,Other,1,37,3,7,0,0,64,66604,0
12192,Operations,Bachelor,Female,Sourcing,4,49,2,4,1,0,78,130732,1
12193,Marketing,Bachelor,Female,Other,4,49,3,12,0,0,50,110274,0
12194,Technology,Bachelor,Female,Referred,2,59,4,8,1,0,77,139870,1
12195,Sales,Master,Female,Sourcing,4,27,3,1,0,0,98,170453,0
12196,Technology,Bachelor,Male,Sourcing,2,50,1,5,0,0,76,75816,0
12197,Technology,Bachelor,Female,Sourcing,1,55,5,1,1,0,51,171577,1
12198,Finance,Master,Male,Sourcing,2,24,4,15,0,0,68,176486,0
12199,Technology,High School,Male,Sourcing,4,27,3,13,0,0,73,102927,0
12200,Technology,High School,Female,Referred,2,59,3,13,0,0,57,64677,0
12201,Operations,Bachelor,Female,Other,4,34,1,4,1,0,93,89590,1
12202,Sales,Bachelor,Female,Sourcing,5,57,3,15,0,0,48,65442,0
12203,Technology,Bachelor,Female,Referred,4,36,3,12,0,0,85,164396,0
12204,HR,Bachelor,Female,Referred,4,27,3,8,0,0,51,57423,0
12205,Marketing,High School,Female,Other,4,54,2,16,0,0,48,126070,0
12206,Operations,Bachelor,Male,Referred,5,33,4,12,0,0,40,42057,0
12207,Sales,Bachelor,Male,Referred,3,34,3,6,0,0,46,91397,0
12208,Finance,Bachelor,Male,Sourcing,4,54,3,15,0,0,78,74601,0
12209,Sales,Bachelor,Female,Sourcing,3,49,3,7,1,0,81,50887,1
12210,Operations,Master,Male,Sourcing,1,57,3,5,1,0,73,162599,1
12211,Marketing,Bachelor,Male,Sourcing,2,26,2,15,1,0,71,125925,1
12212,Finance,Bachelor,Male,Sourcing,3,46,3,12,1,0,67,47069,0
12213,HR,Bachelor,Male,Referred,1,38,3,11,0,0,65,46348,0
12214,Operations,Bachelor,Male,Sourcing,2,58,1,4,0,0,75,51593,0
12215,Marketing,Bachelor,Male,Referred,4,40,1,13,1,0,79,126197,1
12216,Sales,Master,Female,Sourcing,4,56,3,18,0,0,93,157936,0
12217,Finance,Bachelor,Female,Other,4,55,2,8,0,0,98,42428,0
12218,Sales,Master,Female,Other,5,27,3,7,0,0,53,58389,0
12219,Finance,High School,Male,Sourcing,5,40,3,16,0,0,84,161976,0
12220,Sales,High School,Female,Sourcing,5,22,4,3,0,0,70,174723,0
12221,Marketing,High School,Female,Referred,5,28,5,16,0,0,55,121962,0
12222,Technology,Bachelor,Male,Sourcing,1,55,3,16,1,0,78,73586,1
12223,HR,Bachelor,Female,Sourcing,1,40,4,7,0,0,81,31294,1
12224,Sales,Bachelor,Male,Sourcing,4,54,4,13,0,0,50,139281,0
12225,HR,PhD,Female,Other,2,47,5,13,0,0,50,140654,0
12226,Technology,High School,Male,Other,5,48,2,19,1,0,77,68705,1
12227,Sales,PhD,Male,Referred,2,59,4,18,1,0,96,137359,1
12228,Technology,Bachelor,Female,Referred,1,47,5,7,0,0,98,146990,1
12229,Sales,High School,Male,Other,5,56,3,18,0,0,51,79930,0
12230,Sales,Bachelor,Female,Other,1,41,3,18,0,0,81,156402,1
12231,Marketing,Bachelor,Male,Other,1,45,5,4,0,0,97,68293,1
12232,HR,Bachelor,Female,Sourcing,3,42,3,9,0,0,48,150521,0
12233,Operations,Bachelor,Female,Sourcing,1,47,3,16,0,0,61,70293,0
12234,Finance,Bachelor,Male,Referred,4,41,4,4,0,0,77,42375,1
12235,Marketing,Bachelor,Female,Referred,1,27,3,8,0,0,48,60064,0
12236,Technology,Bachelor,Female,Sourcing,5,24,2,3,0,0,97,136339,1
12237,Finance,Master,Female,Sourcing,4,31,3,9,0,0,96,149424,1
12238,Sales,PhD,Male,Other,1,33,3,8,1,1,42,87152,1
12239,HR,Master,Male,Other,4,54,4,12,1,1,78,151278,1
12240,Sales,Bachelor,Female,Sourcing,1,43,3,14,0,0,74,126575,0
12241,Marketing,Master,Female,Other,4,37,4,10,0,0,91,125129,1
12242,HR,High School,Male,Referred,2,38,3,17,1,0,69,133036,1
12243,Technology,Bachelor,Male,Other,3,31,3,11,1,0,96,128825,1
12244,Operations,Bachelor,Female,Sourcing,4,33,2,10,1,0,65,101233,0
12245,Finance,Bachelor,Male,Sourcing,5,40,3,13,0,0,47,52778,0
12246,Technology,Bachelor,Male,Sourcing,3,44,5,2,0,0,93,75415,1
12247,HR,Master,Female,Sourcing,3,31,2,1,1,0,71,103958,1
12248,Finance,PhD,Male,Referred,1,31,4,1,0,0,61,86572,1
12249,Technology,Bachelor,Male,Sourcing,4,31,3,16,1,0,47,70887,0
12250,Sales,Master,Male,Other,3,51,1,10,1,0,84,69517,1
12251,HR,PhD,Female,Sourcing,5,25,2,10,1,0,41,41656,0
12252,Operations,High School,Male,Sourcing,5,22,4,7,1,0,53,136979,1
12253,Marketing,Bachelor,Female,Referred,5,40,3,7,0,0,44,105840,0
12254,Finance,High School,Male,Referred,1,26,4,1,0,0,52,40458,0
12255,Finance,Bachelor,Male,Sourcing,2,51,4,13,0,0,62,66619,1
12256,Technology,Bachelor,Female,Other,4,47,3,5,1,0,99,135159,1
12257,Technology,Bachelor,Female,Referred,3,55,3,3,0,0,52,140360,0
12258,Technology,Bachelor,Female,Referred,4,23,3,13,0,0,58,67772,0
12259,Sales,Master,Female,Other,3,45,5,12,1,0,63,150232,1
12260,Technology,Bachelor,Male,Sourcing,1,35,3,18,0,0,74,55609,0
12261,Marketing,Bachelor,Female,Referred,4,34,2,5,1,0,53,111575,1
12262,Technology,Bachelor,Female,Other,1,50,3,5,0,0,43,108754,0
12263,Finance,Master,Female,Sourcing,1,22,4,2,0,0,65,135062,0
12264,Technology,Bachelor,Male,Sourcing,4,55,4,6,0,0,49,70975,0
12265,Technology,Master,Male,Other,4,25,5,7,0,0,77,152183,1
12266,Technology,Bachelor,Female,Sourcing,3,49,5,1,0,0,77,110416,0
12267,Technology,Bachelor,Female,Sourcing,5,40,3,3,0,0,73,105298,0
12268,Marketing,Bachelor,Female,Other,1,22,3,2,0,0,73,67195,0
12269,Sales,Bachelor,Female,Sourcing,2,57,4,10,0,0,58,62846,0
12270,Technology,Bachelor,Male,Sourcing,3,34,5,11,0,0,42,57664,0
12271,Sales,Bachelor,Female,Other,3,26,3,13,1,0,91,127649,1
12272,Technology,High School,Male,Other,5,54,3,16,1,0,75,39236,1
12273,Technology,Master,Female,Sourcing,5,35,5,11,0,0,43,110794,0
12274,Marketing,Bachelor,Female,Referred,1,37,3,18,0,0,97,95967,1
12275,Operations,Bachelor,Male,Other,3,53,3,11,1,1,65,154955,1
12276,Technology,PhD,Female,Other,3,48,5,1,1,0,50,174408,1
12277,Marketing,Bachelor,Female,Sourcing,2,56,4,18,1,0,42,94790,1
12278,Technology,Bachelor,Female,Sourcing,1,24,2,5,0,0,88,83502,0
12279,Technology,Master,Female,Sourcing,1,25,3,2,0,0,48,58283,0
12280,HR,Master,Male,Other,5,28,3,18,1,0,85,157537,1
12281,Sales,Bachelor,Female,Other,1,34,5,7,0,0,41,77102,0
12282,Technology,Bachelor,Female,Other,2,24,5,11,0,0,53,160572,0
12283,Technology,Bachelor,Male,Other,1,38,4,11,0,0,42,67199,0
12284,HR,Master,Female,Referred,4,31,3,13,0,0,41,71717,1
12285,Sales,Bachelor,Male,Sourcing,4,22,1,4,1,0,61,124242,1
12286,Sales,Bachelor,Female,Other,2,49,4,1,0,0,93,71073,1
12287,Operations,Bachelor,Female,Other,5,31,3,18,0,0,68,94252,0
12288,Sales,Bachelor,Female,Referred,3,28,3,12,1,0,72,127015,1
12289,Technology,High School,Male,Sourcing,1,24,3,10,0,0,75,166088,0
12290,Sales,Master,Male,Other,5,28,3,8,0,0,49,64730,0
12291,Technology,Master,Female,Sourcing,5,30,5,3,0,1,86,93643,1
12292,Sales,Bachelor,Male,Sourcing,1,56,1,7,1,0,92,164137,1
12293,Sales,Bachelor,Female,Referred,3,47,4,11,0,0,83,135975,1
12294,Technology,Bachelor,Male,Referred,1,26,3,7,1,0,77,37106,1
12295,HR,Bachelor,Female,Sourcing,3,34,4,7,0,0,60,93326,0
12296,HR,High School,Male,Other,2,51,4,9,0,0,70,178384,1
12297,Sales,Bachelor,Female,Sourcing,3,31,1,3,1,0,74,73042,1
12298,HR,Bachelor,Male,Sourcing,5,44,3,11,0,0,42,55919,0
12299,Sales,Bachelor,Male,Sourcing,2,32,2,17,0,0,58,91657,0
12300,Sales,Master,Male,Other,4,33,2,8,1,0,61,175271,0
12301,Finance,Bachelor,Male,Other,2,34,4,2,0,0,59,125924,0
12302,Technology,Bachelor,Female,Other,3,37,2,1,1,0,75,73051,1
12303,Technology,Bachelor,Female,Other,2,30,3,16,1,1,58,170461,1
12304,Sales,PhD,Male,Sourcing,2,31,2,4,0,0,85,39048,0
12305,Operations,Bachelor,Female,Sourcing,4,50,3,9,0,0,43,149085,0
12306,Technology,High School,Male,Referred,3,30,4,8,1,0,71,89322,1
12307,HR,Master,Female,Sourcing,5,54,3,1,0,0,47,61546,0
12308,Technology,Bachelor,Male,Other,2,45,3,8,0,0,90,94417,0
12309,Sales,Master,Female,Referred,1,56,4,5,0,0,65,156050,1
12310,Sales,Bachelor,Female,Other,5,32,1,1,1,0,90,83652,1
12311,Technology,High School,Male,Sourcing,2,34,4,7,1,0,93,121105,1
12312,Finance,Bachelor,Male,Sourcing,5,44,3,15,1,0,40,46179,0
12313,Technology,Bachelor,Male,Referred,1,46,2,7,1,0,65,161917,1
12314,Marketing,Bachelor,Male,Sourcing,5,37,3,1,0,1,93,69058,1
12315,Operations,Bachelor,Male,Referred,5,42,2,9,1,0,86,179203,1
12316,Sales,High School,Female,Sourcing,1,31,4,1,0,0,82,88911,1
12317,Sales,Bachelor,Male,Sourcing,1,40,1,12,1,0,48,30345,1
12318,Technology,Master,Female,Sourcing,1,56,1,7,0,0,74,177611,0
12319,Technology,Bachelor,Male,Sourcing,4,49,3,9,0,0,57,78715,0
12320,Technology,High School,Female,Referred,1,23,3,5,1,0,58,133865,1
12321,Operations,Bachelor,Female,Sourcing,5,51,4,12,1,0,87,91154,1
12322,Marketing,Bachelor,Male,Sourcing,1,26,3,2,1,0,55,136637,0
12323,Technology,Bachelor,Male,Sourcing,2,59,4,18,0,0,67,79255,1
12324,Sales,Master,Female,Sourcing,1,36,5,9,0,0,42,75009,0
12325,Finance,Bachelor,Female,Sourcing,1,57,3,1,1,0,57,119396,1
12326,Operations,Bachelor,Male,Sourcing,3,24,4,10,0,0,52,148891,0
12327,Finance,Bachelor,Female,Referred,5,45,3,14,1,0,66,144473,1
12328,HR,Master,Female,Referred,5,33,1,14,1,0,91,33875,1
12329,Technology,Bachelor,Female,Referred,2,29,3,7,1,0,79,168151,1
12330,HR,Bachelor,Female,Other,4,35,1,12,0,0,78,42914,0
12331,Sales,Bachelor,Female,Sourcing,3,39,5,6,0,0,97,69877,1
12332,HR,PhD,Female,Referred,2,41,2,13,0,0,96,87551,0
12333,Technology,High School,Male,Other,2,44,3,8,0,0,63,45037,0
12334,Marketing,Bachelor,Male,Sourcing,5,26,3,2,0,0,68,157702,0
12335,Sales,Bachelor,Male,Other,3,22,4,10,1,0,94,74650,1
12336,Technology,Bachelor,Male,Sourcing,5,23,2,6,0,0,61,48146,0
12337,Technology,Bachelor,Female,Sourcing,4,37,4,16,0,0,90,60428,1
12338,Technology,Bachelor,Male,Other,5,26,2,10,0,0,65,71677,0
12339,Sales,Master,Female,Sourcing,1,43,5,15,0,0,59,74868,0
12340,Technology,Bachelor,Female,Sourcing,5,22,4,10,0,0,63,152693,1
12341,Marketing,High School,Male,Sourcing,1,33,4,11,1,0,51,145328,1
12342,HR,Bachelor,Male,Sourcing,2,40,1,2,0,0,57,162894,0
12343,HR,Master,Female,Sourcing,4,43,2,10,1,0,86,114968,1
12344,Technology,Bachelor,Male,Referred,1,38,5,12,0,0,51,113839,1
12345,Operations,Bachelor,Male,Other,4,34,2,11,0,0,77,154290,0
12346,Marketing,Bachelor,Female,Other,5,49,2,15,0,0,71,45461,0
12347,Marketing,Bachelor,Female,Sourcing,5,24,3,4,0,0,88,109987,1
12348,Technology,Bachelor,Female,Other,2,26,3,5,0,0,62,169734,0
12349,Technology,Master,Female,Referred,5,57,2,1,1,0,43,52183,1
12350,HR,High School,Female,Sourcing,1,36,3,1,0,0,51,73211,0
12351,Technology,Bachelor,Female,Other,2,38,3,10,0,0,56,105129,0
12352,Operations,Bachelor,Male,Other,4,50,2,4,0,0,60,42891,0
12353,Technology,Bachelor,Male,Other,2,25,3,13,1,0,76,123574,1
12354,Finance,Bachelor,Male,Sourcing,4,53,3,14,0,0,68,170984,0
12355,Marketing,Bachelor,Female,Sourcing,3,59,4,19,0,0,45,44903,0
12356,Sales,Master,Female,Other,1,25,2,5,1,0,86,128882,1
12357,Operations,High School,Male,Referred,1,34,3,11,0,0,67,44282,0
12358,HR,High School,Male,Referred,4,41,3,8,0,0,47,52166,0
12359,Technology,Bachelor,Male,Referred,5,39,3,1,1,0,70,173168,1
12360,Sales,PhD,Female,Other,5,58,2,5,0,0,59,177169,0
12361,HR,Master,Male,Sourcing,3,33,1,18,0,0,55,32030,0
12362,Technology,Bachelor,Male,Referred,4,46,4,13,1,0,52,166931,1
12363,Sales,Bachelor,Male,Sourcing,3,51,3,5,0,0,99,115027,1
12364,Technology,Master,Female,Referred,4,36,4,7,0,0,94,124372,0
12365,Technology,Bachelor,Male,Other,3,57,5,12,1,0,98,108751,1
12366,HR,Bachelor,Male,Sourcing,4,29,3,2,0,0,54,108126,0
12367,Sales,Bachelor,Female,Referred,1,49,3,13,0,0,91,146422,0
12368,Technology,Bachelor,Female,Sourcing,3,43,3,14,1,1,52,133247,1
12369,Sales,Bachelor,Female,Sourcing,3,59,5,6,0,0,86,106183,1
12370,Marketing,High School,Female,Sourcing,4,37,4,16,0,0,41,116029,0
12371,Marketing,Master,Female,Sourcing,2,26,4,10,0,0,95,32126,1
12372,Finance,Master,Male,Sourcing,2,55,3,11,1,0,92,166155,1
12373,Marketing,Bachelor,Male,Sourcing,1,59,4,1,0,0,97,151618,0
12374,Technology,Master,Female,Other,5,32,4,15,1,0,59,46248,1
12375,Marketing,Bachelor,Female,Other,5,23,3,16,0,0,67,36609,0
12376,Sales,Bachelor,Female,Referred,1,46,3,10,0,0,57,138364,0
12377,Sales,Bachelor,Female,Sourcing,5,46,3,10,0,0,46,172450,0
12378,Marketing,Bachelor,Male,Other,4,22,1,3,0,0,60,57921,0
12379,Technology,Bachelor,Male,Referred,2,52,4,11,1,0,80,145395,1
12380,Marketing,Bachelor,Female,Sourcing,1,26,2,11,0,0,78,43617,0
12381,Finance,Bachelor,Female,Other,4,25,3,16,0,0,48,139891,0
12382,Finance,Bachelor,Female,Sourcing,1,26,3,6,0,0,83,59069,0
12383,Operations,High School,Female,Referred,2,26,3,9,1,0,49,109805,1
12384,Technology,Bachelor,Male,Sourcing,5,37,3,1,0,0,70,99197,1
12385,Sales,Master,Female,Sourcing,4,39,5,6,1,0,81,159414,1
12386,Technology,Bachelor,Female,Other,2,38,3,18,1,0,52,172647,1
12387,Technology,Bachelor,Male,Sourcing,1,56,2,13,0,0,44,99645,0
12388,Technology,High School,Female,Sourcing,3,39,3,2,0,0,98,158169,0
12389,Marketing,Bachelor,Male,Other,4,25,2,19,1,0,93,73116,1
12390,Marketing,Bachelor,Female,Other,1,52,2,2,0,0,79,130394,0
12391,Technology,Master,Female,Referred,1,52,1,4,1,0,81,56981,1
12392,Sales,Bachelor,Male,Sourcing,2,30,1,4,0,0,77,129402,0
12393,Technology,Master,Female,Sourcing,1,52,3,10,0,0,82,64718,0
12394,Sales,Bachelor,Male,Other,4,26,3,17,0,0,75,73512,0
12395,Finance,Bachelor,Male,Sourcing,4,57,2,16,0,0,41,92336,0
12396,Sales,Bachelor,Male,Sourcing,1,37,4,8,0,1,45,142299,1
12397,Sales,Bachelor,Female,Referred,2,37,2,6,0,0,52,163082,0
12398,HR,PhD,Female,Sourcing,4,41,5,2,0,0,68,161565,0
12399,Technology,Master,Male,Sourcing,3,51,3,15,0,0,83,120033,1
12400,Technology,Bachelor,Female,Sourcing,5,47,1,11,0,0,53,81003,0
12401,Sales,Bachelor,Female,Sourcing,2,52,5,16,0,0,69,151335,0
12402,HR,Master,Female,Sourcing,2,36,3,4,0,0,64,152183,0
12403,Technology,Bachelor,Male,Sourcing,5,59,3,11,0,0,79,166015,1
12404,Sales,Bachelor,Male,Sourcing,5,59,3,14,1,1,74,40350,1
12405,Marketing,Bachelor,Female,Other,4,41,4,8,0,0,76,116556,1
12406,Technology,Bachelor,Male,Other,1,56,3,6,1,0,93,94271,1
12407,Technology,Master,Female,Sourcing,1,44,2,19,0,1,46,138790,1
12408,Sales,High School,Female,Referred,3,46,2,4,0,0,89,90730,0
12409,Operations,Bachelor,Female,Sourcing,1,43,4,4,0,0,77,123938,1
12410,Technology,Bachelor,Male,Sourcing,3,29,2,6,0,0,57,174863,0
12411,Marketing,Bachelor,Male,Sourcing,3,30,2,11,1,0,47,43335,0
12412,Sales,Bachelor,Female,Referred,2,36,3,1,0,0,46,166863,0
12413,Technology,Bachelor,Male,Other,2,41,4,2,0,0,73,57465,0
12414,HR,Master,Female,Referred,4,56,3,9,0,0,75,157671,0
12415,Technology,Bachelor,Male,Sourcing,5,58,3,16,1,0,94,43663,1
12416,Operations,Bachelor,Male,Sourcing,5,24,4,6,1,0,80,106630,1
12417,Technology,Bachelor,Male,Other,3,55,2,9,0,0,87,32400,1
12418,HR,Bachelor,Female,Sourcing,5,55,3,19,1,0,90,87437,1
12419,HR,Bachelor,Female,Other,3,57,5,5,1,0,49,121855,1
12420,Technology,Master,Female,Referred,5,56,4,10,0,0,97,50394,1
12421,Sales,Bachelor,Male,Other,4,30,1,7,0,0,79,116068,0
12422,HR,Master,Female,Other,2,51,3,2,0,0,68,42657,0
12423,Marketing,Bachelor,Female,Other,2,47,2,4,0,0,55,66736,0
12424,Technology,Bachelor,Female,Referred,3,33,5,8,0,0,64,176525,0
12425,Sales,Bachelor,Female,Referred,5,45,5,3,1,0,68,90705,1
12426,Operations,Bachelor,Male,Sourcing,1,40,2,2,0,0,47,114325,0
12427,Sales,Bachelor,Male,Other,4,37,4,9,1,0,59,40300,1
12428,Operations,Bachelor,Female,Sourcing,5,47,4,11,0,0,75,178731,0
12429,Sales,Master,Male,Sourcing,1,44,2,4,1,0,98,141367,1
12430,Finance,Master,Male,Sourcing,4,54,2,9,0,0,94,92005,0
12431,Technology,Bachelor,Male,Sourcing,4,51,1,6,1,0,91,129445,1
12432,Finance,Bachelor,Male,Referred,2,44,3,1,1,0,66,61836,1
12433,Operations,Bachelor,Male,Referred,3,31,5,3,0,0,52,64334,0
12434,Sales,Bachelor,Female,Sourcing,5,57,5,7,0,0,65,57102,0
12435,Operations,Bachelor,Male,Sourcing,4,52,2,9,1,0,81,84584,1
12436,Technology,PhD,Female,Other,5,43,2,8,0,0,94,34536,0
12437,Technology,Bachelor,Female,Other,4,59,3,13,1,0,64,61335,1
12438,Sales,Bachelor,Female,Other,2,23,4,18,0,0,67,132160,0
12439,Technology,Bachelor,Male,Sourcing,3,44,3,19,1,0,48,131208,1
12440,Sales,Bachelor,Male,Other,1,56,3,9,1,0,96,85450,1
12441,Technology,Master,Male,Sourcing,1,58,3,6,0,0,65,95079,0
12442,Technology,Bachelor,Male,Sourcing,2,53,1,12,0,0,51,121927,0
12443,Marketing,Bachelor,Female,Sourcing,4,33,3,4,0,0,65,133960,0
12444,Finance,Master,Female,Sourcing,2,56,5,9,0,0,86,72761,0
12445,Technology,Bachelor,Female,Sourcing,3,24,1,10,1,0,61,122963,1
12446,Sales,Master,Male,Other,1,55,3,3,0,0,40,123929,0
12447,Sales,Bachelor,Female,Sourcing,5,59,3,17,0,0,51,97196,0
12448,Sales,Bachelor,Female,Sourcing,1,45,3,7,0,0,63,136156,0
12449,HR,Master,Female,Sourcing,3,59,3,8,0,0,69,79745,0
12450,Sales,Bachelor,Male,Sourcing,4,38,3,11,1,0,53,128951,0
12451,Sales,Bachelor,Female,Referred,2,22,5,13,0,0,93,146111,1
12452,Operations,Bachelor,Female,Sourcing,1,29,3,3,1,0,62,77704,0
12453,Technology,Bachelor,Male,Other,1,36,3,19,0,0,41,52314,0
12454,Sales,Master,Female,Sourcing,5,46,1,14,0,0,42,88224,0
12455,Technology,PhD,Male,Referred,2,29,4,16,0,0,45,162306,0
12456,Sales,High School,Female,Other,5,53,3,15,0,0,58,117597,0
12457,Technology,Master,Male,Other,5,34,4,2,0,0,60,80608,1
12458,Technology,Bachelor,Male,Other,4,36,3,6,0,0,84,32830,0
12459,Technology,Bachelor,Male,Referred,1,27,1,7,0,0,59,104800,0
12460,Technology,Bachelor,Female,Sourcing,2,54,2,9,0,0,60,168826,0
12461,Operations,Bachelor,Female,Referred,4,28,5,9,0,0,79,102709,1
12462,Finance,Bachelor,Male,Other,4,54,3,17,1,0,43,80230,0
12463,Technology,High School,Male,Other,4,50,2,3,1,0,64,141442,1
12464,Technology,Bachelor,Male,Sourcing,3,59,2,4,0,0,90,109823,1
12465,Technology,Bachelor,Male,Sourcing,3,58,3,2,0,1,99,61563,1
12466,Sales,Bachelor,Male,Other,4,53,1,1,0,0,46,127446,0
12467,Technology,Master,Male,Sourcing,3,24,3,10,1,0,46,34914,1
12468,HR,Master,Male,Sourcing,2,41,2,3,0,0,72,119272,0
12469,Technology,Master,Male,Sourcing,1,35,3,10,0,0,90,79239,0
12470,Technology,Bachelor,Male,Referred,2,49,2,9,0,0,65,85026,0
12471,Sales,Master,Male,Other,1,59,3,17,1,0,56,47472,1
12472,Operations,Bachelor,Male,Sourcing,3,25,3,15,0,0,47,159005,0
12473,Operations,PhD,Male,Sourcing,2,36,1,3,0,0,65,89582,0
12474,Marketing,Bachelor,Female,Sourcing,5,38,3,3,0,1,92,145341,1
12475,Technology,Bachelor,Male,Sourcing,4,58,3,4,0,0,54,83912,0
12476,Finance,Bachelor,Female,Referred,1,45,2,4,0,0,59,130731,0
12477,Sales,Master,Female,Referred,1,59,3,17,0,0,58,170002,1
12478,Marketing,Bachelor,Female,Sourcing,5,57,3,6,1,0,46,131303,0
12479,Sales,PhD,Male,Referred,5,29,3,11,0,0,95,59947,1
12480,Marketing,Bachelor,Female,Other,4,24,2,12,1,0,95,127481,1
12481,Sales,Bachelor,Male,Sourcing,3,51,3,7,0,0,84,50813,1
12482,Finance,Bachelor,Female,Sourcing,2,43,2,13,0,0,40,126493,0
12483,Operations,Bachelor,Male,Other,2,54,3,6,0,0,78,47264,0
12484,Sales,Bachelor,Male,Sourcing,2,46,3,3,0,0,76,127733,0
12485,Technology,Bachelor,Female,Other,3,51,3,14,1,0,57,171619,1
12486,Operations,Master,Female,Sourcing,4,58,4,14,0,0,47,157556,0
12487,Technology,Bachelor,Male,Other,2,24,1,10,1,0,54,93046,1
12488,Finance,High School,Female,Other,1,25,5,5,0,0,89,76580,1
12489,Technology,Bachelor,Male,Referred,1,50,2,2,1,0,45,85889,0
12490,Technology,Master,Male,Other,1,53,4,6,0,0,99,154416,1
12491,Sales,Bachelor,Male,Other,5,44,3,11,1,0,76,124729,1
12492,Sales,Bachelor,Female,Referred,5,40,5,18,0,0,61,113966,1
12493,Marketing,Bachelor,Male,Sourcing,3,36,1,11,1,0,50,167585,0
12494,Technology,Bachelor,Male,Sourcing,2,37,3,15,1,0,65,57432,1
12495,Technology,PhD,Male,Other,5,44,3,3,0,0,47,129197,0
12496,Technology,Bachelor,Male,Referred,1,58,5,2,1,0,48,56061,1
12497,Technology,Bachelor,Female,Sourcing,5,22,5,7,0,1,52,64173,1
12498,Finance,PhD,Female,Sourcing,1,40,2,5,1,0,42,160145,1
12499,Operations,Bachelor,Female,Referred,2,58,3,13,1,0,42,73889,1
12500,Technology,Master,Female,Sourcing,3,56,3,8,0,0,46,121585,0
12501,Finance,Bachelor,Male,Sourcing,4,51,2,9,0,0,42,85865,0
12502,Marketing,Master,Male,Other,4,38,2,8,1,0,50,65295,1
12503,Technology,Bachelor,Male,Referred,1,47,5,10,0,0,85,151713,0
12504,Operations,Bachelor,Male,Sourcing,5,34,3,2,0,0,97,100557,0
12505,Sales,Bachelor,Male,Sourcing,5,43,2,10,0,0,67,61919,0
12506,Sales,High School,Male,Sourcing,1,44,2,11,0,0,92,34450,0
12507,Finance,Bachelor,Female,Sourcing,2,54,3,11,1,0,81,117107,1
12508,Technology,Bachelor,Male,Referred,1,48,3,5,0,0,70,150980,0
12509,Finance,Master,Male,Referred,2,56,3,14,1,0,91,46629,1
12510,Finance,High School,Male,Sourcing,3,33,3,3,0,0,98,84947,1
12511,HR,Master,Female,Sourcing,3,30,2,2,0,0,48,110633,0
12512,Finance,High School,Male,Sourcing,1,55,3,18,0,0,66,88330,0
12513,Technology,Bachelor,Male,Other,3,35,1,1,1,0,51,120758,0
12514,Technology,Bachelor,Male,Sourcing,5,58,5,1,0,0,47,169550,0
12515,Technology,Master,Female,Other,2,24,2,17,0,0,83,41800,0
12516,Operations,Master,Male,Other,4,42,4,6,1,0,80,36839,1
12517,HR,Bachelor,Male,Referred,4,28,3,13,1,0,61,93469,1
12518,Technology,Bachelor,Female,Other,3,54,3,1,1,0,57,161406,1
12519,Marketing,Master,Male,Sourcing,2,56,3,6,1,0,95,58617,1
12520,Marketing,Bachelor,Female,Referred,5,32,4,8,1,0,69,178330,1
12521,Marketing,Bachelor,Male,Sourcing,4,53,4,13,1,0,88,41878,1
12522,Sales,Bachelor,Female,Other,5,43,3,2,0,0,50,129634,0
12523,Sales,Bachelor,Male,Sourcing,5,40,2,8,0,0,92,91926,0
12524,Technology,Master,Male,Other,4,57,4,1,0,0,41,97309,0
12525,Finance,Bachelor,Female,Sourcing,4,58,2,13,1,0,68,154907,1
12526,Sales,Master,Male,Other,3,32,3,1,0,0,94,33753,1
12527,Sales,Bachelor,Male,Sourcing,2,34,1,10,1,0,92,31444,1
12528,Operations,Bachelor,Female,Referred,1,49,3,5,0,0,65,175718,0
12529,HR,Master,Male,Sourcing,2,36,3,13,1,0,90,36630,1
12530,Operations,Bachelor,Female,Sourcing,1,34,2,5,0,0,53,87125,0
12531,Marketing,Bachelor,Male,Referred,4,54,3,10,1,0,94,149283,1
12532,Finance,Bachelor,Female,Other,5,29,3,3,0,0,67,93579,0
12533,Sales,Bachelor,Male,Sourcing,2,53,2,2,1,0,74,67532,1
12534,HR,Bachelor,Male,Other,5,58,3,2,0,0,45,85788,0
12535,Marketing,Master,Female,Referred,2,25,3,5,0,1,75,123255,1
12536,Finance,Master,Male,Other,2,39,1,4,0,0,51,121212,0
12537,Marketing,Master,Female,Sourcing,5,44,5,2,0,0,97,105266,1
12538,Sales,Bachelor,Female,Sourcing,3,50,4,9,0,0,73,49167,1
12539,Marketing,Bachelor,Female,Other,4,23,2,9,1,0,96,53510,1
12540,Marketing,Bachelor,Male,Sourcing,3,34,4,9,0,0,45,79912,0
12541,Marketing,Bachelor,Male,Referred,3,37,3,4,0,0,76,141830,0
12542,Marketing,Bachelor,Male,Sourcing,2,29,3,8,0,0,76,134524,0
12543,Finance,Bachelor,Female,Sourcing,4,40,3,18,0,0,47,133654,0
12544,Technology,High School,Female,Referred,2,53,4,9,1,0,76,142689,1
12545,HR,Bachelor,Female,Other,1,24,4,3,0,0,95,96196,1
12546,Technology,Bachelor,Male,Referred,2,53,3,6,1,0,79,101786,1
12547,HR,Master,Female,Sourcing,5,42,2,19,1,0,72,127711,1
12548,Technology,Bachelor,Male,Sourcing,2,46,3,5,1,0,91,44833,1
12549,Technology,Master,Male,Sourcing,1,38,3,17,0,0,80,47208,0
12550,HR,Master,Male,Sourcing,2,46,2,19,1,1,85,155219,1
12551,Sales,High School,Male,Other,1,54,3,3,0,0,70,155463,1
12552,Sales,Bachelor,Male,Other,4,52,4,8,0,0,73,140903,1
12553,Finance,Master,Male,Sourcing,2,57,4,9,0,0,50,173060,0
12554,Operations,Bachelor,Male,Other,1,44,3,8,0,0,75,101756,0
12555,HR,Master,Male,Sourcing,4,46,2,14,1,0,43,150955,1
12556,Operations,Bachelor,Female,Other,5,51,4,10,0,0,56,108789,0
12557,Technology,Bachelor,Male,Sourcing,3,34,5,17,1,0,97,97867,1
12558,Sales,Bachelor,Male,Referred,1,50,3,3,0,0,97,177103,1
12559,HR,Bachelor,Female,Sourcing,5,37,1,3,1,0,55,53372,0
12560,Technology,Master,Female,Sourcing,4,59,4,3,0,0,69,44817,0
12561,Marketing,Master,Female,Sourcing,5,48,4,4,1,0,78,158223,1
12562,Marketing,Master,Female,Sourcing,2,47,1,17,1,0,83,132133,1
12563,HR,Bachelor,Male,Sourcing,3,32,3,14,0,0,88,158077,0
12564,HR,Master,Female,Sourcing,1,58,3,2,0,1,44,126324,1
12565,Technology,Bachelor,Female,Sourcing,4,24,3,12,1,0,79,121234,1
12566,Sales,PhD,Female,Referred,3,47,4,5,0,0,91,130419,1
12567,Sales,High School,Female,Sourcing,4,55,3,2,0,0,76,33217,0
12568,Sales,Bachelor,Male,Referred,5,54,4,12,1,0,82,71034,1
12569,Finance,Master,Female,Sourcing,4,36,3,9,0,0,65,157969,0
12570,Operations,Bachelor,Female,Other,4,23,2,9,0,0,67,150706,0
12571,Technology,Bachelor,Female,Other,5,49,3,1,0,0,58,136140,0
12572,Operations,Bachelor,Female,Sourcing,5,41,4,7,0,0,60,141702,0
12573,Sales,Bachelor,Male,Referred,3,59,5,18,0,0,67,59437,1
12574,Technology,Master,Female,Sourcing,1,37,3,10,1,0,58,43888,1
12575,Sales,Bachelor,Female,Other,5,25,1,15,1,0,75,174425,1
12576,Technology,Bachelor,Female,Referred,3,29,5,9,0,0,50,99765,0
12577,Operations,Bachelor,Male,Sourcing,4,41,3,11,0,0,58,53354,0
12578,Technology,Master,Female,Sourcing,4,47,5,1,1,0,44,82242,1
12579,Technology,High School,Female,Sourcing,2,53,2,11,1,0,41,175259,0
12580,Technology,Master,Male,Sourcing,5,34,3,1,0,0,64,172140,1
12581,Sales,Master,Female,Referred,3,26,2,5,1,0,90,46257,1
12582,Finance,Bachelor,Male,Sourcing,3,34,4,18,0,0,65,87874,1
12583,Technology,Bachelor,Male,Sourcing,1,32,5,1,0,0,69,38625,1
12584,Technology,Bachelor,Female,Sourcing,3,58,3,10,0,0,56,78530,0
12585,Technology,Bachelor,Female,Sourcing,5,53,2,13,0,1,60,107461,1
12586,Technology,Master,Male,Sourcing,3,39,2,8,0,0,59,111282,0
12587,HR,Bachelor,Male,Other,2,50,3,13,1,0,57,132011,1
12588,Marketing,Master,Female,Sourcing,4,36,3,2,1,0,86,90637,1
12589,Sales,Bachelor,Male,Referred,4,41,4,12,1,0,55,103794,1
12590,Marketing,Bachelor,Male,Sourcing,3,57,3,13,0,0,67,122390,0
12591,Finance,Bachelor,Female,Sourcing,3,26,3,8,0,0,51,104395,0
12592,Finance,Master,Male,Referred,3,58,1,15,0,0,79,107696,0
12593,Technology,Master,Male,Sourcing,3,54,3,7,0,0,96,177605,0
12594,Technology,PhD,Male,Sourcing,2,39,3,7,0,0,45,67478,0
12595,Sales,Bachelor,Male,Referred,5,40,5,17,0,0,63,51584,0
12596,Marketing,High School,Male,Sourcing,2,53,3,19,1,0,89,175001,1
12597,Sales,Bachelor,Male,Sourcing,2,43,3,3,0,0,82,44130,0
12598,Technology,Bachelor,Female,Referred,2,22,3,7,1,0,45,60457,1
12599,Sales,High School,Male,Referred,4,46,5,12,1,0,56,126241,1
12600,Sales,Bachelor,Female,Sourcing,2,41,1,14,0,0,81,162893,0
12601,Technology,Master,Female,Sourcing,3,56,3,2,1,0,58,78615,1
12602,HR,Bachelor,Female,Sourcing,2,27,5,7,0,0,86,143671,1
12603,Marketing,Bachelor,Female,Sourcing,3,27,4,16,0,0,87,71434,1
12604,Sales,High School,Female,Referred,5,58,3,9,0,0,94,171976,1
12605,HR,Bachelor,Female,Other,4,24,2,1,0,0,67,135676,0
12606,Technology,Master,Female,Other,5,58,4,12,0,0,68,45219,1
12607,HR,Bachelor,Female,Sourcing,5,52,2,2,0,0,88,37893,0
12608,Sales,Master,Male,Sourcing,4,56,2,18,1,0,93,166670,1
12609,Marketing,Bachelor,Female,Referred,3,36,2,14,1,0,46,84644,1
12610,HR,Bachelor,Female,Sourcing,3,38,2,12,1,0,58,139299,1
12611,Finance,Bachelor,Female,Other,3,36,5,18,0,0,98,42565,1
12612,HR,Bachelor,Male,Other,4,26,3,5,0,0,47,73674,0
12613,Sales,High School,Female,Other,2,43,3,7,0,0,47,174404,0
12614,Marketing,Bachelor,Male,Sourcing,1,32,5,4,0,0,44,61668,0
12615,Sales,Bachelor,Female,Sourcing,2,49,2,13,0,0,82,84946,0
12616,Sales,Bachelor,Female,Other,2,35,1,16,0,0,73,87593,0
12617,Technology,Bachelor,Male,Referred,5,24,3,16,0,0,89,112478,0
12618,Sales,Master,Female,Other,1,32,3,19,0,0,60,35769,0
12619,Finance,High School,Male,Sourcing,3,51,3,4,0,0,43,91038,0
12620,Sales,Bachelor,Male,Referred,2,59,1,1,0,0,83,108567,0
12621,Marketing,PhD,Female,Referred,4,26,3,13,1,0,75,102360,1
12622,Finance,Bachelor,Female,Sourcing,2,43,3,9,1,0,44,117008,1
12623,Technology,Bachelor,Male,Referred,3,34,3,10,0,0,88,80738,0
12624,Operations,Master,Male,Referred,2,42,2,6,0,0,62,159543,0
12625,Technology,Bachelor,Female,Sourcing,5,58,3,7,0,0,58,165908,0
12626,Operations,Master,Female,Sourcing,5,46,3,16,0,0,81,176873,0
12627,HR,PhD,Female,Referred,2,42,3,17,1,0,85,65560,1
12628,Marketing,Bachelor,Male,Sourcing,5,49,5,1,0,0,54,118508,0
12629,Technology,High School,Female,Other,4,25,5,9,1,0,97,122690,1
12630,Technology,Master,Male,Sourcing,1,50,3,14,0,0,53,43453,0
12631,Technology,Bachelor,Female,Sourcing,2,56,5,15,1,0,87,178259,1
12632,Marketing,Master,Male,Other,4,44,5,4,0,0,47,49334,0
12633,HR,Bachelor,Male,Other,4,28,3,8,0,0,48,107939,0
12634,Sales,High School,Female,Sourcing,4,30,3,15,0,0,79,172442,1
12635,Marketing,Master,Male,Other,3,44,5,4,1,1,50,162641,1
12636,Marketing,Bachelor,Male,Sourcing,2,24,3,19,0,0,83,60751,0
12637,Operations,Bachelor,Male,Sourcing,2,30,2,3,0,0,85,98768,1
12638,Marketing,Master,Male,Sourcing,2,25,4,8,1,0,57,131336,1
12639,Operations,Bachelor,Male,Sourcing,1,46,2,2,0,0,94,67275,0
12640,Marketing,Bachelor,Female,Other,4,27,3,8,0,0,71,170381,0
12641,Sales,Bachelor,Female,Other,2,39,2,8,1,0,83,165710,1
12642,Sales,Bachelor,Male,Other,5,28,2,17,0,0,75,93639,0
12643,Marketing,Bachelor,Female,Other,3,56,1,16,0,0,84,83123,0
12644,Technology,Bachelor,Male,Sourcing,1,52,5,16,0,0,60,168701,1
12645,HR,Bachelor,Male,Referred,3,59,3,16,0,0,66,62520,1
12646,Technology,Master,Female,Other,4,53,1,7,0,0,87,73845,0
12647,Operations,Bachelor,Male,Other,5,56,1,15,0,0,81,163337,0
12648,Technology,Bachelor,Male,Other,4,49,3,17,0,0,60,66416,0
12649,Technology,Bachelor,Male,Other,2,26,5,3,0,0,50,128724,0
12650,Technology,Bachelor,Female,Sourcing,3,51,2,1,1,0,96,135777,1
12651,Sales,Bachelor,Female,Other,5,43,1,8,1,0,83,143913,1
12652,Technology,Bachelor,Male,Other,3,38,3,7,1,0,89,36572,1
12653,Technology,Bachelor,Male,Other,1,31,3,18,0,0,73,95850,0
12654,HR,Master,Male,Sourcing,5,28,3,5,1,0,90,69001,1
12655,Marketing,Master,Male,Referred,1,25,3,15,0,0,44,125626,0
12656,Technology,Master,Male,Referred,5,48,3,7,0,0,67,48870,0
12657,Finance,Master,Female,Sourcing,2,28,3,10,0,0,91,51754,0
12658,Finance,Master,Female,Referred,3,44,5,16,1,0,49,51739,1
12659,Sales,Bachelor,Female,Sourcing,3,32,1,2,1,0,97,98153,1
12660,Marketing,Master,Female,Sourcing,4,29,2,18,0,0,87,88234,0
12661,Technology,Bachelor,Male,Sourcing,5,29,4,15,1,0,51,59669,1
12662,Finance,Master,Male,Referred,5,58,4,19,1,0,80,41724,1
12663,Sales,Master,Female,Sourcing,1,26,2,14,0,0,42,72381,0
12664,Marketing,Bachelor,Female,Sourcing,5,28,5,2,0,1,40,54820,1
12665,Technology,Bachelor,Male,Sourcing,3,43,4,18,0,0,76,41454,0
12666,Sales,Bachelor,Female,Sourcing,5,57,3,9,0,0,79,89513,0
12667,Sales,Master,Male,Sourcing,4,23,3,1,1,0,88,123594,1
12668,Marketing,Master,Male,Sourcing,4,45,3,16,1,0,40,162085,1
12669,Marketing,PhD,Male,Referred,3,23,2,12,0,0,52,158779,0
12670,Sales,Bachelor,Female,Other,3,33,3,12,0,0,77,34389,1
12671,Technology,Master,Female,Sourcing,3,47,3,19,0,0,54,30245,0
12672,Technology,Bachelor,Female,Sourcing,5,59,4,10,0,0,46,75027,1
12673,Marketing,PhD,Female,Other,5,27,3,5,1,0,69,88551,0
12674,Sales,Bachelor,Female,Sourcing,2,44,3,3,0,1,63,99056,1
12675,Finance,Bachelor,Male,Other,1,23,3,9,0,0,47,105367,0
12676,Sales,Bachelor,Female,Other,5,47,3,15,0,0,42,86735,0
12677,Technology,Master,Male,Sourcing,2,35,4,14,1,0,54,106376,1
12678,HR,High School,Male,Sourcing,2,39,3,11,0,0,75,66363,0
12679,Sales,Bachelor,Male,Referred,4,59,3,13,0,0,80,69117,1
12680,Technology,Bachelor,Female,Sourcing,5,53,3,7,0,0,82,109341,1
12681,Sales,High School,Female,Sourcing,2,35,4,2,0,0,92,40913,1
12682,Finance,Bachelor,Female,Sourcing,4,51,2,3,1,0,53,90103,1
12683,HR,Master,Female,Other,1,34,3,8,0,0,66,39178,0
12684,Technology,Bachelor,Female,Referred,4,52,3,1,1,0,69,178415,1
12685,Sales,Bachelor,Female,Sourcing,1,58,5,4,0,0,80,163324,0
12686,HR,Master,Female,Referred,3,59,3,13,0,0,83,51918,0
12687,Sales,Master,Female,Sourcing,3,43,5,14,0,0,76,51310,0
12688,Technology,Bachelor,Male,Referred,4,49,2,9,1,0,92,95834,1
12689,Technology,Bachelor,Female,Sourcing,3,40,3,3,1,0,96,155065,1
12690,Technology,Master,Male,Referred,5,37,3,14,0,0,45,120811,0
12691,Technology,Bachelor,Male,Other,4,26,3,4,0,0,58,91482,0
12692,Technology,PhD,Male,Sourcing,2,23,4,17,0,0,99,61023,1
12693,HR,Bachelor,Male,Sourcing,5,31,4,15,1,0,76,118359,1
12694,Technology,Bachelor,Female,Sourcing,4,40,4,12,0,0,40,111185,0
12695,Operations,High School,Female,Sourcing,1,41,3,14,0,0,64,62109,0
12696,Technology,Master,Male,Sourcing,3,50,5,19,1,0,49,147104,1
12697,Marketing,Bachelor,Male,Other,3,46,3,10,0,0,85,156954,1
12698,Sales,Master,Male,Other,3,38,4,5,1,0,65,178608,1
12699,Marketing,Bachelor,Female,Sourcing,4,34,5,17,1,0,98,96834,1
12700,Marketing,Bachelor,Male,Referred,5,37,3,17,1,0,62,84359,1
12701,Technology,High School,Male,Referred,1,56,4,3,1,0,56,118279,1
12702,Operations,Master,Female,Referred,3,57,3,16,0,0,69,101136,1
12703,Sales,Master,Male,Sourcing,5,24,2,9,0,0,66,139674,0
12704,HR,Bachelor,Female,Sourcing,2,30,3,17,0,0,50,121159,0
12705,Marketing,Bachelor,Female,Sourcing,2,50,2,12,1,0,43,111127,0
12706,Finance,Bachelor,Male,Sourcing,1,26,3,2,0,0,57,100699,0
12707,Sales,Bachelor,Male,Other,3,24,5,16,0,0,58,81517,0
12708,Sales,Master,Male,Other,2,31,1,6,1,0,75,40382,1
12709,HR,Bachelor,Female,Sourcing,5,52,1,2,1,0,83,144390,1
12710,Sales,Master,Female,Sourcing,5,32,3,9,0,0,85,141827,0
12711,Marketing,Bachelor,Female,Other,2,38,3,5,0,0,89,85165,0
12712,Technology,Bachelor,Male,Referred,3,29,3,18,0,0,65,166990,0
12713,Sales,Bachelor,Male,Other,1,23,3,18,0,0,40,76906,0
12714,Technology,Bachelor,Male,Sourcing,3,25,1,10,0,0,98,97270,0
12715,HR,Bachelor,Male,Referred,4,37,1,10,0,0,59,97072,0
12716,Sales,High School,Male,Referred,2,42,5,10,0,0,96,89716,1
12717,Technology,Bachelor,Male,Other,4,26,2,18,0,0,50,96781,0
12718,Operations,High School,Female,Sourcing,2,56,3,16,0,0,98,65301,0
12719,Finance,Bachelor,Female,Sourcing,1,35,5,6,1,0,64,80966,1
12720,HR,High School,Female,Sourcing,3,36,4,12,0,0,99,151318,0
12721,Finance,Bachelor,Male,Other,3,27,2,4,0,0,96,110501,0
12722,Marketing,High School,Female,Other,2,37,3,16,0,0,58,95510,0
12723,Marketing,Bachelor,Female,Other,5,44,4,11,1,0,71,83366,1
12724,Technology,Master,Female,Other,4,52,4,1,1,0,40,45868,1
12725,Technology,High School,Male,Sourcing,3,33,4,5,0,0,40,179229,0
12726,Sales,Bachelor,Male,Sourcing,3,40,3,17,1,0,42,75409,1
12727,HR,Bachelor,Female,Sourcing,2,33,2,11,0,0,97,150734,0
12728,Sales,Bachelor,Male,Sourcing,5,34,3,14,0,0,85,138157,1
12729,Sales,High School,Male,Other,4,23,3,9,0,0,79,170934,1
12730,Technology,Bachelor,Male,Other,5,41,3,10,0,0,71,111208,0
12731,Marketing,Bachelor,Male,Sourcing,5,52,1,4,0,0,86,38178,0
12732,Technology,Bachelor,Female,Referred,2,30,1,2,0,0,75,31087,0
12733,HR,Bachelor,Male,Other,5,42,5,6,0,0,82,175665,1
12734,Operations,Master,Female,Sourcing,4,29,2,3,0,1,47,156827,1
12735,Operations,Bachelor,Female,Sourcing,1,58,3,13,0,0,69,33489,0
12736,Marketing,Master,Male,Sourcing,1,50,4,12,0,1,78,103547,1
12737,Operations,High School,Male,Sourcing,4,40,3,18,0,0,95,32489,1
12738,Technology,Bachelor,Male,Referred,2,56,2,6,1,0,73,79967,1
12739,Operations,Master,Female,Sourcing,3,59,3,10,1,0,47,169102,0
12740,HR,Bachelor,Female,Sourcing,2,47,3,6,0,0,64,87575,0
12741,Technology,Master,Female,Other,4,32,3,5,0,0,65,121596,0
12742,Sales,Bachelor,Female,Referred,5,57,5,15,0,0,66,119237,0
12743,Sales,Master,Female,Sourcing,1,56,3,15,1,0,93,64099,1
12744,Sales,Bachelor,Female,Other,5,25,4,12,0,0,58,127836,0
12745,Technology,Bachelor,Female,Sourcing,2,24,2,9,0,0,62,65189,0
12746,Marketing,Bachelor,Male,Sourcing,4,33,3,13,0,0,80,172887,1
12747,Technology,Bachelor,Female,Other,1,53,4,16,0,0,55,113325,0
12748,Sales,Master,Female,Sourcing,4,47,2,2,1,0,47,86755,1
12749,Finance,Bachelor,Female,Other,1,34,3,17,0,0,69,89526,0
12750,Technology,Master,Female,Sourcing,1,59,2,9,1,0,47,153058,0
12751,Technology,Bachelor,Male,Sourcing,1,50,2,19,1,0,50,127500,0
12752,Marketing,Master,Female,Referred,2,40,3,6,1,0,46,38084,1
12753,Sales,Bachelor,Female,Sourcing,4,56,4,4,1,0,60,38742,1
12754,Sales,Bachelor,Male,Other,3,48,2,15,0,0,73,165146,0
12755,Operations,Bachelor,Male,Referred,3,52,5,18,0,0,60,74326,1
12756,Sales,Master,Female,Other,3,24,2,12,0,0,44,117699,0
12757,Technology,Bachelor,Female,Other,4,56,2,12,0,0,89,166725,0
12758,Finance,PhD,Female,Sourcing,5,45,2,17,0,0,82,76531,1
12759,Marketing,PhD,Female,Other,4,28,2,7,0,0,97,54776,0
12760,HR,Bachelor,Female,Referred,1,56,1,5,0,0,56,99431,0
12761,Sales,Master,Female,Referred,5,42,4,12,0,0,60,55922,0
12762,HR,Bachelor,Male,Other,1,22,3,17,0,0,45,99976,0
12763,Technology,Bachelor,Male,Referred,1,27,3,2,1,0,84,97999,1
12764,Technology,Master,Female,Sourcing,4,55,5,4,1,0,46,85249,1
12765,Sales,Master,Female,Referred,3,39,3,2,1,0,50,104348,1
12766,Operations,Master,Female,Sourcing,5,46,2,14,0,0,57,135187,0
12767,Technology,Bachelor,Male,Sourcing,2,36,3,14,0,0,77,31777,0
12768,Sales,Bachelor,Female,Referred,3,53,2,13,0,0,51,151372,0
12769,Technology,Bachelor,Male,Sourcing,2,39,3,17,0,0,95,141974,1
12770,Marketing,Master,Male,Sourcing,4,52,3,17,0,0,61,141470,0
12771,HR,Bachelor,Female,Sourcing,5,50,3,18,1,0,42,178588,1
12772,Sales,Master,Male,Referred,4,36,4,3,1,0,58,127729,1
12773,Finance,Bachelor,Female,Sourcing,2,44,4,16,0,0,82,77626,0
12774,Technology,Bachelor,Male,Other,1,59,4,19,1,0,62,47338,1
12775,Technology,Bachelor,Female,Sourcing,4,32,2,6,1,0,73,177587,1
12776,Technology,Bachelor,Female,Sourcing,5,36,2,6,1,0,42,30604,1
12777,HR,Bachelor,Male,Sourcing,4,44,3,18,0,0,62,119329,0
12778,Sales,Master,Male,Referred,3,24,2,9,1,0,96,113320,1
12779,Technology,PhD,Male,Sourcing,4,40,1,18,0,0,88,106994,0
12780,Sales,Bachelor,Female,Other,2,22,3,6,0,0,44,75313,0
12781,HR,Bachelor,Male,Other,4,45,3,9,1,1,68,156955,1
12782,Finance,Bachelor,Male,Other,5,32,4,18,0,0,73,139389,1
12783,Operations,PhD,Female,Other,4,51,3,16,1,0,83,101983,1
12784,Marketing,Bachelor,Female,Sourcing,4,32,5,13,1,0,44,98084,1
12785,Finance,High School,Male,Referred,5,22,4,11,0,0,68,93677,0
12786,Sales,Bachelor,Male,Other,4,33,1,8,0,0,84,64653,0
12787,Operations,Bachelor,Male,Referred,5,25,3,17,0,0,93,95874,0
12788,Sales,High School,Female,Other,2,46,3,9,0,0,63,36558,0
12789,Operations,Bachelor,Female,Other,5,29,4,6,0,0,78,96446,1
12790,Operations,Bachelor,Male,Other,2,36,3,1,0,0,60,142706,0
12791,Marketing,Bachelor,Female,Sourcing,2,51,3,1,0,0,71,43010,0
12792,Operations,Bachelor,Male,Other,5,53,3,13,1,0,82,50654,1
12793,Technology,Bachelor,Male,Referred,4,56,3,7,0,0,44,119939,0
12794,Sales,Master,Female,Referred,3,42,5,10,1,1,57,166572,1
12795,Technology,Master,Male,Sourcing,5,52,3,18,0,0,77,58662,1
12796,Technology,Bachelor,Male,Other,4,57,1,6,0,0,74,129200,0
12797,HR,High School,Female,Other,2,48,2,13,1,0,77,131062,1
12798,Technology,Bachelor,Male,Sourcing,1,29,5,5,0,0,55,157509,0
12799,Operations,Bachelor,Male,Referred,3,44,3,15,1,0,74,160397,1
12800,Sales,Bachelor,Female,Sourcing,4,44,4,12,1,0,89,63465,1
12801,Marketing,Bachelor,Male,Other,3,54,4,11,0,0,63,130223,0
12802,Operations,Bachelor,Male,Sourcing,1,34,4,8,0,0,75,31611,1
12803,Operations,High School,Female,Sourcing,1,56,3,5,1,0,44,54716,1
12804,Operations,Bachelor,Female,Sourcing,1,37,2,8,0,0,48,66431,0
12805,Technology,Bachelor,Female,Referred,5,33,2,5,0,0,43,172591,0
12806,Operations,Bachelor,Male,Sourcing,3,52,3,10,1,0,72,96913,1
12807,Marketing,Master,Female,Referred,5,26,3,15,0,0,66,175385,0
12808,Sales,PhD,Male,Other,1,46,3,6,0,0,61,53539,0
12809,Technology,Bachelor,Female,Other,4,42,3,18,0,0,98,131167,1
12810,Marketing,Bachelor,Male,Sourcing,1,24,3,3,0,0,50,105278,0
12811,Sales,Bachelor,Male,Other,5,31,1,9,0,0,44,109714,0
12812,Technology,Bachelor,Female,Referred,1,44,1,10,0,0,49,172703,0
12813,Marketing,Bachelor,Male,Sourcing,1,38,4,7,0,0,42,32312,0
12814,Sales,Bachelor,Male,Sourcing,5,56,2,19,0,0,54,153551,0
12815,Technology,Bachelor,Female,Sourcing,5,46,4,2,1,0,98,95119,1
12816,Marketing,Bachelor,Male,Other,4,23,3,8,0,0,98,100415,0
12817,Technology,Bachelor,Male,Sourcing,5,48,5,7,1,0,85,113231,1
12818,HR,High School,Male,Sourcing,4,30,4,5,0,0,76,106568,1
12819,HR,High School,Female,Other,2,25,3,4,1,0,79,140429,1
12820,Technology,Bachelor,Female,Referred,2,47,3,11,0,0,56,91476,0
12821,Operations,Bachelor,Female,Other,5,53,2,10,0,0,59,70610,0
12822,Sales,Bachelor,Female,Other,1,50,3,1,1,1,90,149084,1
12823,Technology,Bachelor,Female,Sourcing,3,43,4,4,1,0,43,167703,1
12824,Sales,Master,Female,Other,1,34,3,6,1,0,73,82003,1
12825,Sales,Bachelor,Female,Sourcing,5,44,3,18,0,0,73,61349,0
12826,Finance,PhD,Female,Referred,4,52,2,13,1,0,70,49416,1
12827,Marketing,High School,Male,Referred,1,57,4,13,0,0,73,61057,0
12828,HR,Bachelor,Male,Sourcing,2,52,3,1,0,0,42,131369,0
12829,Technology,Bachelor,Male,Other,5,36,4,4,0,0,67,154121,0
12830,HR,Bachelor,Male,Sourcing,1,35,3,4,0,0,80,93690,0
12831,Technology,Bachelor,Female,Sourcing,1,56,3,18,0,0,76,168958,0
12832,Marketing,Bachelor,Male,Other,4,45,1,18,0,0,91,141963,0
12833,Sales,Bachelor,Male,Referred,4,51,2,18,1,0,68,136626,1
12834,Sales,PhD,Male,Referred,4,51,5,15,0,0,54,35886,0
12835,Technology,Bachelor,Male,Referred,3,48,4,18,1,0,75,49091,1
12836,Operations,Bachelor,Male,Other,5,35,3,15,1,0,74,97639,1
12837,Operations,Master,Female,Sourcing,5,32,3,17,0,0,80,65149,1
12838,HR,Master,Female,Sourcing,2,47,3,5,0,0,98,45176,0
12839,Marketing,Bachelor,Male,Sourcing,2,42,3,11,0,0,49,41447,1
12840,Technology,PhD,Male,Sourcing,5,30,3,16,0,0,56,120798,0
12841,Technology,Bachelor,Male,Other,1,22,3,2,1,0,69,122823,1
12842,Marketing,Bachelor,Male,Sourcing,5,27,4,17,0,0,93,174168,1
12843,Operations,Bachelor,Female,Sourcing,3,22,4,1,0,0,91,42291,1
12844,Operations,Bachelor,Male,Sourcing,2,43,3,18,0,0,47,146299,0
12845,Technology,Master,Female,Other,2,34,4,17,0,0,62,125191,0
12846,Technology,Master,Male,Other,2,59,3,18,0,0,58,92976,0
12847,Marketing,Master,Female,Sourcing,5,52,2,19,0,0,76,50446,0
12848,Sales,Bachelor,Female,Referred,2,36,1,5,1,0,98,68281,1
12849,Technology,Bachelor,Female,Sourcing,2,23,4,13,0,0,82,70800,0
12850,Technology,Bachelor,Male,Referred,5,52,5,6,0,0,75,88338,1
12851,Marketing,Bachelor,Male,Sourcing,1,47,4,13,1,0,43,80705,1
12852,Sales,Master,Female,Sourcing,2,23,4,18,0,0,65,167816,1
12853,Sales,Master,Male,Referred,2,32,2,4,0,0,86,158331,0
12854,Operations,Bachelor,Male,Other,2,54,1,9,0,0,79,57451,0
12855,Sales,Bachelor,Female,Sourcing,3,39,3,3,0,0,96,172491,0
12856,Technology,Bachelor,Male,Other,5,42,5,8,0,0,66,118215,0
12857,Sales,Bachelor,Female,Referred,2,52,5,13,0,0,52,71619,0
12858,HR,Bachelor,Male,Other,3,47,2,11,0,0,91,47348,0
12859,HR,Bachelor,Male,Sourcing,1,51,4,10,1,0,83,122186,1
12860,Sales,Bachelor,Female,Sourcing,1,42,3,11,0,0,73,145675,0
12861,Finance,Bachelor,Female,Other,3,37,1,3,0,0,72,111831,0
12862,Sales,Bachelor,Female,Sourcing,1,28,3,14,1,0,85,102902,1
12863,Operations,Bachelor,Female,Sourcing,4,43,4,14,1,0,65,114050,1
12864,Technology,Master,Male,Sourcing,1,28,3,19,1,0,59,135525,1
12865,Technology,Bachelor,Male,Other,4,23,5,4,0,0,47,111489,0
12866,Technology,High School,Male,Sourcing,3,58,2,1,0,0,55,74174,0
12867,Technology,Bachelor,Female,Other,4,35,1,2,0,0,44,137772,0
12868,Marketing,Bachelor,Male,Sourcing,1,29,2,6,1,0,73,115426,1
12869,Sales,Bachelor,Male,Sourcing,2,50,4,13,0,0,86,142068,1
12870,Technology,Bachelor,Male,Sourcing,4,28,3,14,1,0,66,168791,1
12871,Finance,Master,Female,Sourcing,1,59,4,1,1,0,75,178474,1
12872,Operations,Bachelor,Female,Referred,2,43,3,8,0,0,43,104948,0
12873,Finance,High School,Male,Referred,3,38,3,18,0,0,81,62228,0
12874,Technology,PhD,Male,Sourcing,3,37,4,14,0,0,92,76982,0
12875,Marketing,Bachelor,Female,Sourcing,5,54,3,2,0,0,89,66125,0
12876,Technology,Bachelor,Female,Referred,3,56,4,12,0,0,46,77562,0
12877,Technology,Master,Female,Other,5,59,2,1,0,0,76,62307,0
12878,Sales,Bachelor,Female,Other,3,53,3,15,0,0,75,166806,1
12879,Technology,Master,Male,Other,3,24,4,11,0,0,63,74064,0
12880,Sales,Bachelor,Female,Sourcing,3,24,5,18,1,1,54,64314,1
12881,Sales,Bachelor,Male,Other,5,29,2,17,1,0,89,109227,1
12882,Finance,Bachelor,Female,Sourcing,5,52,3,3,1,0,88,97147,1
12883,Sales,Bachelor,Male,Sourcing,4,30,3,15,0,0,45,33977,0
12884,HR,PhD,Male,Other,1,26,3,13,0,0,65,67875,0
12885,HR,Bachelor,Female,Other,1,49,2,3,0,0,65,67380,0
12886,Operations,Master,Male,Referred,1,36,2,13,0,0,95,54046,0
12887,Technology,Bachelor,Male,Sourcing,3,48,4,9,1,0,94,50895,1
12888,Technology,Bachelor,Male,Sourcing,1,52,4,10,0,0,64,44325,1
12889,Finance,Bachelor,Female,Sourcing,5,39,3,1,0,0,72,128859,0
12890,Finance,Bachelor,Female,Other,4,59,4,2,0,0,42,54781,0
12891,Sales,Bachelor,Female,Sourcing,2,25,1,14,0,0,48,175298,0
12892,Marketing,Bachelor,Male,Other,4,42,3,5,1,0,76,137497,1
12893,Marketing,Master,Male,Sourcing,1,44,5,10,1,0,77,46501,1
12894,Marketing,Bachelor,Male,Other,1,43,4,19,1,0,69,132155,1
12895,Sales,Bachelor,Male,Other,5,22,3,8,0,0,66,66529,0
12896,Finance,Master,Female,Sourcing,4,46,4,13,1,0,52,51874,1
12897,Technology,Master,Male,Sourcing,5,49,3,9,0,0,62,149924,0
12898,Sales,Bachelor,Male,Other,5,58,4,18,1,0,42,57277,0
12899,Technology,Bachelor,Male,Referred,2,32,3,4,1,0,62,68471,1
12900,HR,PhD,Female,Referred,5,43,4,8,0,0,74,126867,0
12901,Sales,Bachelor,Male,Referred,5,46,1,5,1,0,93,98536,1
12902,Marketing,Bachelor,Female,Sourcing,2,42,3,6,0,0,63,166587,0
12903,HR,Bachelor,Female,Other,3,57,3,5,0,0,94,73147,0
12904,Technology,Master,Male,Sourcing,3,41,3,1,0,0,76,42719,0
12905,Technology,Bachelor,Male,Other,2,37,4,19,1,0,51,120642,1
12906,HR,High School,Male,Sourcing,5,49,5,4,1,0,93,124754,1
12907,Operations,Bachelor,Male,Other,1,50,4,1,1,0,59,140146,0
12908,Sales,Master,Female,Sourcing,4,47,2,19,0,0,57,153621,0
12909,Sales,Bachelor,Female,Sourcing,1,23,4,4,0,0,46,129378,0
12910,Sales,Bachelor,Female,Sourcing,1,31,2,14,1,0,91,123074,1
12911,Sales,PhD,Female,Other,5,34,3,14,0,0,93,158546,0
12912,HR,Bachelor,Female,Referred,4,36,5,9,0,0,65,139199,1
12913,Marketing,Bachelor,Female,Other,4,30,2,19,0,0,51,158068,0
12914,Operations,Bachelor,Female,Sourcing,3,48,4,11,0,0,73,121304,0
12915,Sales,Bachelor,Female,Referred,2,29,4,16,0,1,87,50405,1
12916,Marketing,Bachelor,Female,Other,5,27,3,19,0,1,71,175088,1
12917,Marketing,Master,Female,Sourcing,4,57,3,4,1,0,69,171341,1
12918,Finance,Bachelor,Male,Sourcing,5,45,3,9,1,0,41,104898,1
12919,Technology,Bachelor,Male,Sourcing,3,24,5,17,1,0,93,132487,1
12920,Sales,Bachelor,Male,Sourcing,1,47,2,15,0,0,47,135773,0
12921,Sales,Master,Female,Sourcing,4,57,3,8,0,0,72,43115,0
12922,Marketing,Master,Male,Referred,3,42,1,13,0,0,85,46974,0
12923,Finance,Bachelor,Female,Sourcing,5,34,2,1,0,0,81,102727,1
12924,Sales,Bachelor,Female,Other,3,32,4,2,0,0,94,90835,0
12925,Technology,High School,Male,Other,3,29,3,10,1,0,93,32224,1
12926,Operations,Bachelor,Female,Referred,3,35,5,13,0,0,69,157757,0
12927,Finance,PhD,Male,Referred,3,54,3,11,0,0,92,35333,0
12928,Operations,PhD,Female,Sourcing,3,23,3,14,0,0,84,93239,0
12929,Marketing,Master,Female,Other,3,22,1,16,1,0,81,143327,1
12930,Technology,Bachelor,Male,Sourcing,2,32,5,6,1,0,84,134437,1
12931,Technology,Master,Male,Referred,5,27,2,2,1,0,67,154496,1
12932,Marketing,Master,Male,Other,1,53,3,5,0,0,52,74228,0
12933,HR,Bachelor,Male,Referred,5,36,3,19,1,0,63,165976,1
12934,Technology,Bachelor,Male,Other,4,33,3,7,1,0,72,165970,1
12935,Marketing,Bachelor,Male,Sourcing,4,58,3,17,0,0,44,126309,0
12936,Sales,Bachelor,Female,Sourcing,5,50,4,5,1,0,99,153044,1
12937,Marketing,Bachelor,Female,Other,3,43,2,12,0,0,87,115521,0
12938,Technology,Bachelor,Female,Sourcing,2,35,3,19,0,0,45,42052,0
12939,Operations,Bachelor,Female,Other,1,40,4,18,0,0,43,131631,0
12940,HR,Bachelor,Male,Sourcing,3,26,3,12,0,0,81,149943,0
12941,Sales,Bachelor,Female,Other,5,56,2,3,0,0,82,34572,0
12942,Technology,Master,Female,Sourcing,5,46,3,4,1,0,99,61443,1
12943,Sales,High School,Male,Referred,2,59,2,15,0,0,97,36896,0
12944,Marketing,Bachelor,Female,Referred,2,30,2,15,0,0,73,35233,0
12945,Marketing,Bachelor,Male,Sourcing,5,28,3,11,0,0,68,173716,0
12946,Sales,Bachelor,Male,Sourcing,3,39,3,2,0,0,95,163436,1
12947,Technology,Master,Male,Sourcing,3,23,1,18,1,0,60,68596,0
12948,Technology,Master,Female,Sourcing,3,31,3,3,0,0,65,31210,0
12949,Technology,High School,Male,Sourcing,1,23,5,18,0,0,71,45625,1
12950,Operations,Bachelor,Female,Sourcing,1,29,5,14,1,0,61,102382,1
12951,Finance,High School,Female,Referred,3,28,4,6,0,0,80,73973,0
12952,Marketing,Bachelor,Female,Sourcing,5,56,3,2,1,0,53,174218,1
12953,Marketing,Master,Male,Other,2,44,1,1,0,0,73,162820,0
12954,Technology,Bachelor,Male,Referred,4,29,4,8,1,0,76,85589,1
12955,Operations,PhD,Male,Sourcing,2,42,1,10,1,0,83,102449,1
12956,Marketing,Bachelor,Female,Sourcing,2,54,2,18,0,0,40,129864,0
12957,Marketing,Master,Female,Other,4,22,3,11,0,0,71,164849,0
12958,Finance,Master,Male,Sourcing,3,33,2,18,1,0,71,118122,1
12959,Sales,Bachelor,Female,Referred,2,32,4,16,0,0,90,42483,0
12960,Finance,Bachelor,Male,Referred,4,51,4,5,0,0,93,113687,1
12961,Sales,PhD,Male,Sourcing,5,25,4,7,1,0,63,59106,1
12962,Sales,Bachelor,Female,Other,5,55,4,2,0,0,83,148632,1
12963,Sales,Bachelor,Female,Sourcing,5,44,2,11,0,0,60,141439,0
12964,Operations,Bachelor,Male,Sourcing,3,53,4,13,0,0,51,132996,0
12965,Finance,Bachelor,Female,Other,2,24,3,16,0,0,59,151732,0
12966,Marketing,Bachelor,Male,Referred,2,49,4,14,1,0,76,99346,1
12967,Marketing,Bachelor,Male,Other,1,25,2,7,0,0,59,52485,0
12968,Technology,Bachelor,Female,Referred,5,33,4,7,0,0,41,30826,0
12969,Operations,Bachelor,Male,Other,3,45,5,12,1,1,53,38481,1
12970,Technology,PhD,Female,Other,4,54,1,12,1,0,56,50981,1
12971,Technology,High School,Male,Sourcing,3,24,1,1,0,0,63,31080,0
12972,Sales,Master,Female,Other,2,25,2,6,0,0,69,121767,0
12973,Marketing,Bachelor,Female,Referred,5,51,3,8,1,0,54,65876,1
12974,Marketing,High School,Male,Sourcing,1,27,3,13,0,0,88,156739,1
12975,Technology,Bachelor,Female,Referred,3,51,4,5,0,0,73,93613,0
12976,HR,Bachelor,Female,Sourcing,1,29,3,10,0,0,92,44036,1
12977,Finance,High School,Male,Other,2,39,3,14,0,0,47,54252,0
12978,HR,Master,Female,Referred,4,37,4,9,1,1,81,32027,1
12979,Marketing,Master,Male,Other,3,27,3,17,1,0,42,115612,1
12980,Operations,Master,Female,Sourcing,2,45,3,3,0,0,50,127331,0
12981,Technology,Bachelor,Male,Referred,5,49,4,12,1,0,66,138463,1
12982,Sales,Bachelor,Male,Sourcing,3,53,4,12,0,0,48,150714,0
12983,Marketing,Master,Male,Referred,1,46,1,11,0,0,54,126669,0
12984,Finance,Bachelor,Male,Other,3,49,2,4,1,0,71,142955,1
12985,Technology,Bachelor,Female,Other,2,42,2,8,0,0,93,118209,0
12986,Operations,Master,Male,Other,2,29,3,10,1,1,50,48636,1
12987,HR,Master,Female,Other,1,57,3,14,0,0,42,146714,0
12988,Technology,Bachelor,Male,Sourcing,2,30,4,1,0,1,65,91897,1
12989,Marketing,Master,Female,Sourcing,3,42,4,12,1,0,46,153368,1
12990,Finance,Master,Male,Referred,1,22,2,5,0,0,67,107863,0
12991,Sales,Master,Female,Sourcing,2,25,3,14,0,0,94,143855,0
12992,Finance,Bachelor,Female,Sourcing,2,31,3,4,1,0,78,56198,1
12993,Technology,Bachelor,Male,Referred,3,47,3,17,1,0,43,94239,1
12994,Technology,Bachelor,Male,Sourcing,2,24,3,13,0,0,69,85450,0
12995,Sales,Bachelor,Male,Sourcing,3,30,5,3,1,0,77,138111,1
12996,Finance,Bachelor,Female,Other,5,53,2,11,0,0,90,123702,0
12997,Sales,Bachelor,Female,Sourcing,3,24,1,11,0,0,53,109926,0
12998,Sales,Bachelor,Female,Sourcing,4,25,3,5,1,0,75,88059,1
12999,Sales,High School,Female,Sourcing,2,27,3,6,1,0,70,133070,1
13000,Finance,Bachelor,Male,Other,5,30,2,4,0,0,90,35258,1
13001,Marketing,Master,Male,Other,1,47,2,10,1,0,58,173589,1
13002,Marketing,Master,Male,Referred,4,23,3,10,1,0,88,120007,1
13003,Sales,Bachelor,Male,Sourcing,1,23,3,12,0,0,92,68871,0
13004,Technology,High School,Female,Other,4,42,5,18,1,0,99,72642,1
13005,Technology,Bachelor,Female,Referred,5,43,3,15,1,0,90,88790,1
13006,Finance,Bachelor,Male,Other,5,24,2,18,0,0,51,69956,0
13007,Operations,Master,Female,Other,5,56,3,3,0,0,88,72479,0
13008,HR,Bachelor,Male,Sourcing,4,59,2,3,1,0,54,34310,1
13009,Marketing,Master,Female,Sourcing,3,54,3,1,0,0,48,104067,0
13010,HR,Bachelor,Female,Sourcing,1,36,3,17,0,0,66,38303,0
13011,Technology,Master,Female,Sourcing,3,32,3,10,0,0,99,125209,0
13012,Sales,Bachelor,Female,Other,3,31,4,6,0,0,59,91821,0
13013,Sales,Master,Female,Other,2,57,2,11,1,0,67,99717,1
13014,Technology,Bachelor,Female,Other,1,35,5,14,0,0,64,149144,1
13015,Technology,Master,Male,Sourcing,4,23,4,17,0,0,55,96019,1
13016,Sales,Master,Female,Sourcing,2,58,3,7,1,0,57,82254,0
13017,Marketing,Bachelor,Male,Sourcing,2,50,2,4,1,0,89,70295,1
13018,Technology,Master,Male,Sourcing,5,56,3,11,0,0,75,151803,0
13019,HR,Bachelor,Male,Sourcing,4,41,3,19,0,0,43,164363,0
13020,Marketing,PhD,Male,Referred,3,42,3,9,1,0,60,97271,1
13021,Sales,Bachelor,Male,Sourcing,3,55,1,8,1,0,66,37280,1
13022,Technology,Master,Male,Other,3,54,5,4,0,0,40,105276,0
13023,Marketing,Master,Female,Sourcing,5,40,1,16,0,0,44,79998,0
13024,Sales,Bachelor,Female,Other,3,29,3,6,0,0,83,78052,1
13025,HR,Bachelor,Female,Referred,1,52,2,6,0,0,85,30887,0
13026,Technology,Bachelor,Male,Sourcing,3,32,3,19,0,1,49,154796,0
13027,Operations,Master,Male,Other,3,29,4,2,1,1,89,39503,1
13028,Technology,Bachelor,Male,Other,1,46,3,11,0,0,60,65894,0
13029,Marketing,Bachelor,Female,Referred,5,41,2,18,0,0,49,41506,0
13030,Technology,Master,Female,Referred,2,59,5,9,0,0,65,165336,0
13031,Sales,Bachelor,Female,Sourcing,4,28,4,16,0,0,55,31817,0
13032,Technology,Master,Male,Referred,5,34,4,11,0,0,77,131484,0
13033,Marketing,Bachelor,Male,Other,3,31,4,14,0,0,42,84172,0
13034,Sales,Bachelor,Male,Sourcing,2,29,3,8,0,0,59,60033,0
13035,Sales,Master,Female,Sourcing,4,41,3,13,1,0,86,68947,1
13036,Sales,Bachelor,Male,Other,4,38,3,10,1,0,44,53251,1
13037,Technology,Bachelor,Male,Sourcing,4,32,2,12,1,0,45,165008,0
13038,Operations,PhD,Male,Referred,1,37,3,3,1,1,64,109187,1
13039,HR,Bachelor,Male,Referred,1,58,5,2,0,0,64,45490,0
13040,Technology,High School,Female,Referred,2,53,3,11,1,0,93,68970,1
13041,Sales,High School,Female,Sourcing,3,47,5,18,1,0,51,150298,1
13042,Operations,Bachelor,Male,Sourcing,2,58,3,4,0,0,40,132200,0
13043,Sales,Bachelor,Male,Sourcing,3,30,4,8,1,0,93,106333,1
13044,Technology,Master,Female,Other,5,56,3,11,0,0,81,51466,0
13045,Marketing,Bachelor,Female,Other,4,24,4,15,0,1,42,71303,1
13046,Marketing,Bachelor,Male,Referred,4,52,3,2,0,0,60,55210,1
13047,Technology,Master,Female,Referred,1,28,2,19,1,0,44,157139,1
13048,Sales,Bachelor,Female,Sourcing,5,23,2,15,0,0,97,50761,0
13049,Technology,PhD,Male,Sourcing,5,46,5,13,1,0,54,82075,1
13050,Sales,Bachelor,Female,Other,3,33,1,2,0,0,43,118326,0
13051,Sales,Bachelor,Female,Sourcing,5,51,3,3,0,0,58,174719,0
13052,Technology,Bachelor,Female,Sourcing,1,51,3,14,1,0,56,122205,1
13053,Sales,High School,Female,Sourcing,3,50,3,13,0,0,94,31433,1
13054,Sales,Master,Male,Sourcing,2,32,4,16,0,0,47,124199,0
13055,Marketing,Master,Female,Sourcing,3,44,4,12,0,0,76,138497,0
13056,Operations,Bachelor,Female,Other,2,38,5,1,0,0,63,31856,0
13057,Technology,Bachelor,Male,Other,3,34,3,6,0,0,43,146220,0
13058,HR,Bachelor,Female,Other,4,54,3,13,1,0,63,102397,1
13059,HR,Bachelor,Male,Other,2,22,5,2,0,0,58,72830,0
13060,Operations,Bachelor,Male,Other,1,34,5,18,0,1,63,154607,1
13061,Sales,Master,Female,Referred,2,59,5,17,0,0,93,47879,1
13062,HR,Bachelor,Female,Sourcing,2,24,4,19,0,0,80,106603,1
13063,Technology,High School,Female,Other,3,37,2,15,1,0,84,113848,1
13064,Technology,Bachelor,Female,Sourcing,4,28,1,8,0,0,60,88382,0
13065,Technology,High School,Female,Sourcing,3,24,4,9,0,0,56,172500,0
13066,Sales,Bachelor,Male,Sourcing,3,35,4,8,0,0,47,119644,0
13067,HR,Bachelor,Female,Referred,4,37,4,8,0,0,70,113787,0
13068,Operations,Bachelor,Male,Sourcing,3,25,3,11,1,0,98,140491,1
13069,Sales,Bachelor,Female,Sourcing,4,52,3,18,0,0,58,110563,0
13070,Marketing,Bachelor,Male,Sourcing,1,34,3,17,0,0,50,83057,0
13071,Marketing,Bachelor,Female,Other,4,48,3,6,0,0,92,51913,1
13072,Technology,Bachelor,Female,Referred,5,22,3,2,1,0,85,142275,1
13073,Sales,Master,Female,Other,4,46,5,1,1,0,89,133384,1
13074,Sales,Master,Female,Sourcing,4,58,2,10,0,0,62,46852,0
13075,Technology,Master,Female,Sourcing,5,32,3,8,1,0,76,87984,1
13076,Finance,Bachelor,Male,Referred,4,30,3,16,1,0,67,58507,1
13077,Operations,Master,Female,Sourcing,2,28,4,14,0,0,62,136469,1
13078,Sales,Bachelor,Female,Referred,3,35,3,16,1,0,51,59725,1
13079,Sales,Bachelor,Female,Other,3,51,5,14,0,0,55,55531,1
13080,Operations,Bachelor,Male,Other,1,45,2,7,1,0,55,83769,1
13081,Marketing,Bachelor,Female,Other,1,24,2,18,0,0,53,162757,0
13082,Finance,Bachelor,Male,Sourcing,5,48,4,9,0,0,46,144972,0
13083,Sales,Bachelor,Female,Sourcing,2,22,3,4,1,0,60,84663,1
13084,Technology,Bachelor,Male,Referred,1,59,2,16,0,0,60,155842,0
13085,Marketing,Master,Female,Sourcing,3,47,3,11,0,0,80,129875,0
13086,Marketing,Master,Female,Sourcing,1,27,4,9,1,0,74,83161,1
13087,Technology,High School,Male,Sourcing,1,33,1,17,1,0,85,108600,1
13088,HR,Master,Female,Sourcing,4,59,3,11,1,0,63,149430,1
13089,Technology,Bachelor,Male,Sourcing,1,56,4,3,0,0,40,175544,0
13090,Sales,PhD,Female,Sourcing,5,31,3,11,0,0,53,138741,0
13091,Technology,PhD,Female,Referred,3,30,1,8,0,0,59,102085,0
13092,Operations,Bachelor,Male,Referred,5,44,3,10,0,0,67,130304,0
13093,Technology,Bachelor,Female,Other,5,51,3,6,0,0,57,119678,0
13094,Finance,High School,Male,Referred,2,43,2,17,0,0,42,114424,0
13095,Sales,Bachelor,Male,Sourcing,4,30,4,6,0,0,66,101678,0
13096,Marketing,High School,Female,Sourcing,5,40,4,7,0,0,45,133632,0
13097,Operations,Bachelor,Female,Sourcing,2,29,3,13,0,0,43,42511,0
13098,Sales,Bachelor,Female,Other,3,25,5,6,1,0,40,64044,1
13099,HR,Bachelor,Male,Other,3,26,3,3,0,0,60,102863,0
13100,Technology,Bachelor,Male,Sourcing,2,40,2,13,0,0,74,147954,0
13101,HR,Master,Female,Sourcing,5,39,4,10,0,0,67,105128,0
13102,Marketing,High School,Male,Other,5,50,3,4,0,0,57,167359,0
13103,Operations,Bachelor,Male,Referred,4,40,3,5,0,0,91,132529,0
13104,Technology,Bachelor,Male,Other,4,27,3,19,0,1,91,127320,1
13105,Sales,Master,Male,Sourcing,3,26,3,18,1,0,74,94525,1
13106,Technology,Master,Female,Sourcing,4,26,3,7,0,0,92,94461,0
13107,Marketing,Bachelor,Female,Other,2,29,4,1,0,0,60,111328,0
13108,HR,Bachelor,Female,Referred,3,48,4,17,0,0,55,158743,0
13109,Technology,Master,Male,Referred,5,58,3,18,0,0,95,170720,1
13110,Technology,Master,Male,Referred,3,59,3,5,0,0,65,160896,0
13111,Technology,Bachelor,Male,Referred,1,58,3,6,1,0,78,93910,1
13112,Sales,Bachelor,Male,Other,3,39,3,10,0,0,98,75262,0
13113,Marketing,High School,Female,Sourcing,4,47,1,19,1,0,48,169675,0
13114,HR,Master,Male,Sourcing,2,37,3,10,0,0,62,44936,0
13115,Sales,Bachelor,Male,Other,5,43,3,6,1,0,41,58569,0
13116,Finance,Bachelor,Female,Sourcing,5,44,3,10,0,0,42,174925,0
13117,Marketing,Master,Female,Referred,4,24,4,10,0,0,93,50791,0
13118,HR,Bachelor,Female,Other,4,24,3,12,0,0,72,159847,0
13119,Sales,Bachelor,Male,Other,4,33,5,4,0,0,63,157804,0
13120,Sales,Bachelor,Male,Sourcing,1,44,4,13,1,0,62,152668,1
13121,Sales,Bachelor,Male,Sourcing,2,32,5,10,0,0,45,112419,1
13122,Sales,Master,Male,Other,1,50,5,16,0,0,60,151740,1
13123,HR,Bachelor,Male,Other,4,27,3,19,0,0,86,73657,1
13124,Technology,Master,Male,Other,2,37,3,6,0,0,97,67264,1
13125,Marketing,Bachelor,Female,Sourcing,4,55,2,9,1,1,44,98510,1
13126,Technology,Bachelor,Male,Sourcing,2,58,4,14,0,0,52,88029,0
13127,Marketing,Bachelor,Female,Referred,5,32,3,10,0,0,79,52064,1
13128,HR,High School,Female,Other,1,32,3,8,0,0,95,127881,1
13129,Operations,PhD,Female,Other,4,46,4,3,0,0,52,122764,0
13130,Finance,Bachelor,Male,Sourcing,4,40,3,17,0,0,58,176156,0
13131,Finance,Master,Male,Sourcing,3,53,3,19,1,0,48,75841,1
13132,Finance,Master,Female,Sourcing,5,29,3,3,0,0,42,48698,0
13133,Operations,High School,Male,Other,4,33,4,14,0,0,70,75561,1
13134,Technology,Bachelor,Male,Referred,1,56,5,6,1,1,97,179753,1
13135,Sales,Master,Female,Sourcing,5,27,4,19,1,0,85,66447,1
13136,Technology,Bachelor,Male,Sourcing,4,42,4,18,1,0,95,80637,1
13137,Marketing,Bachelor,Male,Referred,1,47,1,12,1,0,78,119048,1
13138,Marketing,High School,Male,Sourcing,3,22,5,15,0,0,52,157631,1
13139,Technology,Bachelor,Male,Other,3,38,3,6,1,0,80,71096,1
13140,HR,Bachelor,Female,Other,1,56,5,12,1,0,50,155507,1
13141,Technology,Bachelor,Female,Sourcing,5,48,2,19,0,0,80,64817,0
13142,Operations,Master,Male,Sourcing,1,23,3,7,0,0,50,133542,0
13143,Technology,Master,Male,Other,1,57,4,10,0,0,85,63624,0
13144,Technology,Bachelor,Male,Sourcing,3,22,3,18,0,0,86,32837,0
13145,Sales,High School,Female,Sourcing,3,31,3,2,0,0,88,62120,0
13146,Technology,Bachelor,Male,Other,3,52,4,13,1,0,40,127220,1
13147,Finance,Bachelor,Male,Other,4,58,3,15,1,0,74,62688,1
13148,Marketing,High School,Female,Other,4,26,3,4,1,0,94,69753,1
13149,Marketing,Bachelor,Male,Sourcing,2,34,3,7,0,0,74,157830,1
13150,Technology,Bachelor,Female,Sourcing,4,45,2,3,0,0,42,62733,0
13151,Technology,Bachelor,Male,Sourcing,5,48,4,16,1,0,43,118246,1
13152,Sales,Master,Female,Sourcing,5,22,1,9,0,0,63,89907,0
13153,Marketing,Bachelor,Male,Other,3,41,3,17,1,0,69,169833,1
13154,Technology,High School,Male,Sourcing,1,29,3,8,1,0,71,112117,1
13155,Technology,Master,Female,Other,3,24,3,18,0,0,88,164517,1
13156,Technology,Bachelor,Female,Sourcing,1,53,3,13,1,0,59,84714,1
13157,Operations,Master,Female,Sourcing,3,46,3,2,0,0,75,155977,0
13158,HR,Bachelor,Female,Other,3,46,5,1,0,0,52,139001,0
13159,Finance,Bachelor,Female,Sourcing,5,35,4,16,0,0,95,159136,1
13160,Sales,Master,Male,Sourcing,1,48,4,16,1,0,78,172020,1
13161,Technology,High School,Female,Sourcing,2,53,3,11,1,0,43,118423,1
13162,HR,Bachelor,Female,Sourcing,2,48,3,4,0,0,67,53855,0
13163,Sales,Bachelor,Female,Sourcing,3,25,1,11,0,0,79,38903,0
13164,Technology,Bachelor,Female,Sourcing,3,32,3,6,0,0,82,59716,1
13165,HR,Bachelor,Male,Referred,5,24,4,11,1,0,90,91113,1
13166,Technology,Bachelor,Male,Other,1,46,3,1,0,0,97,111866,1
13167,Operations,Bachelor,Male,Referred,3,45,3,9,0,0,46,142218,0
13168,Sales,Master,Male,Sourcing,2,30,3,7,0,0,48,97888,0
13169,Marketing,Bachelor,Male,Referred,1,29,3,3,1,0,61,71951,1
13170,Technology,Bachelor,Female,Sourcing,3,52,1,9,0,0,43,169388,0
13171,Marketing,Master,Male,Referred,1,38,3,2,0,0,75,47244,1
13172,Sales,Master,Male,Referred,5,52,3,10,0,0,72,31314,0
13173,Sales,Bachelor,Female,Sourcing,2,25,3,17,1,0,45,100090,1
13174,Sales,Bachelor,Female,Other,1,25,3,1,0,0,42,129361,0
13175,HR,Master,Male,Other,2,58,4,18,0,0,74,135190,0
13176,Sales,Bachelor,Male,Other,3,29,4,6,0,0,72,136425,1
13177,Marketing,Bachelor,Female,Sourcing,4,27,4,6,0,0,46,156478,0
13178,Finance,Master,Male,Referred,1,30,3,9,1,0,80,111741,1
13179,Finance,Bachelor,Female,Other,2,29,3,10,0,0,74,90230,0
13180,Marketing,Bachelor,Female,Sourcing,1,53,5,15,0,1,94,176601,1
13181,Sales,Bachelor,Male,Other,3,36,1,4,1,0,96,38511,1
13182,Sales,Bachelor,Male,Sourcing,3,39,2,8,1,0,86,151884,1
13183,Sales,Bachelor,Male,Sourcing,2,44,3,4,0,0,42,136866,0
13184,Sales,High School,Female,Other,5,26,3,3,0,0,96,80960,1
13185,Technology,Bachelor,Female,Other,1,48,1,4,1,0,82,73423,1
13186,Technology,Bachelor,Male,Other,1,54,4,1,0,0,57,85379,0
13187,Technology,Bachelor,Male,Other,3,23,3,9,1,0,42,129920,1
13188,Technology,High School,Male,Sourcing,1,59,3,11,0,0,98,91357,1
13189,Finance,Bachelor,Female,Sourcing,2,49,3,19,1,0,91,132982,1
13190,Marketing,Bachelor,Female,Other,4,45,3,7,1,0,78,166050,1
13191,Sales,PhD,Female,Sourcing,3,42,2,5,0,0,66,125287,0
13192,Operations,Bachelor,Male,Referred,4,52,2,2,0,0,48,99436,0
13193,Operations,Bachelor,Female,Referred,1,32,3,19,0,0,56,163341,0
13194,Sales,Bachelor,Female,Sourcing,5,49,4,3,1,1,99,170197,1
13195,Technology,Bachelor,Male,Sourcing,2,25,3,15,0,0,80,179681,0
13196,Technology,Bachelor,Female,Referred,1,37,3,7,0,1,81,111993,1
13197,Operations,Master,Male,Other,2,33,3,5,0,0,84,135759,0
13198,Finance,Bachelor,Female,Other,1,43,3,10,0,0,44,80521,0
13199,Sales,Bachelor,Male,Referred,1,56,3,9,0,0,85,146143,0
13200,Technology,Bachelor,Male,Sourcing,1,37,1,14,0,0,43,106544,0
13201,Technology,Bachelor,Female,Sourcing,3,45,5,13,0,0,53,154774,1
13202,Technology,Bachelor,Male,Sourcing,4,56,3,1,1,0,68,157093,1
13203,Sales,High School,Female,Sourcing,5,49,4,16,0,0,50,146953,0
13204,Finance,Bachelor,Male,Sourcing,4,50,3,8,0,0,99,168781,0
13205,Marketing,Master,Male,Sourcing,4,42,4,17,1,0,61,56376,1
13206,Finance,Bachelor,Male,Sourcing,2,46,3,6,1,0,81,37465,1
13207,Finance,Bachelor,Female,Sourcing,3,52,1,2,0,0,44,94095,0
13208,Marketing,Bachelor,Male,Sourcing,3,36,5,13,0,0,92,35436,1
13209,Technology,Bachelor,Male,Referred,1,56,3,8,0,0,51,94814,0
13210,Technology,Bachelor,Female,Referred,4,59,2,9,0,0,60,121049,0
13211,Sales,Bachelor,Male,Sourcing,5,43,1,13,0,0,54,30815,0
13212,Marketing,Master,Male,Other,2,26,4,18,0,0,63,80927,1
13213,Sales,Bachelor,Male,Sourcing,3,34,4,18,1,0,52,40419,1
13214,Marketing,Bachelor,Male,Other,1,53,4,9,0,0,71,152016,1
13215,Sales,Bachelor,Female,Sourcing,5,24,5,2,0,0,65,68044,1
13216,Sales,Bachelor,Male,Other,4,36,3,4,0,0,79,158914,0
13217,Sales,Bachelor,Male,Sourcing,5,48,3,18,1,0,65,148481,1
13218,HR,Bachelor,Female,Other,3,48,3,17,1,0,75,89775,1
13219,Marketing,Bachelor,Male,Sourcing,2,51,5,12,1,0,84,82066,1
13220,Marketing,Master,Male,Other,4,27,3,16,0,0,69,175381,0
13221,Technology,PhD,Female,Sourcing,2,46,5,13,0,0,86,154681,0
13222,Sales,Bachelor,Female,Sourcing,5,49,2,11,0,0,48,40690,0
13223,HR,Bachelor,Female,Other,5,43,4,14,0,0,63,134809,0
13224,HR,PhD,Female,Sourcing,1,25,3,10,0,0,99,31167,0
13225,Sales,Bachelor,Male,Other,4,36,4,19,1,0,77,38448,1
13226,Finance,Bachelor,Female,Sourcing,5,47,1,17,1,0,57,32435,1
13227,Sales,Bachelor,Male,Sourcing,3,39,1,9,0,0,48,153011,0
13228,Technology,Bachelor,Female,Other,3,30,1,14,0,0,61,32674,0
13229,Sales,Bachelor,Male,Sourcing,2,25,3,5,0,0,95,65219,0
13230,Sales,Bachelor,Female,Sourcing,3,26,3,3,0,0,77,83566,0
13231,Technology,Bachelor,Female,Other,5,27,5,8,0,0,60,173826,1
13232,Technology,Bachelor,Male,Other,3,33,3,18,0,0,46,55378,0
13233,Sales,Master,Female,Other,4,52,1,3,1,0,51,170076,0
13234,HR,Bachelor,Female,Sourcing,2,30,2,2,1,0,75,110952,1
13235,Technology,Bachelor,Female,Referred,4,28,1,11,0,0,97,127656,0
13236,Sales,Bachelor,Male,Sourcing,5,50,4,5,0,0,50,116679,0
13237,Sales,Master,Female,Sourcing,5,35,4,7,0,0,42,44611,0
13238,Operations,Master,Female,Other,3,41,5,14,0,0,66,71457,1
13239,Technology,Master,Male,Sourcing,1,53,3,19,1,0,99,52427,1
13240,Technology,Bachelor,Male,Sourcing,1,43,1,2,1,0,46,81704,0
13241,Technology,Master,Female,Sourcing,5,57,2,9,0,0,41,103879,0
13242,Technology,Master,Male,Other,5,39,3,10,0,0,49,118343,0
13243,Technology,Bachelor,Male,Other,2,46,5,19,0,0,42,154229,0
13244,Marketing,Bachelor,Male,Referred,5,52,2,17,0,0,56,96933,0
13245,Marketing,Bachelor,Female,Sourcing,5,56,2,7,0,0,82,49196,0
13246,Sales,Master,Female,Other,2,47,4,18,0,0,99,151311,1
13247,Technology,Bachelor,Male,Referred,4,25,4,6,0,0,40,141056,0
13248,Technology,Bachelor,Female,Sourcing,4,41,3,9,0,0,73,170740,0
13249,Finance,High School,Male,Sourcing,2,55,4,8,0,0,52,168696,0
13250,Technology,Master,Female,Sourcing,2,33,2,9,0,0,53,58563,0
13251,Technology,High School,Male,Sourcing,4,37,5,1,0,0,56,168578,0
13252,Sales,High School,Female,Other,4,26,2,2,0,0,73,97262,0
13253,Technology,Bachelor,Male,Sourcing,4,56,1,4,0,1,56,148887,1
13254,Sales,Master,Female,Sourcing,4,48,3,18,0,0,90,166300,0
13255,Sales,Bachelor,Female,Other,3,22,2,10,1,0,96,168359,1
13256,Sales,PhD,Male,Other,2,55,3,1,0,0,80,72435,1
13257,Marketing,Bachelor,Female,Referred,1,53,4,10,0,0,95,34997,1
13258,Sales,High School,Female,Sourcing,3,54,3,9,0,0,64,94739,1
13259,Technology,Master,Female,Sourcing,1,52,4,13,0,0,83,155213,1
13260,Finance,Master,Female,Sourcing,1,34,3,15,0,0,69,143624,0
13261,Sales,Bachelor,Female,Sourcing,5,23,1,18,1,0,87,144034,1
13262,Technology,Bachelor,Female,Sourcing,2,51,5,13,0,0,75,152428,1
13263,Technology,Master,Female,Referred,3,31,4,5,1,0,95,48429,1
13264,HR,Bachelor,Female,Sourcing,2,44,1,2,1,0,50,145357,1
13265,Marketing,Master,Male,Sourcing,4,54,3,7,1,0,60,134427,1
13266,HR,Bachelor,Female,Sourcing,2,50,3,9,0,0,59,143837,0
13267,Technology,Master,Male,Referred,1,51,2,19,0,0,68,89323,0
13268,Technology,Bachelor,Female,Referred,4,55,3,14,0,0,43,89665,0
13269,Technology,Master,Male,Referred,2,38,3,17,0,0,73,173091,0
13270,Marketing,Master,Female,Sourcing,2,43,2,11,0,0,81,160528,0
13271,Sales,Bachelor,Male,Sourcing,1,26,2,5,1,0,80,122844,1
13272,HR,Bachelor,Male,Sourcing,4,32,4,12,1,0,96,89450,1
13273,Marketing,Bachelor,Female,Sourcing,1,43,3,9,0,0,56,126674,0
13274,Technology,Bachelor,Male,Other,2,53,2,17,0,0,51,97181,0
13275,Finance,Bachelor,Female,Other,3,45,4,8,0,0,43,33441,0
13276,Finance,Master,Female,Referred,3,32,4,8,0,0,80,161991,1
13277,Finance,Bachelor,Male,Other,5,32,3,12,0,0,53,43710,0
13278,Technology,Bachelor,Female,Referred,3,38,5,19,1,0,43,91439,1
13279,Sales,Bachelor,Male,Sourcing,4,53,4,10,1,0,73,128715,1
13280,Marketing,Bachelor,Male,Other,5,40,3,2,1,0,57,70187,1
13281,Technology,Bachelor,Female,Sourcing,4,48,3,8,0,0,52,91737,0
13282,Sales,High School,Female,Referred,3,53,4,14,0,0,49,65626,1
13283,Finance,PhD,Female,Sourcing,3,46,2,19,1,0,53,126975,1
13284,Finance,Bachelor,Female,Sourcing,2,49,3,4,1,0,48,137716,1
13285,Technology,Bachelor,Female,Referred,4,48,4,9,1,0,82,73250,1
13286,HR,Master,Male,Sourcing,1,35,3,13,0,0,59,98286,0
13287,Technology,Bachelor,Male,Sourcing,2,23,3,9,1,0,40,101850,1
13288,Finance,Bachelor,Female,Sourcing,4,38,3,13,0,0,83,79905,0
13289,Operations,Bachelor,Female,Sourcing,5,22,2,16,1,0,68,178942,1
13290,Sales,Bachelor,Female,Other,4,53,3,1,1,0,56,75313,1
13291,HR,High School,Male,Other,5,40,3,8,0,0,88,93959,0
13292,Finance,Master,Male,Sourcing,5,35,4,9,1,0,47,62716,1
13293,Technology,Bachelor,Male,Sourcing,3,52,4,13,0,0,56,173510,0
13294,Technology,Bachelor,Female,Other,1,39,3,17,1,0,60,158381,1
13295,Operations,Master,Female,Sourcing,4,35,5,9,0,0,64,170704,0
13296,HR,Master,Male,Sourcing,1,35,2,7,1,0,59,33371,0
13297,Technology,Master,Female,Sourcing,5,45,2,10,0,0,98,77340,0
13298,HR,Master,Female,Other,3,26,3,5,0,0,64,149960,0
13299,Technology,Bachelor,Male,Sourcing,1,37,2,17,1,0,60,44754,1
13300,Finance,Master,Male,Sourcing,2,26,3,2,0,0,52,61296,0
13301,Technology,Master,Female,Sourcing,5,34,1,9,1,0,96,127706,1
13302,Operations,Bachelor,Male,Sourcing,2,37,2,2,1,0,52,76531,0
13303,Technology,Master,Female,Referred,1,36,3,10,0,0,86,127469,1
13304,Sales,Bachelor,Male,Sourcing,1,52,4,12,1,0,89,177355,1
13305,Sales,Bachelor,Male,Sourcing,1,26,5,2,0,0,69,138426,1
13306,Technology,Bachelor,Female,Sourcing,4,42,4,15,0,0,52,175439,0
13307,Technology,Bachelor,Female,Sourcing,5,51,2,3,0,0,79,48753,0
13308,HR,Bachelor,Male,Other,5,44,3,2,1,0,46,60779,0
13309,Technology,Bachelor,Female,Other,5,59,1,7,1,0,94,168418,1
13310,Technology,Bachelor,Male,Sourcing,4,50,3,9,0,0,90,66538,0
13311,Marketing,Bachelor,Female,Sourcing,1,34,4,11,1,0,81,119488,1
13312,Marketing,Bachelor,Male,Sourcing,1,53,3,16,0,0,51,63859,0
13313,Marketing,Bachelor,Male,Referred,2,48,2,7,0,0,41,141838,0
13314,HR,Master,Male,Other,4,55,3,13,1,0,98,119919,1
13315,Sales,Bachelor,Female,Sourcing,3,54,2,3,0,0,53,121522,0
13316,Marketing,Bachelor,Male,Referred,4,25,3,11,1,0,81,141594,1
13317,Technology,PhD,Male,Other,2,39,3,3,0,0,56,141925,0
13318,HR,Master,Male,Other,2,27,3,15,0,0,52,129147,0
13319,Finance,PhD,Male,Sourcing,2,49,5,8,0,0,40,159707,0
13320,Marketing,Bachelor,Female,Sourcing,1,48,3,7,0,0,94,47261,1
13321,Technology,Bachelor,Female,Sourcing,3,47,4,5,0,0,96,68868,1
13322,HR,Master,Male,Other,2,41,4,6,0,0,86,167584,1
13323,Marketing,Bachelor,Male,Other,5,34,4,19,0,0,40,124019,0
13324,Technology,Bachelor,Female,Referred,1,49,3,3,1,1,86,64329,1
13325,Marketing,Bachelor,Male,Sourcing,3,55,1,11,0,0,65,117367,0
13326,Marketing,Master,Female,Sourcing,5,44,3,6,1,0,91,81306,1
13327,Finance,Bachelor,Male,Sourcing,3,31,3,14,0,0,86,46587,0
13328,Technology,High School,Female,Referred,3,51,2,17,0,0,85,51060,0
13329,Sales,PhD,Male,Sourcing,5,43,3,3,0,0,52,106367,0
13330,Marketing,Bachelor,Female,Sourcing,4,26,4,4,1,0,73,52463,1
13331,Technology,Master,Female,Other,3,30,5,9,0,0,79,76748,0
13332,Marketing,Master,Female,Sourcing,4,25,3,13,0,0,48,143632,0
13333,Sales,Master,Male,Sourcing,3,22,3,6,0,0,90,125080,1
13334,Sales,Bachelor,Female,Sourcing,5,55,5,10,0,0,58,118890,0
13335,Finance,Master,Female,Other,3,47,3,13,1,0,62,141128,1
13336,Marketing,Bachelor,Male,Referred,2,39,2,14,1,0,80,141559,1
13337,Operations,High School,Male,Other,2,37,3,12,0,0,94,126282,0
13338,Marketing,Bachelor,Male,Sourcing,3,44,5,13,0,0,67,104261,0
13339,Technology,Bachelor,Male,Other,5,57,2,10,0,0,69,84214,0
13340,Marketing,Master,Female,Other,5,47,3,7,1,0,46,137235,1
13341,Finance,Master,Male,Referred,1,23,3,5,0,0,53,121950,0
13342,Technology,Bachelor,Male,Other,5,26,4,12,1,0,41,175273,0
13343,Technology,Bachelor,Male,Sourcing,4,50,5,2,1,0,51,48696,1
13344,Sales,Bachelor,Male,Sourcing,3,25,3,8,0,0,82,71333,1
13345,Technology,High School,Male,Sourcing,2,56,5,8,0,0,88,74908,1
13346,Marketing,Master,Male,Referred,5,43,2,19,0,0,41,49042,0
13347,Sales,Master,Male,Other,2,29,2,5,0,0,67,123606,0
13348,Sales,Bachelor,Female,Other,1,42,5,8,0,0,93,95106,1
13349,Sales,Bachelor,Female,Sourcing,3,29,3,10,0,0,67,127178,0
13350,Sales,Master,Female,Sourcing,5,26,2,13,1,0,51,75679,0
13351,Sales,Master,Female,Sourcing,2,42,3,9,1,0,69,171216,1
13352,Technology,Bachelor,Female,Referred,5,48,4,7,1,0,97,101391,1
13353,Operations,PhD,Male,Sourcing,1,59,4,19,0,0,86,54575,0
13354,Technology,Bachelor,Male,Other,2,26,5,11,0,0,79,126266,0
13355,Sales,Bachelor,Male,Sourcing,2,42,3,8,0,0,79,148835,0
13356,HR,Bachelor,Male,Sourcing,3,29,5,16,1,0,61,174588,1
13357,Marketing,Bachelor,Female,Other,3,43,3,10,0,0,57,49086,0
13358,Technology,Bachelor,Female,Sourcing,2,39,3,6,0,0,53,88921,0
13359,Finance,Bachelor,Male,Sourcing,3,25,4,10,0,0,64,31631,0
13360,Marketing,Bachelor,Male,Sourcing,2,25,3,10,0,0,49,153775,0
13361,Marketing,Master,Female,Sourcing,4,58,1,19,0,0,75,121468,0
13362,Sales,Bachelor,Female,Other,5,36,3,4,0,0,87,80771,0
13363,Marketing,Bachelor,Female,Referred,4,59,3,19,0,0,87,144480,0
13364,Sales,Bachelor,Male,Sourcing,4,48,2,3,0,0,92,179326,1
13365,Operations,Bachelor,Male,Referred,5,42,2,17,0,0,88,170726,0
13366,Technology,Master,Female,Sourcing,2,25,3,14,0,0,48,122074,0
13367,Sales,Bachelor,Female,Other,2,32,1,10,0,0,50,150881,0
13368,Sales,Master,Male,Other,3,40,4,6,0,0,66,146051,0
13369,Sales,Master,Male,Other,1,40,3,16,1,0,98,141227,1
13370,Marketing,Bachelor,Male,Sourcing,2,48,2,9,0,0,97,33602,0
13371,Sales,Bachelor,Male,Sourcing,5,49,4,12,1,0,52,71818,1
13372,Technology,Bachelor,Female,Sourcing,1,26,4,12,0,0,40,123329,0
13373,Sales,Bachelor,Female,Referred,5,46,1,14,0,0,78,57184,0
13374,Marketing,Master,Female,Referred,5,24,2,2,0,0,50,108760,0
13375,Finance,Bachelor,Male,Sourcing,5,47,5,10,1,0,96,143038,1
13376,Marketing,Bachelor,Male,Other,1,31,3,4,0,0,42,128679,0
13377,Marketing,Bachelor,Male,Sourcing,4,45,5,6,0,0,41,177478,0
13378,Sales,Bachelor,Female,Sourcing,5,50,3,13,0,0,85,92539,0
13379,HR,Bachelor,Female,Sourcing,3,28,2,14,0,0,81,98208,0
13380,Marketing,Bachelor,Female,Sourcing,2,44,2,4,0,0,63,108106,0
13381,Technology,Bachelor,Male,Sourcing,2,48,1,10,0,0,59,132679,0
13382,Technology,Bachelor,Male,Referred,2,30,5,10,1,0,88,177848,1
13383,HR,Master,Female,Sourcing,1,24,5,5,0,0,79,131821,1
13384,Sales,PhD,Male,Sourcing,3,34,5,4,1,0,54,121205,1
13385,HR,Bachelor,Female,Other,3,27,5,12,0,0,93,154377,1
13386,Finance,Bachelor,Female,Sourcing,3,59,4,14,0,0,45,118044,0
13387,Sales,High School,Female,Referred,3,42,4,7,1,0,59,135805,1
13388,Technology,Bachelor,Female,Sourcing,3,40,4,2,1,0,61,104211,1
13389,HR,Bachelor,Male,Referred,4,46,2,14,0,0,41,165995,0
13390,Marketing,Bachelor,Male,Other,3,25,3,10,0,0,93,124034,0
13391,Sales,Master,Male,Sourcing,3,43,3,16,1,0,54,56799,1
13392,Finance,Bachelor,Male,Referred,1,26,5,3,1,0,87,79079,1
13393,Finance,High School,Male,Other,1,22,4,8,1,0,73,129947,1
13394,Sales,Master,Male,Referred,3,38,4,17,1,0,93,116752,1
13395,Operations,Master,Female,Sourcing,4,30,3,4,0,0,85,32229,0
13396,Operations,Master,Male,Sourcing,3,30,4,19,1,0,96,65237,1
13397,Finance,Bachelor,Male,Referred,3,45,5,15,0,0,94,143298,0
13398,Finance,Bachelor,Male,Other,3,31,2,10,0,0,99,69364,1
13399,Sales,PhD,Female,Sourcing,5,41,5,10,1,0,70,46966,1
13400,Technology,High School,Male,Sourcing,4,38,3,12,0,0,69,132423,0
13401,HR,Bachelor,Female,Sourcing,2,34,3,9,0,0,67,93989,0
13402,HR,High School,Male,Sourcing,3,50,5,15,0,0,91,54548,1
13403,Operations,Bachelor,Male,Sourcing,2,57,3,18,1,0,72,132025,1
13404,Sales,Bachelor,Male,Sourcing,4,44,3,1,0,0,80,56068,0
13405,Marketing,Bachelor,Female,Sourcing,3,48,3,3,0,0,88,157982,0
13406,Finance,Bachelor,Female,Sourcing,2,39,1,8,0,0,60,142526,0
13407,Finance,Bachelor,Male,Other,2,39,3,7,0,0,85,43887,0
13408,Operations,Bachelor,Male,Sourcing,4,30,3,15,1,0,62,142627,1
13409,Sales,Bachelor,Male,Sourcing,3,24,5,8,0,0,81,74278,0
13410,HR,Bachelor,Female,Sourcing,5,28,1,15,0,0,52,31094,0
13411,Technology,Bachelor,Female,Other,4,36,3,5,0,0,84,148695,0
13412,Sales,High School,Male,Other,5,51,5,12,0,0,65,100023,1
13413,HR,Bachelor,Female,Other,3,30,5,12,0,0,93,175386,0
13414,Technology,Bachelor,Female,Sourcing,2,48,4,9,0,0,58,81447,0
13415,Marketing,Bachelor,Female,Other,4,57,3,9,0,0,66,176341,0
13416,Technology,Bachelor,Female,Sourcing,4,39,3,15,0,0,79,51555,0
13417,Sales,Master,Male,Sourcing,4,52,3,15,1,0,98,179761,1
13418,Marketing,Bachelor,Male,Referred,1,38,1,12,0,0,46,120517,0
13419,Sales,Master,Female,Other,3,27,4,5,0,0,64,116901,0
13420,HR,Bachelor,Female,Other,1,46,3,1,0,0,88,122166,0
13421,Marketing,Bachelor,Female,Other,4,59,4,19,0,0,79,107497,0
13422,Technology,Bachelor,Male,Other,4,59,3,11,1,0,75,36769,1
13423,Marketing,Bachelor,Male,Sourcing,5,52,3,18,0,0,46,70641,0
13424,HR,Bachelor,Female,Sourcing,1,50,3,6,0,0,94,64870,1
13425,Finance,Bachelor,Female,Sourcing,2,30,4,17,1,0,59,61348,1
13426,Technology,Bachelor,Female,Other,3,22,2,14,0,0,63,33852,0
13427,Technology,Bachelor,Female,Sourcing,2,37,3,12,0,0,67,155826,0
13428,Technology,High School,Male,Other,2,59,2,5,0,1,88,114824,1
13429,Finance,Bachelor,Male,Sourcing,3,44,1,7,0,0,44,162525,0
13430,Technology,Bachelor,Male,Sourcing,4,29,3,16,0,0,91,156561,0
13431,Technology,Bachelor,Male,Sourcing,5,33,2,9,1,0,75,81586,1
13432,Operations,Bachelor,Male,Sourcing,4,31,1,15,0,0,70,61912,0
13433,Marketing,Bachelor,Male,Other,4,37,5,4,1,0,90,72140,1
13434,Technology,PhD,Female,Sourcing,1,45,3,7,1,0,72,45195,1
13435,Marketing,High School,Female,Sourcing,2,29,2,14,0,0,92,154718,0
13436,Technology,Bachelor,Male,Sourcing,2,32,1,4,1,0,63,168330,0
13437,Sales,Bachelor,Male,Sourcing,2,47,2,4,1,0,49,48426,0
13438,Technology,Bachelor,Male,Sourcing,5,28,3,14,0,0,77,88968,1
13439,Operations,Master,Female,Sourcing,5,36,4,7,0,0,83,175578,0
13440,Operations,Bachelor,Female,Other,5,36,3,15,1,0,88,45959,1
13441,Sales,Bachelor,Female,Sourcing,3,24,2,12,0,0,44,47730,0
13442,Technology,Bachelor,Female,Sourcing,5,37,3,14,0,0,93,170378,0
13443,Sales,Master,Male,Referred,1,36,3,13,0,0,70,30013,0
13444,Operations,Bachelor,Female,Sourcing,1,46,3,19,1,0,48,55747,1
13445,Operations,Bachelor,Male,Sourcing,4,54,4,12,1,0,71,58118,1
13446,Technology,Master,Female,Referred,4,35,3,16,0,0,80,59055,1
13447,Finance,Bachelor,Female,Sourcing,4,45,2,16,0,0,44,117427,0
13448,Marketing,PhD,Female,Referred,4,32,5,1,0,0,90,32561,1
13449,Technology,Bachelor,Female,Sourcing,1,24,2,15,1,0,93,172913,1
13450,HR,Master,Male,Other,4,30,3,5,0,0,66,64670,0
13451,Technology,Master,Male,Other,1,27,4,6,0,0,95,41350,1
13452,Marketing,Bachelor,Male,Sourcing,5,52,4,17,0,0,67,71364,0
13453,Marketing,Master,Male,Sourcing,5,37,4,11,1,0,82,157220,1
13454,Technology,Bachelor,Male,Sourcing,3,32,2,4,0,0,99,84872,1
13455,Operations,High School,Male,Sourcing,4,38,3,18,0,0,51,80010,0
13456,Sales,Bachelor,Male,Other,5,24,2,14,1,0,44,44387,1
13457,Technology,Master,Female,Other,5,40,3,9,0,0,47,127994,0
13458,Marketing,Bachelor,Male,Sourcing,2,45,3,3,0,0,56,177664,0
13459,Marketing,High School,Female,Referred,2,29,4,3,0,0,47,76965,0
13460,Technology,Bachelor,Male,Sourcing,1,57,1,11,0,1,73,146878,1
13461,Sales,High School,Female,Referred,3,23,1,5,0,0,62,136413,0
13462,Sales,High School,Male,Other,2,44,3,4,0,0,57,97358,0
13463,Technology,Bachelor,Female,Referred,3,51,5,12,0,0,90,168813,1
13464,Technology,Master,Male,Sourcing,5,46,5,12,0,0,92,96081,1
13465,Sales,High School,Male,Referred,1,28,5,4,0,0,49,159656,0
13466,Marketing,Bachelor,Male,Sourcing,3,49,3,3,0,0,78,174427,1
13467,Technology,Bachelor,Male,Referred,2,38,1,2,0,0,80,160750,0
13468,Marketing,Bachelor,Female,Sourcing,5,53,3,4,1,0,83,151164,1
13469,Finance,Bachelor,Male,Sourcing,4,22,4,4,0,0,83,177702,0
13470,Sales,Bachelor,Male,Other,5,48,2,7,0,0,44,89921,0
13471,HR,Bachelor,Female,Other,2,57,3,2,0,0,82,87808,0
13472,Marketing,Bachelor,Male,Sourcing,2,28,1,11,1,0,56,161691,0
13473,Technology,Bachelor,Female,Other,4,24,3,5,0,0,86,56991,0
13474,Marketing,Bachelor,Female,Referred,5,51,2,13,0,0,50,104957,0
13475,Finance,PhD,Male,Other,3,22,1,4,0,0,86,104084,0
13476,Finance,Master,Male,Other,3,55,3,9,0,0,87,82503,0
13477,Operations,Bachelor,Female,Sourcing,5,59,3,7,0,0,58,63652,0
13478,Technology,Master,Male,Other,3,57,3,13,1,0,60,59172,1
13479,Technology,Master,Female,Sourcing,5,54,4,10,1,0,83,39950,1
13480,Technology,High School,Male,Sourcing,5,37,2,7,0,0,42,174103,0
13481,Sales,Bachelor,Male,Referred,2,59,4,18,0,0,79,105185,0
13482,Technology,Bachelor,Female,Other,1,32,1,18,1,0,95,112470,1
13483,Sales,High School,Male,Other,2,29,3,2,0,0,82,38391,0
13484,Operations,High School,Male,Referred,3,22,3,1,1,0,40,121502,1
13485,Technology,Master,Male,Referred,1,35,5,13,1,0,63,149462,1
13486,Technology,Master,Female,Sourcing,5,51,3,2,0,0,75,136772,0
13487,Technology,Bachelor,Male,Other,3,42,2,4,0,0,98,46437,1
13488,HR,Bachelor,Female,Sourcing,4,42,3,9,1,0,45,95699,1
13489,HR,Bachelor,Male,Other,3,55,3,8,1,0,49,135102,1
13490,Technology,Bachelor,Female,Referred,1,59,3,18,1,0,86,174769,1
13491,HR,Master,Male,Referred,1,47,2,16,1,0,79,155003,1
13492,Technology,Bachelor,Male,Sourcing,5,35,3,4,0,0,85,49173,0
13493,Finance,Bachelor,Female,Other,4,56,2,4,0,0,73,46197,0
13494,Finance,High School,Male,Referred,5,39,4,18,1,0,63,132821,1
13495,Marketing,Bachelor,Female,Other,4,41,3,2,0,0,62,104713,0
13496,Sales,High School,Male,Sourcing,4,30,1,11,1,0,59,106916,1
13497,Finance,High School,Female,Referred,5,54,5,4,1,0,99,68127,1
13498,Finance,Bachelor,Male,Other,3,25,3,14,1,0,92,78982,1
13499,Sales,Bachelor,Female,Other,2,25,3,17,0,0,77,61225,0
13500,Marketing,Bachelor,Male,Other,4,37,1,8,0,0,74,159792,0
13501,Sales,Bachelor,Female,Sourcing,1,47,3,1,0,0,73,47464,0
13502,Finance,Bachelor,Female,Sourcing,5,27,3,19,0,0,85,133452,1
13503,Operations,Bachelor,Male,Sourcing,3,58,5,19,1,0,89,44769,1
13504,HR,High School,Female,Sourcing,4,43,1,7,0,0,86,130569,0
13505,Finance,Bachelor,Female,Other,3,28,1,1,1,0,75,51025,1
13506,Technology,Master,Male,Sourcing,5,51,5,1,0,0,55,154914,0
13507,Operations,Bachelor,Male,Sourcing,1,31,5,10,1,0,62,169729,1
13508,Technology,Bachelor,Male,Sourcing,4,36,1,13,1,0,83,67367,1
13509,Finance,High School,Male,Referred,4,27,4,5,1,0,88,93875,1
13510,HR,Bachelor,Male,Sourcing,3,45,2,12,0,1,40,68429,1
13511,Sales,Bachelor,Male,Sourcing,5,23,4,3,0,0,91,128193,1
13512,HR,Master,Female,Sourcing,2,36,5,19,1,0,48,134415,1
13513,Operations,Master,Female,Sourcing,4,42,2,4,0,0,51,59212,0
13514,Finance,Master,Female,Other,1,39,2,15,0,0,99,35515,0
13515,Finance,Bachelor,Male,Sourcing,4,26,1,13,1,0,76,89150,1
13516,Operations,Bachelor,Male,Referred,4,46,1,11,0,0,56,38610,0
13517,HR,High School,Female,Other,2,57,1,2,0,0,42,44570,0
13518,Technology,High School,Female,Other,2,31,4,9,0,0,98,178915,0
13519,HR,Bachelor,Male,Other,5,44,3,12,0,0,77,167101,1
13520,Sales,Master,Female,Other,4,45,3,4,1,0,68,52673,1
13521,Sales,Bachelor,Male,Sourcing,4,31,4,19,0,0,70,179669,0
13522,Technology,Bachelor,Male,Referred,3,27,3,10,1,0,74,79749,1
13523,Sales,Bachelor,Female,Sourcing,3,34,3,11,0,0,98,62310,1
13524,Sales,Bachelor,Male,Sourcing,1,42,1,7,1,0,93,140402,1
13525,Sales,Bachelor,Male,Other,1,53,3,13,0,0,77,111460,1
13526,Sales,Bachelor,Male,Referred,3,36,2,9,1,0,92,140541,1
13527,Operations,Bachelor,Male,Other,1,23,4,12,1,0,65,120557,1
13528,Marketing,Master,Female,Other,4,36,3,2,1,0,52,83901,1
13529,Operations,Master,Male,Sourcing,2,38,4,1,0,0,92,161118,1
13530,Technology,Master,Male,Other,4,41,3,7,0,0,96,125326,1
13531,Sales,High School,Female,Sourcing,3,27,3,1,0,0,58,107656,0
13532,Marketing,Bachelor,Male,Sourcing,5,36,3,16,0,0,71,56088,1
13533,Sales,Bachelor,Male,Other,5,38,3,4,0,0,86,31286,1
13534,Sales,Master,Female,Sourcing,3,47,5,8,1,0,66,81853,1
13535,Sales,Bachelor,Female,Other,4,43,1,17,1,0,97,92422,1
13536,Sales,Bachelor,Male,Referred,1,30,2,19,0,0,78,179746,0
13537,Sales,Bachelor,Male,Sourcing,1,33,3,4,0,0,52,141446,0
13538,Technology,PhD,Female,Other,5,43,4,4,1,0,91,133756,1
13539,Marketing,Bachelor,Male,Referred,3,44,3,8,0,0,73,114579,0
13540,HR,PhD,Male,Sourcing,3,58,4,10,0,0,97,47515,1
13541,Sales,Bachelor,Male,Sourcing,2,35,3,16,1,0,58,97904,1
13542,Finance,Master,Female,Other,5,45,1,19,0,0,58,151636,0
13543,Sales,Master,Male,Sourcing,3,29,3,1,1,0,42,155635,1
13544,Sales,Master,Female,Other,2,47,4,5,1,0,42,104194,1
13545,Finance,Bachelor,Female,Sourcing,1,53,5,2,0,0,65,111299,1
13546,Sales,Bachelor,Female,Referred,5,49,1,16,0,0,45,34057,0
13547,HR,Master,Female,Other,5,53,4,13,1,0,52,44559,1
13548,Technology,Bachelor,Male,Sourcing,3,43,3,6,1,0,85,39670,1
13549,Sales,Bachelor,Female,Referred,3,30,1,4,0,0,77,132687,0
13550,Technology,Bachelor,Male,Other,4,24,3,7,0,0,66,166644,1
13551,Finance,High School,Female,Other,1,46,2,2,0,0,80,153220,0
13552,Sales,Bachelor,Female,Referred,1,33,3,10,1,0,63,44493,1
13553,Technology,Master,Male,Referred,2,50,3,14,0,0,49,128963,0
13554,Technology,Bachelor,Female,Other,2,24,3,8,0,0,55,161257,0
13555,Sales,Bachelor,Female,Other,4,44,3,3,1,0,62,146764,1
13556,Technology,Master,Male,Other,1,44,3,3,0,0,86,141488,0
13557,Sales,Bachelor,Female,Sourcing,2,39,3,2,0,0,51,95496,0
13558,Technology,Bachelor,Female,Other,1,32,2,17,1,0,67,99370,1
13559,HR,Master,Female,Sourcing,1,57,3,19,0,0,52,38724,0
13560,Technology,Master,Male,Sourcing,2,47,5,10,1,0,57,52699,1
13561,Sales,Bachelor,Female,Sourcing,3,29,2,12,0,1,97,55697,1
13562,Finance,PhD,Male,Sourcing,3,49,3,11,0,0,41,86574,0
13563,HR,Master,Male,Sourcing,2,39,3,9,0,0,85,82245,0
13564,Technology,PhD,Male,Sourcing,4,34,3,13,1,0,56,88488,1
13565,Technology,Bachelor,Female,Sourcing,5,57,3,6,0,0,62,87554,0
13566,Marketing,Bachelor,Female,Referred,1,33,3,14,0,0,62,82925,0
13567,Technology,High School,Female,Sourcing,5,43,1,11,0,0,40,98399,0
13568,Marketing,PhD,Female,Sourcing,2,23,3,5,0,0,93,114353,0
13569,Marketing,Bachelor,Male,Sourcing,1,49,3,2,1,0,82,152139,1
13570,Finance,Bachelor,Male,Sourcing,5,34,1,7,0,0,53,81075,0
13571,Sales,Bachelor,Female,Sourcing,3,54,3,17,1,0,51,172388,1
13572,Technology,Bachelor,Female,Referred,4,24,4,6,1,0,94,97020,1
13573,Finance,Bachelor,Male,Other,5,55,4,14,0,0,53,48309,0
13574,Operations,Bachelor,Female,Other,4,44,2,4,0,0,88,31331,0
13575,Finance,PhD,Female,Other,3,53,5,3,0,0,83,45895,1
13576,Technology,Bachelor,Female,Sourcing,5,41,3,11,1,0,77,151021,1
13577,Sales,Master,Female,Sourcing,2,49,3,1,0,0,97,61957,1
13578,Technology,Bachelor,Female,Sourcing,1,29,2,14,0,0,80,103111,1
13579,Marketing,Bachelor,Female,Other,3,24,3,6,1,0,83,162715,1
13580,Technology,Bachelor,Male,Sourcing,4,51,5,17,1,0,88,92739,1
13581,Technology,Bachelor,Male,Referred,4,46,3,17,0,0,55,117017,0
13582,Finance,Master,Male,Sourcing,3,51,4,11,1,0,73,117822,1
13583,Technology,PhD,Male,Sourcing,2,50,3,7,0,0,57,159842,0
13584,Finance,Bachelor,Female,Other,2,51,3,13,0,0,87,56868,1
13585,Technology,Bachelor,Female,Other,4,55,3,8,0,0,49,66478,0
13586,Sales,Bachelor,Male,Other,3,46,4,8,1,0,58,76388,1
13587,Technology,PhD,Male,Referred,3,38,3,9,0,0,69,144080,0
13588,Marketing,Master,Male,Other,1,45,2,7,0,0,43,36193,0
13589,Sales,Bachelor,Male,Referred,4,59,3,9,0,0,46,136734,0
13590,Sales,Master,Male,Other,2,49,5,11,0,0,55,135706,0
13591,Operations,Master,Female,Sourcing,5,54,4,2,0,0,90,30318,0
13592,Sales,Bachelor,Female,Referred,2,57,3,18,0,0,94,104289,1
13593,Technology,Bachelor,Male,Referred,2,28,5,3,0,0,76,115333,1
13594,Technology,High School,Male,Sourcing,5,44,1,18,0,1,44,52769,0
13595,Technology,Master,Female,Other,4,47,1,16,0,0,94,76555,0
13596,Technology,Bachelor,Female,Other,1,35,2,8,0,0,94,74998,0
13597,Sales,Bachelor,Female,Sourcing,2,49,2,8,0,0,78,176430,0
13598,Technology,Bachelor,Male,Sourcing,2,45,1,6,0,0,96,69857,0
13599,Technology,Bachelor,Female,Sourcing,4,28,4,2,0,0,88,163092,1
13600,Marketing,Master,Male,Other,4,57,3,16,1,0,72,94738,1
13601,Sales,Bachelor,Male,Referred,3,36,3,9,0,0,74,168450,1
13602,Technology,Master,Female,Sourcing,4,24,4,19,0,0,87,152580,0
13603,Sales,PhD,Female,Referred,4,23,4,15,1,0,93,80756,1
13604,Sales,Bachelor,Female,Sourcing,2,28,2,2,0,0,73,39876,0
13605,Sales,Bachelor,Male,Other,1,37,3,15,1,0,96,105007,1
13606,Sales,Bachelor,Female,Sourcing,2,42,3,11,0,0,72,42343,0
13607,Finance,Master,Female,Sourcing,4,30,5,12,0,0,92,82051,1
13608,Sales,Bachelor,Male,Other,3,33,2,15,0,0,78,129172,0
13609,Operations,Master,Female,Sourcing,1,50,1,16,1,0,49,93418,1
13610,Operations,PhD,Female,Sourcing,3,45,4,6,0,0,42,33013,0
13611,Technology,Bachelor,Male,Sourcing,5,54,4,3,1,0,89,49694,1
13612,Sales,High School,Male,Sourcing,3,35,3,6,0,0,68,79297,0
13613,Technology,High School,Male,Sourcing,3,39,3,3,1,0,74,101163,1
13614,Marketing,Bachelor,Male,Other,4,26,1,13,0,0,70,64588,0
13615,Technology,Bachelor,Male,Other,4,36,5,12,1,0,99,118187,1
13616,HR,High School,Female,Other,4,28,2,8,1,0,78,160315,1
13617,Technology,High School,Female,Other,4,46,1,2,1,0,54,137100,1
13618,Finance,Bachelor,Male,Sourcing,4,35,1,7,0,0,40,118252,0
13619,Marketing,Bachelor,Female,Sourcing,3,57,3,17,1,0,95,179003,1
13620,Sales,Bachelor,Female,Sourcing,5,56,1,7,0,0,58,168045,0
13621,Marketing,High School,Male,Other,4,45,4,1,0,0,76,65540,1
13622,Sales,Bachelor,Male,Referred,5,36,5,4,1,0,97,58219,1
13623,Sales,Bachelor,Male,Sourcing,5,32,3,15,0,0,66,72779,0
13624,Finance,Master,Female,Sourcing,2,45,3,4,0,0,60,102511,0
13625,Sales,Bachelor,Male,Referred,2,32,1,12,1,0,93,73614,1
13626,Sales,Master,Female,Referred,1,38,3,16,0,0,46,152862,0
13627,HR,Bachelor,Female,Other,2,27,3,18,0,0,82,73079,0
13628,Finance,PhD,Female,Sourcing,4,42,2,14,0,0,72,157597,0
13629,Marketing,Bachelor,Female,Other,5,29,3,14,1,0,93,71905,1
13630,Technology,Master,Male,Sourcing,1,36,2,11,0,0,41,137801,0
13631,Marketing,Master,Female,Other,2,53,5,16,0,0,53,92887,0
13632,Sales,Bachelor,Male,Other,3,31,4,15,1,0,81,134886,1
13633,Technology,Bachelor,Female,Other,1,49,4,6,0,0,42,123807,0
13634,Technology,Bachelor,Male,Sourcing,4,36,5,13,0,0,53,74754,0
13635,HR,Bachelor,Male,Sourcing,5,33,5,17,0,0,44,117933,0
13636,Technology,Master,Male,Sourcing,4,39,3,4,1,0,56,119604,1
13637,Operations,Master,Female,Sourcing,4,58,3,12,1,0,78,177084,1
13638,HR,Bachelor,Female,Referred,3,45,3,18,0,0,40,118977,0
13639,Sales,Master,Female,Other,3,58,4,8,0,0,95,173697,1
13640,Sales,Master,Male,Sourcing,5,50,3,12,1,0,82,103521,1
13641,Sales,Master,Female,Sourcing,2,31,5,4,0,0,67,78767,1
13642,Operations,Bachelor,Female,Sourcing,4,35,2,8,1,0,77,76163,1
13643,Technology,Bachelor,Female,Other,2,37,3,2,0,0,87,135584,0
13644,Technology,Bachelor,Male,Other,5,58,3,4,0,0,98,114950,1
13645,Marketing,Bachelor,Female,Sourcing,4,32,4,12,0,0,53,178131,0
13646,Sales,Bachelor,Female,Sourcing,2,47,1,10,0,0,56,170467,0
13647,Technology,Bachelor,Male,Other,4,40,3,15,0,0,54,131664,0
13648,Technology,Bachelor,Male,Referred,3,39,3,9,1,0,85,47855,1
13649,Technology,Master,Male,Sourcing,3,51,1,9,0,0,46,112589,0
13650,Operations,Bachelor,Male,Other,1,53,3,7,1,0,81,101263,1
13651,Marketing,Bachelor,Male,Other,5,44,3,2,0,0,90,145942,0
13652,Technology,Bachelor,Male,Referred,2,33,1,7,0,0,46,32008,0
13653,Finance,Bachelor,Female,Referred,4,34,3,9,1,0,86,94277,1
13654,Sales,Bachelor,Female,Sourcing,1,42,5,18,0,0,98,146999,1
13655,HR,Bachelor,Male,Referred,5,42,5,12,0,0,63,71508,0
13656,Sales,Bachelor,Female,Sourcing,5,50,3,7,0,0,65,97170,1
13657,Sales,Bachelor,Male,Sourcing,5,50,3,19,1,0,53,103444,1
13658,Technology,Bachelor,Female,Sourcing,2,48,3,16,1,0,86,111084,1
13659,Technology,Bachelor,Male,Sourcing,3,50,5,8,0,0,58,154518,0
13660,Operations,PhD,Male,Sourcing,1,36,3,19,1,0,92,67487,1
13661,Technology,Bachelor,Female,Referred,2,33,3,6,0,0,65,165520,0
13662,Technology,Bachelor,Female,Referred,4,40,1,2,1,0,55,143584,1
13663,HR,Bachelor,Female,Referred,2,33,3,2,1,0,73,156265,1
13664,HR,Bachelor,Female,Sourcing,4,44,1,8,0,0,41,168736,0
13665,Technology,Bachelor,Female,Sourcing,4,26,4,10,1,0,40,60569,0
13666,Technology,Bachelor,Female,Other,5,47,3,11,0,0,87,114720,0
13667,Finance,Master,Female,Sourcing,2,31,3,3,1,0,90,153189,1
13668,Sales,Bachelor,Female,Other,3,43,3,16,0,0,75,152415,0
13669,HR,Bachelor,Male,Sourcing,4,44,4,3,1,1,74,109285,1
13670,Technology,Master,Female,Referred,5,32,1,8,0,0,82,119448,0
13671,Sales,High School,Female,Sourcing,3,49,3,19,0,0,63,153035,1
13672,HR,Bachelor,Male,Referred,2,52,4,12,1,0,88,35057,1
13673,Marketing,Bachelor,Male,Other,3,29,5,18,0,0,44,99997,0
13674,Sales,Bachelor,Male,Other,2,49,2,13,0,0,94,131456,0
13675,Technology,Bachelor,Male,Other,4,37,3,11,0,0,68,86959,0
13676,Sales,Bachelor,Female,Sourcing,1,52,3,13,0,0,80,125468,0
13677,Sales,Bachelor,Female,Referred,1,37,5,3,1,0,40,176941,1
13678,Technology,Master,Male,Sourcing,4,26,1,6,1,0,96,42625,1
13679,Finance,Bachelor,Male,Referred,3,56,3,3,0,0,98,157264,1
13680,Technology,Bachelor,Female,Sourcing,2,46,2,1,1,0,48,39337,0
13681,Marketing,Bachelor,Female,Other,1,34,1,14,0,0,75,128339,0
13682,Sales,Master,Female,Other,2,50,2,7,0,0,55,121588,0
13683,Marketing,Bachelor,Female,Sourcing,4,48,5,9,0,0,54,33297,0
13684,Sales,Master,Male,Sourcing,3,38,2,1,1,0,49,63658,1
13685,Marketing,Bachelor,Female,Sourcing,2,58,5,10,0,0,76,43499,0
13686,Technology,Bachelor,Male,Referred,3,59,2,13,0,0,55,37919,0
13687,Operations,Bachelor,Male,Sourcing,1,50,5,12,1,0,77,126003,1
13688,Technology,Bachelor,Male,Other,2,55,4,4,0,0,87,49044,0
13689,HR,Bachelor,Female,Referred,5,51,2,7,1,0,75,173668,1
13690,HR,Bachelor,Male,Referred,1,52,3,10,1,0,93,155286,1
13691,Finance,Bachelor,Female,Referred,3,43,3,7,0,0,92,117878,0
13692,Technology,Master,Male,Sourcing,4,46,3,15,1,0,54,172269,1
13693,Marketing,Bachelor,Female,Other,5,25,3,19,1,0,42,164821,1
13694,Sales,Bachelor,Male,Referred,2,56,3,7,0,0,58,122961,0
13695,Sales,Bachelor,Male,Other,1,30,4,14,1,0,80,69873,1
13696,HR,Master,Female,Referred,2,47,4,14,0,0,76,118614,0
13697,Operations,High School,Female,Other,2,48,3,18,0,0,87,60184,1
13698,Marketing,Bachelor,Male,Sourcing,5,48,5,10,1,0,98,141922,1
13699,Operations,Bachelor,Male,Referred,5,39,5,3,1,0,42,51778,1
13700,Sales,Bachelor,Female,Other,5,51,1,6,0,0,47,165775,0
13701,Technology,High School,Male,Other,5,52,1,9,0,0,63,153041,0
13702,Marketing,Master,Female,Other,4,24,3,14,1,0,53,161672,1
13703,Sales,Bachelor,Female,Sourcing,3,50,3,8,0,0,74,55240,0
13704,Finance,Bachelor,Male,Other,5,28,3,1,1,0,55,133261,1
13705,Operations,Bachelor,Female,Other,1,39,3,3,0,0,46,123893,0
13706,Finance,Bachelor,Male,Sourcing,2,37,4,6,0,0,80,40231,0
13707,Marketing,Master,Female,Other,5,53,3,1,0,0,74,165648,0
13708,Sales,Bachelor,Female,Sourcing,1,59,2,18,0,0,47,41982,0
13709,Sales,Bachelor,Male,Referred,4,46,5,10,0,0,99,86885,1
13710,Operations,Master,Female,Sourcing,1,53,4,17,0,0,51,160125,0
13711,HR,Master,Male,Other,1,40,3,1,0,0,88,118183,1
13712,Marketing,Bachelor,Female,Sourcing,4,24,4,8,0,0,99,60488,1
13713,Marketing,Master,Female,Sourcing,4,56,2,12,0,1,85,89116,1
13714,Technology,Bachelor,Female,Sourcing,2,50,3,19,1,0,55,118577,1
13715,Operations,PhD,Female,Sourcing,5,32,2,14,0,0,90,53631,0
13716,Sales,Master,Male,Referred,1,27,1,19,0,0,99,103062,0
13717,Sales,Bachelor,Female,Sourcing,3,40,3,17,0,0,43,89061,0
13718,HR,Master,Female,Other,3,58,2,16,0,0,74,113877,0
13719,Technology,PhD,Female,Other,2,48,3,19,1,0,84,141838,1
13720,Sales,Bachelor,Male,Other,3,26,4,5,0,0,80,97363,0
13721,Sales,Bachelor,Male,Other,2,47,2,19,1,0,84,55692,1
13722,Finance,Master,Male,Sourcing,5,56,1,4,0,0,71,158072,0
13723,Operations,Bachelor,Male,Sourcing,2,40,4,5,0,0,51,145849,1
13724,Sales,Bachelor,Female,Referred,4,38,1,5,0,0,97,36590,0
13725,Technology,PhD,Female,Sourcing,4,56,3,1,1,0,60,128471,1
13726,Operations,Master,Female,Other,4,34,3,18,0,0,54,109123,0
13727,HR,Bachelor,Male,Sourcing,4,35,4,15,1,0,74,105728,1
13728,HR,Bachelor,Male,Other,4,51,4,19,0,0,42,92943,0
13729,Sales,Bachelor,Female,Sourcing,4,38,4,14,0,0,98,101734,1
13730,Technology,Bachelor,Female,Other,4,58,2,6,1,0,41,107092,1
13731,Sales,Bachelor,Female,Sourcing,4,36,4,18,0,0,97,152216,1
13732,Operations,Master,Male,Sourcing,4,39,2,8,1,0,45,105859,1
13733,Technology,Bachelor,Female,Other,5,35,2,5,0,0,96,33973,0
13734,Technology,Bachelor,Female,Sourcing,4,35,3,8,1,0,55,72144,1
13735,Sales,Bachelor,Male,Other,2,54,4,6,1,0,62,107395,1
13736,Technology,High School,Male,Referred,5,59,1,10,0,0,70,128503,0
13737,Marketing,Bachelor,Female,Sourcing,3,32,1,3,0,0,89,46338,0
13738,Marketing,Bachelor,Male,Other,1,32,4,13,1,0,80,49797,1
13739,Marketing,Bachelor,Female,Sourcing,5,47,5,7,0,0,69,177634,1
13740,Technology,Bachelor,Female,Other,4,24,3,4,1,0,42,129483,1
13741,Operations,Bachelor,Female,Referred,5,46,3,13,0,0,94,178323,0
13742,Finance,Bachelor,Female,Referred,1,38,4,6,0,0,97,128298,1
13743,Marketing,Bachelor,Male,Sourcing,1,43,4,16,1,0,94,174594,1
13744,HR,Bachelor,Male,Sourcing,4,50,3,1,1,0,55,50024,1
13745,HR,Bachelor,Male,Referred,4,47,3,13,0,0,43,71625,0
13746,Sales,Bachelor,Female,Sourcing,2,55,2,2,1,0,85,73032,1
13747,Marketing,Bachelor,Female,Sourcing,1,47,3,19,1,1,75,145470,1
13748,Technology,Bachelor,Female,Referred,4,30,3,6,0,0,67,67065,0
13749,Technology,Bachelor,Male,Referred,1,32,3,11,0,0,89,38038,1
13750,Finance,Bachelor,Male,Sourcing,2,28,3,17,0,0,89,92049,1
13751,Finance,Master,Female,Sourcing,3,51,2,9,1,0,89,167804,1
13752,Operations,Bachelor,Male,Sourcing,1,23,4,5,0,0,67,154367,0
13753,Sales,Bachelor,Male,Sourcing,2,51,2,5,0,0,98,141463,0
13754,Marketing,Bachelor,Male,Sourcing,2,25,3,16,0,0,92,152688,0
13755,Sales,High School,Male,Sourcing,2,35,4,4,0,0,42,89502,0
13756,Sales,PhD,Female,Other,5,34,3,13,0,0,65,133894,0
13757,Sales,Bachelor,Male,Other,4,46,3,17,0,0,78,86525,1
13758,Sales,Bachelor,Female,Sourcing,1,34,3,9,1,0,52,85462,1
13759,Technology,Bachelor,Male,Sourcing,5,34,4,13,0,0,46,75033,0
13760,Finance,Bachelor,Female,Other,1,58,5,16,0,0,93,144451,1
13761,Sales,Bachelor,Female,Sourcing,5,27,3,10,0,0,52,156425,0
13762,Marketing,Master,Male,Other,4,47,4,10,0,0,95,71523,0
13763,Technology,Bachelor,Female,Other,2,35,1,16,0,0,98,71206,0
13764,Sales,PhD,Female,Referred,1,29,5,1,0,0,43,76598,0
13765,Technology,Bachelor,Male,Sourcing,2,45,5,11,0,0,55,46257,1
13766,Sales,Master,Female,Other,4,43,3,13,1,0,96,92310,1
13767,Technology,Master,Male,Other,1,42,4,18,0,0,67,54980,0
13768,Technology,Bachelor,Female,Referred,3,47,3,5,0,0,99,155433,1
13769,Sales,Bachelor,Male,Referred,3,31,3,4,1,0,86,81546,1
13770,Sales,Bachelor,Male,Sourcing,3,34,5,6,0,0,52,84110,0
13771,Technology,Bachelor,Male,Sourcing,4,35,3,15,1,0,81,104360,1
13772,Operations,Bachelor,Male,Other,3,30,3,2,1,0,49,167507,1
13773,Sales,Bachelor,Male,Other,1,28,4,4,0,0,44,118340,0
13774,Marketing,Bachelor,Female,Referred,3,52,5,14,1,0,75,156260,1
13775,Marketing,High School,Female,Other,1,37,4,4,0,0,58,75309,0
13776,Operations,Bachelor,Male,Sourcing,4,29,2,18,0,0,69,68910,0
13777,Finance,High School,Female,Sourcing,2,36,3,16,1,0,86,104386,1
13778,Technology,Bachelor,Female,Referred,5,46,5,9,0,0,80,89394,1
13779,Marketing,Master,Female,Sourcing,3,59,3,8,0,0,87,125419,1
13780,Finance,Bachelor,Male,Referred,5,36,5,11,1,0,67,57997,1
13781,Technology,Bachelor,Male,Sourcing,2,46,4,14,0,0,70,80275,0
13782,Sales,PhD,Female,Other,4,28,4,17,0,0,75,173816,1
13783,HR,Bachelor,Male,Other,4,47,3,13,0,0,96,61137,1
13784,Finance,Master,Male,Sourcing,2,29,3,8,0,0,82,134604,0
13785,Finance,Bachelor,Female,Sourcing,5,39,3,14,0,0,88,170147,1
13786,Sales,Bachelor,Male,Referred,3,42,3,11,1,0,92,159063,1
13787,Technology,Bachelor,Male,Other,1,37,4,9,1,0,40,43617,1
13788,Technology,Master,Male,Referred,4,24,4,8,0,0,48,104442,0
13789,Sales,Bachelor,Male,Sourcing,2,22,3,14,0,0,51,144929,0
13790,Operations,Master,Male,Sourcing,5,34,4,15,1,0,62,148962,1
13791,Sales,PhD,Female,Sourcing,3,53,3,1,0,0,51,125280,0
13792,HR,Bachelor,Male,Sourcing,5,33,3,12,0,0,81,146915,0
13793,Technology,Bachelor,Male,Other,3,52,3,5,0,0,48,126917,0
13794,Marketing,Master,Female,Other,1,23,5,14,0,0,92,139501,1
13795,HR,Bachelor,Female,Sourcing,1,29,3,16,0,0,65,105471,0
13796,Marketing,Bachelor,Male,Sourcing,2,46,3,19,0,0,69,152343,0
13797,Technology,Bachelor,Female,Sourcing,2,26,3,16,0,0,96,135718,0
13798,Sales,Bachelor,Male,Other,3,23,2,7,0,0,59,45878,0
13799,Sales,Bachelor,Female,Referred,3,59,3,3,0,0,55,88804,0
13800,Technology,Bachelor,Male,Referred,3,24,2,8,0,1,52,124556,1
13801,Sales,Master,Female,Sourcing,3,59,4,14,0,0,74,157494,0
13802,Operations,Bachelor,Male,Referred,1,43,2,3,0,0,89,144410,0
13803,Finance,Bachelor,Female,Sourcing,2,54,3,11,1,0,43,100936,1
13804,Operations,High School,Male,Sourcing,2,53,2,14,1,0,90,124551,1
13805,Sales,Master,Male,Referred,4,38,5,2,1,0,64,98645,1
13806,Operations,Master,Male,Referred,2,39,3,4,0,0,52,112285,0
13807,Technology,Bachelor,Female,Sourcing,2,24,4,5,0,0,99,93235,1
13808,Sales,Master,Female,Sourcing,5,27,4,19,0,0,67,135647,0
13809,HR,Bachelor,Male,Sourcing,5,34,4,10,0,0,84,34041,0
13810,HR,Bachelor,Male,Sourcing,4,52,4,2,1,0,51,39176,1
13811,Marketing,Bachelor,Male,Referred,3,38,2,3,0,0,63,80276,0
13812,Technology,Bachelor,Male,Other,4,42,4,15,1,0,67,70764,1
13813,Sales,Master,Female,Sourcing,4,37,3,19,0,0,40,110064,0
13814,Technology,Bachelor,Female,Sourcing,1,38,4,2,1,0,73,141469,1
13815,Sales,Master,Female,Sourcing,2,53,5,3,0,0,42,158454,0
13816,Technology,Master,Male,Referred,1,22,5,12,1,0,61,60029,1
13817,Technology,Bachelor,Male,Sourcing,2,59,2,14,0,0,60,99180,0
13818,Finance,Bachelor,Female,Other,4,29,3,17,0,0,66,58646,1
13819,Finance,Bachelor,Female,Sourcing,2,22,3,16,1,0,60,62201,1
13820,Technology,Bachelor,Female,Referred,3,23,2,17,0,0,61,176626,0
13821,Technology,Bachelor,Female,Other,3,58,1,9,1,0,52,106225,1
13822,Technology,High School,Male,Other,4,45,3,3,0,0,83,75707,0
13823,Finance,Bachelor,Male,Other,5,48,5,14,0,1,55,92272,1
13824,Sales,Bachelor,Male,Other,3,41,3,3,0,0,85,155162,1
13825,Sales,PhD,Female,Other,4,42,3,6,0,0,63,171735,0
13826,HR,Bachelor,Male,Sourcing,1,58,3,19,0,0,85,159628,0
13827,Technology,Master,Female,Sourcing,5,56,4,13,0,0,56,51640,0
13828,Technology,Bachelor,Female,Sourcing,3,59,5,5,1,0,44,40321,1
13829,Finance,Bachelor,Female,Other,4,36,3,1,0,0,77,122524,1
13830,Sales,Bachelor,Female,Other,4,51,1,12,1,0,98,149523,1
13831,Technology,Bachelor,Female,Sourcing,1,25,3,15,0,0,81,52370,1
13832,Finance,Bachelor,Male,Referred,1,36,5,19,0,0,66,38426,0
13833,Finance,Master,Male,Other,5,44,3,2,0,1,93,144722,1
13834,Technology,Bachelor,Male,Other,3,36,3,3,1,0,80,59310,1
13835,Technology,High School,Female,Referred,4,47,2,7,0,0,71,169602,0
13836,Sales,Bachelor,Male,Other,5,33,2,11,0,0,65,140523,0
13837,Operations,Bachelor,Female,Sourcing,5,39,5,10,0,0,46,56078,1
13838,Sales,Bachelor,Male,Sourcing,1,27,3,8,1,0,75,167050,1
13839,Operations,High School,Female,Referred,4,39,3,2,0,0,94,119727,0
13840,Marketing,Bachelor,Female,Sourcing,2,45,3,14,0,0,46,172947,0
13841,Technology,Bachelor,Male,Sourcing,1,59,5,13,0,0,82,106218,1
13842,HR,PhD,Female,Other,4,49,1,7,0,0,66,112625,0
13843,Technology,Bachelor,Male,Other,5,36,4,9,0,0,77,165919,0
13844,Technology,PhD,Male,Other,5,40,3,7,0,0,87,40532,0
13845,Sales,Bachelor,Male,Sourcing,3,26,4,1,0,0,87,39316,1
13846,Marketing,Master,Female,Referred,2,25,5,1,1,0,63,39791,1
13847,Operations,High School,Female,Sourcing,1,38,3,6,1,0,63,95774,1
13848,Technology,Master,Female,Sourcing,3,31,2,1,0,0,84,173877,0
13849,Marketing,Bachelor,Female,Referred,3,33,2,16,0,0,97,45072,0
13850,HR,Bachelor,Male,Sourcing,2,26,4,3,0,0,83,105931,0
13851,Technology,High School,Female,Sourcing,1,28,2,13,1,0,68,34631,0
13852,Sales,Bachelor,Male,Other,1,44,3,4,0,0,93,114082,0
13853,Technology,Bachelor,Male,Sourcing,5,23,2,17,1,0,66,44939,1
13854,Operations,Master,Female,Other,1,51,3,10,0,0,73,36474,0
13855,Marketing,Bachelor,Female,Referred,3,58,1,4,0,0,60,156485,0
13856,HR,Bachelor,Male,Other,5,26,5,12,0,0,84,132765,0
13857,Technology,Bachelor,Female,Sourcing,1,41,5,13,1,0,40,131869,1
13858,Technology,Bachelor,Male,Referred,2,47,3,4,1,0,49,123729,1
13859,Technology,Bachelor,Female,Sourcing,3,27,3,16,1,0,97,93784,1
13860,Finance,Master,Female,Other,4,50,3,19,1,0,69,63232,1
13861,Finance,Bachelor,Male,Sourcing,2,31,4,7,0,0,67,40226,0
13862,Technology,Master,Male,Sourcing,2,37,3,1,0,0,81,84492,0
13863,Technology,PhD,Male,Other,1,55,3,16,0,0,69,122897,0
13864,Sales,Master,Female,Sourcing,5,52,3,2,1,0,67,79962,1
13865,Sales,Bachelor,Female,Sourcing,5,57,4,1,0,0,68,35909,0
13866,Technology,Master,Female,Sourcing,3,26,3,14,0,0,70,52362,0
13867,Technology,Bachelor,Male,Referred,1,54,3,5,0,0,82,36629,0
13868,Marketing,Bachelor,Male,Sourcing,5,40,3,15,1,0,80,177854,1
13869,Marketing,Master,Female,Sourcing,4,53,3,10,1,1,43,86852,1
13870,HR,Bachelor,Male,Sourcing,1,44,3,2,1,0,88,139315,1
13871,Technology,High School,Female,Referred,1,24,3,11,1,0,58,103134,1
13872,Sales,Bachelor,Male,Other,5,22,3,16,0,0,49,61633,0
13873,Sales,Master,Female,Sourcing,2,57,4,19,0,1,84,123391,1
13874,Finance,Bachelor,Female,Sourcing,1,49,1,4,1,0,70,51922,0
13875,HR,High School,Female,Sourcing,2,26,3,10,0,0,73,41432,0
13876,Technology,Bachelor,Male,Sourcing,3,34,3,12,0,1,80,56560,1
13877,Sales,Bachelor,Male,Sourcing,3,32,3,2,0,0,78,133563,0
13878,Finance,Bachelor,Female,Sourcing,5,43,3,2,0,0,97,134794,1
13879,Technology,Bachelor,Female,Referred,3,44,4,9,0,0,81,50537,1
13880,Sales,Bachelor,Female,Other,5,33,3,12,0,0,83,58343,0
13881,Technology,Bachelor,Female,Sourcing,5,42,5,2,1,0,70,177197,1
13882,Marketing,Bachelor,Female,Referred,2,40,5,18,1,1,93,82408,1
13883,Operations,Bachelor,Female,Referred,2,26,4,16,0,0,91,151009,0
13884,Sales,Bachelor,Male,Referred,3,45,4,19,1,0,50,170649,1
13885,Finance,Master,Male,Other,2,51,3,15,1,0,75,61085,1
13886,Operations,Master,Male,Sourcing,1,29,3,16,0,0,83,130918,0
13887,Operations,Master,Male,Sourcing,4,23,5,6,0,0,83,142933,1
13888,Technology,Master,Female,Referred,1,55,3,15,0,0,71,96307,0
13889,Technology,Bachelor,Female,Sourcing,1,44,2,12,1,1,62,127266,1
13890,Technology,Bachelor,Female,Sourcing,5,24,3,12,0,0,79,81348,1
13891,Marketing,Bachelor,Male,Sourcing,4,45,3,10,1,0,91,93636,1
13892,Technology,Master,Male,Sourcing,5,39,2,15,1,0,85,93738,1
13893,Marketing,High School,Female,Referred,2,58,5,4,0,0,78,70701,0
13894,Technology,Bachelor,Male,Sourcing,2,52,3,10,0,0,42,113917,0
13895,Marketing,Bachelor,Male,Sourcing,4,35,4,19,0,0,99,57004,1
13896,Finance,Bachelor,Female,Sourcing,3,22,2,14,0,0,67,38963,0
13897,Sales,Bachelor,Female,Sourcing,2,35,3,10,0,0,64,69131,0
13898,Finance,Bachelor,Female,Other,1,26,1,17,0,0,67,96699,0
13899,Technology,Bachelor,Male,Sourcing,4,52,3,11,1,0,58,156517,1
13900,Finance,High School,Female,Other,4,52,3,18,0,0,85,102477,0
13901,Technology,Bachelor,Female,Referred,2,51,5,2,0,0,58,118328,0
13902,Technology,High School,Female,Other,2,57,3,11,0,0,81,100592,0
13903,Operations,Master,Male,Sourcing,5,22,3,8,0,0,83,33693,1
13904,Sales,Master,Male,Sourcing,5,24,3,19,1,0,68,123462,1
13905,Finance,Master,Female,Other,1,41,1,16,0,0,89,96308,0
13906,Technology,Master,Female,Other,4,42,3,4,0,0,58,161795,0
13907,Technology,Master,Male,Sourcing,3,51,1,14,1,0,95,178674,1
13908,Sales,Master,Male,Sourcing,3,51,5,17,0,0,57,145393,0
13909,Technology,Bachelor,Female,Sourcing,4,26,4,11,0,0,84,174426,1
13910,Sales,High School,Male,Other,1,31,3,3,1,0,88,132841,1
13911,HR,Master,Female,Sourcing,5,45,3,4,0,0,92,76375,0
13912,Sales,Master,Female,Referred,5,27,2,13,0,0,63,145298,0
13913,HR,PhD,Male,Other,5,31,4,17,0,0,77,93924,0
13914,Operations,Bachelor,Female,Other,3,31,4,10,0,0,55,128234,0
13915,Operations,Bachelor,Female,Referred,3,46,4,12,1,0,57,170995,1
13916,Technology,Bachelor,Male,Sourcing,1,35,3,8,1,0,99,121013,1
13917,Marketing,Bachelor,Female,Other,3,34,3,3,1,0,80,142013,1
13918,Sales,Master,Male,Referred,2,32,3,10,0,0,52,125728,0
13919,Marketing,Bachelor,Female,Other,3,32,5,7,1,0,43,103572,1
13920,Finance,Bachelor,Female,Sourcing,5,37,5,10,0,0,52,174160,0
13921,Operations,Bachelor,Male,Referred,1,54,3,7,0,0,74,152219,0
13922,Technology,Bachelor,Male,Sourcing,4,53,4,18,1,0,43,135618,1
13923,Marketing,Master,Male,Sourcing,4,31,5,14,0,0,58,87514,0
13924,Sales,Master,Male,Other,1,36,3,12,0,0,63,91749,0
13925,Operations,Bachelor,Male,Referred,2,37,4,8,0,0,72,53506,0
13926,HR,Bachelor,Male,Referred,4,48,3,7,1,0,72,32399,1
13927,Technology,Bachelor,Female,Sourcing,5,53,3,5,0,0,48,47758,0
13928,Marketing,Bachelor,Male,Referred,4,27,2,1,0,0,94,146284,0
13929,Marketing,Bachelor,Female,Sourcing,4,57,3,15,1,0,96,61913,1
13930,Sales,High School,Male,Referred,5,29,4,9,0,0,42,129049,0
13931,Operations,Bachelor,Female,Sourcing,3,46,3,12,0,0,42,89153,0
13932,Sales,Bachelor,Female,Other,2,28,2,18,1,0,69,139816,1
13933,Technology,Bachelor,Male,Other,5,38,3,11,0,0,57,121605,0
13934,Sales,Master,Female,Sourcing,5,51,3,10,0,0,41,115342,0
13935,Sales,Master,Female,Sourcing,1,23,3,10,0,0,71,81875,0
13936,Technology,Master,Female,Referred,2,38,3,18,0,0,82,144262,0
13937,Technology,Bachelor,Male,Referred,3,25,1,1,1,0,48,83420,1
13938,Sales,PhD,Male,Other,5,47,4,11,0,0,41,101561,0
13939,Sales,Bachelor,Female,Referred,3,35,5,2,1,0,59,154808,1
13940,Technology,Bachelor,Male,Sourcing,5,29,3,11,0,0,66,34240,0
13941,Marketing,Bachelor,Male,Sourcing,5,26,4,2,0,0,75,141353,0
13942,Finance,Bachelor,Female,Sourcing,1,26,5,9,0,0,80,148210,1
13943,HR,PhD,Female,Sourcing,4,26,3,1,0,0,85,175952,0
13944,Technology,High School,Male,Referred,2,48,4,6,0,0,58,122865,0
13945,Sales,Bachelor,Male,Sourcing,1,26,4,2,0,0,55,121776,0
13946,HR,PhD,Male,Other,3,24,3,15,1,0,65,90544,1
13947,Marketing,Master,Female,Other,5,59,3,1,0,0,53,104410,0
13948,Technology,High School,Male,Other,5,51,4,18,0,0,86,157992,0
13949,Sales,Bachelor,Male,Other,2,22,3,4,0,0,57,58484,0
13950,Sales,Bachelor,Male,Sourcing,1,29,5,13,0,0,67,178965,0
13951,HR,Bachelor,Female,Other,1,34,3,4,0,0,86,70703,0
13952,Finance,Master,Female,Sourcing,3,41,3,15,0,0,58,163356,0
13953,Operations,Bachelor,Female,Sourcing,1,27,3,2,0,0,69,73103,0
13954,Sales,Bachelor,Male,Other,1,29,3,9,1,0,80,111078,1
13955,Sales,Bachelor,Male,Sourcing,4,51,4,12,1,0,60,154536,1
13956,Finance,Bachelor,Female,Other,2,36,3,14,0,0,60,66034,0
13957,Operations,Master,Male,Referred,1,31,5,4,0,0,87,121385,1
13958,Technology,PhD,Male,Other,3,54,3,15,0,0,94,82670,1
13959,HR,Master,Male,Sourcing,5,30,4,4,1,0,69,36215,1
13960,HR,PhD,Female,Referred,1,54,5,5,0,0,88,48399,1
13961,Technology,Bachelor,Male,Sourcing,1,30,2,10,1,0,81,39143,1
13962,Technology,Bachelor,Male,Other,5,35,4,12,0,0,76,93539,0
13963,HR,Bachelor,Female,Sourcing,4,53,2,12,0,0,80,54047,0
13964,Technology,Bachelor,Male,Referred,2,58,4,8,1,0,85,78354,1
13965,HR,Bachelor,Female,Sourcing,4,27,3,4,1,0,71,37564,1
13966,Marketing,Master,Male,Sourcing,3,26,5,3,0,0,69,134656,0
13967,Sales,Bachelor,Female,Sourcing,1,25,5,1,1,0,61,174205,1
13968,HR,Master,Female,Sourcing,4,37,1,18,0,0,99,33044,0
13969,Technology,Bachelor,Male,Other,2,31,2,14,0,0,63,126508,0
13970,Technology,Bachelor,Male,Sourcing,3,52,3,17,1,0,49,168159,1
13971,Operations,Bachelor,Female,Sourcing,4,52,3,6,1,0,63,132583,1
13972,Technology,Bachelor,Male,Referred,1,35,2,6,0,0,40,50357,0
13973,Sales,Bachelor,Female,Sourcing,2,34,2,10,1,0,95,77960,1
13974,Marketing,Bachelor,Male,Sourcing,1,25,3,19,0,0,93,30999,0
13975,Sales,Bachelor,Male,Other,1,47,1,10,0,0,91,36338,0
13976,Operations,Bachelor,Male,Sourcing,3,45,5,3,0,0,74,63812,0
13977,Technology,Bachelor,Male,Sourcing,2,30,4,1,0,0,55,34893,0
13978,Technology,Master,Female,Sourcing,5,56,4,18,0,0,44,170342,0
13979,HR,Master,Female,Sourcing,1,36,1,15,0,0,70,174385,0
13980,Technology,Bachelor,Male,Referred,2,45,1,4,1,0,84,83551,1
13981,Finance,Master,Male,Sourcing,1,52,3,18,1,0,76,56133,1
13982,Finance,Master,Male,Other,4,40,5,10,0,0,94,100796,1
13983,Sales,Master,Male,Sourcing,4,23,3,19,0,0,64,130440,0
13984,Sales,Bachelor,Male,Sourcing,2,23,3,17,0,0,82,162906,0
13985,Finance,Bachelor,Female,Sourcing,3,57,2,10,0,0,88,70522,0
13986,Operations,Master,Female,Referred,5,58,4,4,0,0,64,59679,0
13987,HR,Bachelor,Male,Other,4,55,3,5,0,0,42,175993,0
13988,Technology,High School,Female,Referred,3,40,2,7,1,0,93,50784,1
13989,Sales,Master,Female,Other,5,59,3,19,0,0,77,43476,0
13990,Finance,Bachelor,Male,Sourcing,4,44,4,19,1,0,71,102920,1
13991,HR,Bachelor,Female,Sourcing,5,37,3,8,1,0,87,111698,1
13992,Sales,Bachelor,Female,Sourcing,1,27,4,1,0,0,59,165451,0
13993,Marketing,Bachelor,Female,Sourcing,2,47,4,8,1,0,69,86681,1
13994,HR,Bachelor,Female,Sourcing,4,43,4,19,0,0,41,88812,0
13995,Technology,Bachelor,Male,Sourcing,4,45,3,17,1,0,44,97498,1
13996,Technology,Bachelor,Female,Sourcing,1,42,5,9,0,0,58,115368,0
13997,Sales,Bachelor,Female,Sourcing,4,51,5,16,0,0,59,152505,0
13998,Technology,High School,Female,Sourcing,4,32,3,9,0,0,61,114814,0
13999,Technology,Bachelor,Male,Sourcing,4,30,2,19,0,0,50,33863,0
14000,Sales,High School,Female,Other,4,33,4,16,0,0,94,177145,1
14001,Technology,High School,Female,Sourcing,4,47,2,13,0,0,57,159650,0
14002,Finance,Bachelor,Female,Other,3,59,5,19,0,0,66,96092,1
14003,Marketing,Master,Male,Referred,4,24,1,5,0,0,70,100261,0
14004,Sales,Bachelor,Male,Sourcing,1,54,5,2,0,0,74,171683,0
14005,Sales,Master,Male,Sourcing,4,36,3,4,0,0,83,81508,0
14006,Sales,Bachelor,Male,Sourcing,5,26,4,12,0,0,94,92822,1
14007,Technology,Bachelor,Male,Referred,5,45,3,18,0,0,84,45819,1
14008,Technology,Bachelor,Female,Sourcing,1,32,5,3,1,0,60,134579,1
14009,Marketing,Bachelor,Male,Sourcing,3,54,2,19,0,0,91,62467,0
14010,HR,Bachelor,Female,Sourcing,1,44,3,4,0,0,59,148985,0
14011,HR,Bachelor,Male,Other,3,31,1,4,0,0,48,168526,0
14012,Technology,Bachelor,Male,Sourcing,2,49,5,16,1,0,70,111042,1
14013,Marketing,Bachelor,Male,Referred,5,38,3,11,1,0,48,50227,1
14014,Sales,Bachelor,Female,Sourcing,5,47,4,13,0,0,97,158846,0
14015,Technology,Bachelor,Female,Other,5,46,4,11,0,0,46,101973,0
14016,Sales,Bachelor,Female,Referred,3,57,5,7,0,0,72,136513,0
14017,Finance,Bachelor,Male,Sourcing,1,33,4,14,0,0,40,43159,0
14018,Finance,Master,Male,Other,3,24,3,4,0,0,58,44303,0
14019,Sales,Bachelor,Male,Other,5,50,4,8,1,1,42,104866,1
14020,Sales,Master,Male,Sourcing,5,45,4,12,0,0,78,87551,1
14021,Technology,Bachelor,Male,Sourcing,5,40,2,13,0,0,51,30160,0
14022,Sales,PhD,Male,Other,5,34,2,9,1,0,69,111714,1
14023,Marketing,Bachelor,Female,Other,2,37,1,9,0,0,55,99950,0
14024,Finance,Bachelor,Female,Referred,5,48,3,2,1,0,52,83709,1
14025,Marketing,Bachelor,Male,Referred,3,27,3,3,1,0,89,114876,1
14026,Finance,Bachelor,Female,Referred,5,31,3,12,0,0,63,169315,0
14027,Technology,Bachelor,Female,Sourcing,4,59,5,17,0,0,56,165777,1
14028,Sales,Bachelor,Female,Referred,2,29,3,4,1,0,66,111340,1
14029,Marketing,High School,Male,Sourcing,5,39,4,14,1,0,68,177165,1
14030,Technology,Bachelor,Male,Other,4,53,3,9,1,0,95,137459,1
14031,Marketing,Bachelor,Male,Other,3,38,2,8,0,0,80,91662,0
14032,Sales,Master,Male,Referred,2,23,3,1,1,0,53,136421,1
14033,HR,Bachelor,Female,Sourcing,5,41,5,13,1,0,44,67700,1
14034,Operations,Master,Male,Sourcing,3,31,2,3,0,0,82,96685,0
14035,Sales,Bachelor,Male,Sourcing,4,30,3,14,1,0,91,163631,1
14036,Operations,Master,Male,Referred,2,46,1,19,0,0,77,40369,0
14037,Operations,Bachelor,Female,Referred,5,46,3,6,0,0,45,63835,0
14038,Marketing,Master,Female,Sourcing,3,45,3,4,0,0,63,144047,0
14039,Marketing,Master,Female,Referred,2,27,4,1,0,0,79,179285,1
14040,Technology,Bachelor,Female,Other,4,51,4,10,1,0,72,132587,1
14041,Finance,Bachelor,Female,Sourcing,5,31,3,13,0,0,48,142509,0
14042,Sales,Bachelor,Male,Sourcing,2,52,5,12,0,0,81,97580,0
14043,Technology,High School,Female,Other,4,39,3,11,0,0,88,155861,1
14044,Technology,Bachelor,Female,Referred,4,54,4,4,0,0,42,68581,0
14045,Technology,Bachelor,Male,Referred,3,40,3,17,1,0,62,124526,0
14046,Technology,Bachelor,Male,Referred,4,44,5,15,0,0,60,97133,1
14047,Sales,Bachelor,Male,Other,4,26,4,3,0,0,61,150397,1
14048,Technology,Bachelor,Female,Sourcing,1,47,5,10,1,0,84,97857,1
14049,Finance,High School,Male,Sourcing,4,50,2,14,0,0,47,84010,0
14050,Sales,Bachelor,Female,Sourcing,5,45,4,19,0,0,59,93511,0
14051,Operations,Master,Male,Sourcing,2,27,4,4,0,0,53,159157,0
14052,Marketing,Bachelor,Female,Sourcing,5,25,4,14,0,0,69,123587,0
14053,Finance,Bachelor,Female,Sourcing,5,47,3,6,0,0,91,61477,0
14054,Technology,Bachelor,Female,Other,3,36,1,12,0,0,47,82707,0
14055,Marketing,Bachelor,Female,Other,1,34,3,2,0,0,58,116217,0
14056,HR,High School,Male,Sourcing,1,43,3,17,0,0,84,123910,0
14057,Finance,PhD,Male,Referred,5,34,5,1,1,0,77,96605,1
14058,HR,Bachelor,Female,Referred,2,38,4,17,0,0,75,128801,0
14059,Finance,Bachelor,Male,Other,1,57,2,5,0,1,45,82905,1
14060,Operations,Bachelor,Female,Referred,1,46,5,16,1,0,91,166114,1
14061,Sales,High School,Male,Sourcing,5,55,2,14,0,0,73,133508,0
14062,Sales,PhD,Male,Other,1,42,3,10,1,0,49,80999,1
14063,Marketing,Master,Female,Other,3,46,2,3,1,0,70,139644,1
14064,Sales,Bachelor,Female,Referred,5,46,5,3,0,0,50,88921,0
14065,Finance,Bachelor,Male,Other,1,43,4,18,1,0,82,81724,1
14066,Sales,Bachelor,Female,Other,1,44,3,18,1,0,74,134738,1
14067,Sales,Bachelor,Male,Referred,1,46,4,4,1,0,50,62264,1
14068,Operations,Bachelor,Male,Referred,5,35,2,7,1,0,79,34647,1
14069,Marketing,Bachelor,Male,Other,2,35,3,1,1,0,71,60627,1
14070,Finance,Bachelor,Female,Sourcing,4,47,3,16,1,0,88,103076,1
14071,Sales,PhD,Female,Sourcing,1,51,2,17,1,0,98,127960,1
14072,Marketing,Master,Male,Sourcing,4,47,5,8,0,0,65,77878,0
14073,Technology,Bachelor,Female,Other,4,59,4,6,1,0,61,119310,1
14074,Technology,Bachelor,Female,Other,1,43,3,2,0,0,96,43300,1
14075,Marketing,Bachelor,Male,Sourcing,1,55,2,10,1,0,40,141562,0
14076,Technology,Master,Female,Other,4,46,1,17,1,0,87,146957,1
14077,Technology,Master,Female,Other,2,57,3,19,0,0,68,113534,0
14078,Sales,Master,Male,Other,4,34,3,4,0,0,91,106172,0
14079,Marketing,Master,Female,Sourcing,2,50,3,13,0,0,78,128402,0
14080,Sales,Bachelor,Male,Referred,3,30,4,19,1,0,61,42566,1
14081,Marketing,Bachelor,Female,Referred,2,36,3,16,1,0,93,126948,1
14082,Sales,Bachelor,Female,Referred,5,52,3,13,0,0,71,44116,0
14083,Technology,Bachelor,Male,Referred,1,48,5,5,1,0,64,61507,1
14084,Marketing,Master,Male,Other,3,52,3,12,0,0,79,145063,0
14085,Sales,Bachelor,Female,Sourcing,4,31,3,7,0,0,84,148162,0
14086,HR,Bachelor,Male,Other,2,58,3,9,0,0,68,63003,0
14087,Sales,Bachelor,Male,Sourcing,3,28,2,5,0,0,76,165825,0
14088,Technology,High School,Female,Sourcing,5,53,2,4,0,0,71,99699,0
14089,Finance,Bachelor,Male,Sourcing,2,32,3,10,1,1,98,56556,1
14090,HR,Master,Female,Sourcing,4,49,5,16,0,0,69,102647,1
14091,Marketing,Bachelor,Female,Sourcing,4,25,4,11,1,0,99,159837,1
14092,Sales,Bachelor,Male,Other,2,52,4,9,0,0,98,39391,0
14093,Technology,Bachelor,Female,Referred,5,50,3,5,1,0,57,105681,1
14094,Operations,Master,Male,Sourcing,1,54,3,11,1,0,83,159895,1
14095,Sales,Bachelor,Female,Referred,1,25,3,9,0,0,87,158518,0
14096,Technology,PhD,Male,Sourcing,4,47,1,17,0,0,42,170081,0
14097,HR,Bachelor,Male,Sourcing,5,52,3,11,1,0,51,128356,1
14098,HR,Bachelor,Female,Referred,4,52,3,6,0,0,97,139525,1
14099,Sales,High School,Male,Referred,1,48,1,16,0,1,90,166458,1
14100,HR,Bachelor,Male,Other,4,46,1,19,0,0,59,39910,0
14101,Technology,Bachelor,Male,Sourcing,2,57,3,14,1,0,89,55406,1
14102,Technology,Master,Female,Other,2,52,3,3,1,0,47,156240,1
14103,Technology,Bachelor,Female,Referred,5,58,3,10,1,0,70,65353,1
14104,Sales,Master,Male,Other,1,44,2,4,1,0,63,161522,0
14105,Sales,Bachelor,Male,Sourcing,5,56,2,2,0,0,52,175246,0
14106,Marketing,Bachelor,Female,Referred,5,25,3,13,1,0,99,127489,1
14107,Operations,Bachelor,Female,Referred,1,49,1,11,0,0,47,38956,0
14108,HR,Master,Female,Other,3,34,3,12,0,0,81,92974,0
14109,Finance,Bachelor,Male,Sourcing,3,22,1,1,0,0,53,73513,0
14110,Technology,Master,Female,Referred,4,33,4,9,0,0,54,63249,0
14111,Technology,High School,Male,Sourcing,3,47,3,12,1,0,60,81559,1
14112,Technology,Bachelor,Female,Referred,2,44,3,7,0,0,54,45038,0
14113,HR,Bachelor,Male,Sourcing,5,43,2,17,0,0,65,44480,0
14114,HR,Bachelor,Female,Sourcing,4,49,2,10,1,0,77,34648,1
14115,Technology,Bachelor,Male,Referred,5,38,2,6,0,0,85,177531,0
14116,Sales,Bachelor,Female,Sourcing,1,27,5,7,0,0,77,177238,1
14117,Operations,Master,Female,Sourcing,3,35,4,19,1,0,94,59344,1
14118,Technology,High School,Male,Sourcing,1,38,1,14,0,0,72,171599,0
14119,Sales,High School,Female,Sourcing,4,59,3,11,1,0,49,125380,1
14120,Marketing,PhD,Female,Other,2,26,3,2,0,0,58,96996,0
14121,Sales,PhD,Female,Referred,3,34,2,1,0,0,50,70269,0
14122,Technology,Bachelor,Female,Other,1,30,4,10,1,0,42,108913,1
14123,Marketing,Master,Male,Sourcing,3,47,2,12,0,0,98,106976,0
14124,Operations,PhD,Male,Other,5,34,3,9,0,0,62,92790,0
14125,Marketing,Bachelor,Female,Sourcing,2,40,3,11,0,0,45,163070,0
14126,Marketing,High School,Male,Referred,3,38,3,1,0,0,80,65358,0
14127,Marketing,Bachelor,Male,Sourcing,2,37,5,10,0,0,96,149720,1
14128,Operations,Master,Male,Other,5,51,4,19,0,0,80,78071,0
14129,Sales,Master,Male,Referred,5,53,4,11,0,0,68,54774,1
14130,HR,High School,Male,Sourcing,1,35,3,3,1,0,43,171731,0
14131,Sales,Bachelor,Female,Sourcing,4,36,1,16,0,0,42,162169,0
14132,Sales,Master,Male,Referred,1,33,4,10,0,1,59,131798,1
14133,Marketing,Bachelor,Female,Sourcing,2,58,5,2,1,0,90,86172,1
14134,Technology,Bachelor,Male,Sourcing,1,32,3,19,1,0,94,86488,1
14135,Technology,Master,Female,Sourcing,3,26,5,4,0,0,82,131076,0
14136,HR,Bachelor,Female,Referred,1,32,2,16,0,1,90,128621,1
14137,Marketing,Master,Female,Other,4,55,3,6,0,0,88,77311,1
14138,Sales,Bachelor,Male,Sourcing,4,40,2,11,0,0,47,73410,0
14139,Marketing,Bachelor,Male,Sourcing,2,47,3,17,0,0,45,151938,0
14140,Technology,Master,Female,Other,5,47,4,15,0,0,44,164383,0
14141,Sales,Bachelor,Female,Referred,4,38,3,4,0,1,47,55018,1
14142,Sales,Bachelor,Male,Sourcing,2,52,5,8,0,0,98,38800,1
14143,HR,High School,Male,Other,4,40,3,18,0,0,47,33784,1
14144,Finance,Bachelor,Female,Sourcing,4,41,3,14,0,0,74,167676,0
14145,Operations,Master,Male,Sourcing,5,44,4,2,0,0,58,70407,0
14146,Technology,Bachelor,Male,Other,3,46,2,16,0,0,87,163210,0
14147,Sales,Bachelor,Male,Other,2,49,4,15,0,0,49,104016,0
14148,Technology,Bachelor,Male,Sourcing,4,58,2,6,0,0,94,101651,0
14149,Marketing,Bachelor,Male,Sourcing,4,33,3,9,1,0,74,66112,1
14150,Marketing,Bachelor,Male,Sourcing,1,22,3,12,1,0,48,152388,1
14151,Sales,Bachelor,Female,Sourcing,3,23,5,10,0,0,47,168753,0
14152,HR,Bachelor,Female,Sourcing,5,31,3,7,0,0,47,100222,0
14153,Marketing,Bachelor,Female,Sourcing,2,55,3,5,1,0,96,69467,1
14154,Technology,Bachelor,Female,Other,4,53,4,8,0,0,47,142321,1
14155,Sales,Bachelor,Female,Other,2,46,3,12,1,0,59,173907,1
14156,HR,Bachelor,Female,Referred,5,31,4,1,0,0,46,141149,0
14157,Technology,High School,Male,Referred,3,22,3,10,1,0,85,45281,1
14158,Finance,Master,Male,Sourcing,1,53,2,11,0,0,61,112143,0
14159,Operations,Master,Female,Sourcing,3,58,3,5,0,0,56,58226,0
14160,Technology,Bachelor,Female,Sourcing,1,33,2,13,0,0,83,139314,0
14161,Technology,High School,Female,Other,2,39,2,18,0,0,44,68816,0
14162,HR,Master,Male,Sourcing,3,51,3,10,1,0,73,156508,1
14163,Technology,Master,Male,Other,3,34,2,17,1,0,64,67912,1
14164,Technology,Bachelor,Male,Referred,3,24,4,19,0,0,86,101843,1
14165,Technology,High School,Male,Sourcing,5,42,3,4,0,0,82,61010,1
14166,Technology,Master,Female,Sourcing,2,35,3,9,0,0,54,171356,0
14167,Sales,PhD,Female,Referred,1,31,3,18,0,0,70,108191,0
14168,HR,Bachelor,Female,Other,3,23,4,16,0,0,84,161808,0
14169,Sales,Bachelor,Female,Other,2,58,2,7,0,0,58,59594,0
14170,HR,Bachelor,Male,Sourcing,5,32,3,12,1,0,83,138893,1
14171,Sales,Bachelor,Male,Referred,5,22,3,4,1,0,70,92238,1
14172,Operations,PhD,Female,Sourcing,2,47,3,12,0,0,86,118898,0
14173,Technology,Bachelor,Male,Other,1,34,3,12,0,0,51,156357,0
14174,Technology,Bachelor,Male,Other,2,49,4,4,1,0,62,143587,1
14175,Finance,Bachelor,Male,Referred,2,57,5,12,1,0,89,177316,1
14176,Operations,Bachelor,Male,Sourcing,4,42,4,8,0,0,62,167735,0
14177,Technology,Bachelor,Female,Referred,5,31,2,3,1,0,75,108881,1
14178,Finance,Master,Male,Sourcing,1,33,3,16,1,0,50,114201,1
14179,Sales,Bachelor,Female,Sourcing,4,48,5,2,0,0,61,168420,0
14180,Sales,Bachelor,Male,Sourcing,2,24,3,6,1,0,86,68801,1
14181,Technology,Bachelor,Male,Other,5,49,5,17,0,0,96,100155,1
14182,Marketing,Bachelor,Female,Referred,4,23,3,12,1,0,95,94237,1
14183,Marketing,Bachelor,Female,Sourcing,4,49,5,9,0,0,96,138223,1
14184,Sales,Master,Male,Other,1,52,5,16,0,0,69,155880,1
14185,Sales,Master,Male,Sourcing,2,42,4,7,0,0,44,76943,0
14186,Technology,Master,Female,Sourcing,1,28,1,8,0,0,76,91363,0
14187,Sales,Master,Male,Sourcing,4,52,3,7,1,0,59,84091,1
14188,Technology,Bachelor,Male,Referred,4,35,5,5,0,0,96,171638,1
14189,Marketing,High School,Female,Referred,1,30,5,7,0,0,49,87370,0
14190,Marketing,Master,Male,Sourcing,4,44,2,18,1,0,95,130491,1
14191,Marketing,High School,Male,Other,3,33,3,18,0,0,61,52208,0
14192,Finance,Bachelor,Male,Sourcing,5,50,4,16,1,0,81,52695,1
14193,Technology,High School,Male,Other,2,59,3,7,1,0,69,105483,1
14194,Marketing,Master,Male,Sourcing,5,43,4,2,0,0,69,107851,0
14195,Technology,Master,Female,Other,2,25,4,17,0,0,61,69925,1
14196,Sales,Bachelor,Male,Referred,4,28,5,8,0,0,77,38499,0
14197,HR,Master,Female,Referred,1,29,2,2,0,0,77,74429,0
14198,Sales,High School,Female,Sourcing,1,56,2,18,0,0,94,124341,1
14199,Technology,Master,Male,Referred,4,30,1,19,0,0,77,73793,0
14200,Technology,Bachelor,Female,Sourcing,2,34,5,9,0,0,95,41556,1
14201,Finance,High School,Male,Other,4,41,3,12,1,0,46,130297,1
14202,Sales,Bachelor,Female,Sourcing,2,42,1,19,1,0,89,30703,1
14203,Sales,Bachelor,Female,Sourcing,4,40,3,8,0,0,97,161426,1
14204,Operations,Bachelor,Female,Referred,4,23,3,8,0,0,75,176045,0
14205,Sales,High School,Male,Other,4,51,4,10,1,0,53,100672,1
14206,Technology,Bachelor,Female,Sourcing,1,44,4,18,0,0,50,87906,0
14207,Technology,Bachelor,Female,Other,2,34,4,15,1,1,46,88931,1
14208,Technology,Master,Female,Other,4,54,1,11,0,0,71,94831,0
14209,HR,Master,Male,Referred,5,53,5,14,0,0,57,94800,0
14210,HR,Bachelor,Male,Sourcing,5,49,2,15,1,0,91,44944,1
14211,Sales,High School,Female,Other,1,45,3,14,1,1,73,136256,1
14212,Technology,High School,Female,Sourcing,3,49,1,12,0,0,41,76459,0
14213,Technology,Bachelor,Female,Sourcing,1,51,1,4,0,0,46,62944,0
14214,Sales,Bachelor,Female,Other,3,50,1,3,1,0,82,76443,1
14215,Technology,Bachelor,Male,Other,1,55,3,12,1,0,70,57774,1
14216,Finance,Bachelor,Male,Other,5,43,3,7,0,0,57,117302,0
14217,HR,Bachelor,Male,Sourcing,4,46,1,7,0,0,59,75040,0
14218,Technology,High School,Female,Sourcing,2,35,3,19,1,0,46,141577,1
14219,Marketing,Master,Male,Sourcing,4,31,5,14,0,0,61,166128,1
14220,Sales,Bachelor,Female,Sourcing,5,31,2,1,1,0,91,94957,1
14221,Sales,Bachelor,Female,Sourcing,2,29,2,7,0,0,96,101945,0
14222,Technology,Bachelor,Female,Sourcing,3,35,3,10,0,0,76,174670,0
14223,Finance,Bachelor,Male,Referred,3,59,4,18,0,0,73,121320,0
14224,Finance,Bachelor,Female,Other,5,53,3,13,0,0,85,46810,0
14225,Technology,PhD,Male,Other,2,53,5,8,1,0,78,162599,1
14226,Marketing,High School,Female,Other,4,24,3,9,0,0,81,166322,0
14227,Technology,Bachelor,Male,Sourcing,5,41,3,15,1,0,99,176230,1
14228,Technology,PhD,Female,Sourcing,3,34,2,8,1,0,89,125535,1
14229,Technology,Bachelor,Male,Other,5,44,4,1,0,0,79,114714,0
14230,Sales,Master,Female,Referred,4,40,2,3,0,0,94,123296,0
14231,Marketing,Bachelor,Male,Referred,1,37,3,19,0,0,55,57149,1
14232,Technology,Bachelor,Female,Sourcing,1,57,2,9,0,0,53,82719,0
14233,Technology,High School,Female,Sourcing,4,56,3,19,0,0,99,127293,1
14234,Operations,Bachelor,Female,Referred,2,28,5,15,0,0,80,160900,1
14235,HR,Master,Male,Other,5,58,4,14,0,0,71,151345,0
14236,Sales,Bachelor,Female,Other,4,29,2,1,0,0,77,38947,0
14237,HR,Bachelor,Female,Referred,1,46,3,3,1,0,78,36303,1
14238,Marketing,Bachelor,Female,Referred,3,44,3,2,1,0,65,103479,1
14239,Marketing,Bachelor,Male,Other,4,31,1,1,0,0,69,143955,0
14240,Sales,Master,Female,Referred,4,51,3,18,1,0,80,91657,1
14241,Marketing,Bachelor,Female,Referred,4,54,3,1,1,0,78,154324,1
14242,Technology,Master,Male,Other,1,32,3,9,0,0,48,71742,0
14243,Marketing,Master,Female,Other,1,56,4,7,0,0,71,67409,0
14244,Technology,Master,Male,Other,4,48,2,13,1,0,95,166852,1
14245,Technology,Bachelor,Female,Sourcing,4,24,2,17,0,0,92,109830,0
14246,Operations,High School,Male,Referred,2,29,3,13,1,0,46,133944,0
14247,Sales,Bachelor,Male,Other,3,34,5,13,0,0,51,36183,0
14248,Sales,Bachelor,Male,Sourcing,5,24,4,10,0,0,62,103469,0
14249,Technology,Bachelor,Female,Other,5,41,1,6,1,0,56,89417,1
14250,Operations,Bachelor,Female,Sourcing,5,56,3,5,0,0,91,177654,1
14251,Technology,Bachelor,Male,Other,1,34,3,10,0,0,60,136866,0
14252,HR,Master,Female,Referred,1,41,3,14,0,0,51,107914,0
14253,Sales,Bachelor,Female,Sourcing,2,45,3,11,1,0,61,104126,1
14254,Technology,Bachelor,Male,Sourcing,1,30,5,5,1,0,62,147292,1
14255,Sales,Master,Male,Referred,4,51,2,4,1,0,44,53847,1
14256,Marketing,Bachelor,Male,Referred,3,46,3,3,0,0,57,84613,1
14257,Operations,Bachelor,Male,Sourcing,3,37,4,14,0,0,76,132972,1
14258,Technology,Bachelor,Female,Other,3,29,4,13,1,0,76,31293,1
14259,Technology,Master,Female,Referred,3,49,3,5,0,0,46,106487,0
14260,Technology,Bachelor,Female,Referred,5,33,4,12,0,0,42,106119,0
14261,Sales,Bachelor,Female,Sourcing,5,45,3,10,0,0,40,158834,0
14262,Finance,Bachelor,Female,Other,4,50,3,2,1,0,99,113118,1
14263,Technology,Master,Female,Sourcing,2,36,5,7,0,0,45,120581,0
14264,Technology,Master,Male,Referred,1,39,5,7,0,0,99,84159,0
14265,Marketing,Master,Female,Other,1,28,4,4,1,0,46,51318,1
14266,Technology,Bachelor,Female,Sourcing,5,34,3,12,0,0,66,53313,0
14267,Technology,Bachelor,Female,Referred,3,40,4,4,0,0,97,57161,1
14268,HR,Bachelor,Male,Sourcing,4,26,1,7,1,0,70,146965,1
14269,Finance,Bachelor,Male,Other,2,47,2,13,0,0,47,89073,0
14270,Operations,Bachelor,Female,Referred,5,23,4,8,0,0,53,69041,0
14271,Technology,Bachelor,Male,Other,4,54,3,14,0,0,94,57250,1
14272,Operations,Bachelor,Male,Other,4,58,5,3,0,0,54,38357,0
14273,Sales,Master,Female,Referred,5,46,3,2,1,0,46,102952,1
14274,Technology,Bachelor,Female,Other,4,46,3,10,0,0,46,73689,0
14275,Technology,Master,Female,Referred,3,51,4,6,0,0,72,64459,0
14276,Technology,Bachelor,Male,Sourcing,4,25,4,7,0,0,80,84544,1
14277,Technology,Bachelor,Male,Referred,2,40,3,16,1,0,96,75298,1
14278,Sales,Bachelor,Female,Other,4,48,2,6,1,0,46,169890,1
14279,Sales,Bachelor,Male,Sourcing,1,45,4,16,1,0,96,32305,1
14280,Technology,Bachelor,Male,Sourcing,4,58,3,12,0,0,98,87186,0
14281,Sales,Bachelor,Male,Sourcing,5,46,2,15,0,0,59,129435,0
14282,Marketing,High School,Female,Sourcing,1,50,3,3,1,0,46,129948,1
14283,Sales,Master,Female,Sourcing,5,52,1,16,0,0,89,111121,0
14284,HR,Bachelor,Female,Sourcing,2,56,5,18,1,0,53,84414,1
14285,Technology,Master,Female,Sourcing,3,49,3,15,0,0,93,133500,0
14286,Technology,Master,Female,Referred,2,59,5,6,0,0,54,97621,0
14287,Finance,Master,Male,Sourcing,1,25,3,17,0,0,57,42679,0
14288,Technology,Master,Male,Referred,3,49,5,2,0,0,49,173951,0
14289,Sales,Bachelor,Male,Other,4,52,2,2,1,0,74,167875,1
14290,Finance,Bachelor,Male,Other,1,44,1,17,1,0,66,125675,1
14291,Technology,Bachelor,Male,Referred,3,35,1,19,0,0,82,165288,0
14292,HR,Bachelor,Male,Sourcing,5,49,3,5,1,0,40,145024,1
14293,Technology,Bachelor,Female,Other,3,35,1,4,0,0,94,127945,0
14294,Operations,Bachelor,Female,Other,5,22,3,18,1,0,67,171995,1
14295,Technology,High School,Male,Sourcing,5,53,3,8,0,0,73,155062,0
14296,Sales,High School,Female,Sourcing,3,39,3,9,1,0,87,80411,1
14297,Sales,PhD,Male,Sourcing,2,26,3,18,1,0,42,88402,1
14298,Sales,Master,Male,Sourcing,2,36,2,11,1,0,99,86331,1
14299,Technology,High School,Female,Sourcing,5,37,4,16,0,0,88,49832,1
14300,Technology,Bachelor,Female,Other,1,57,3,16,0,0,42,78878,0
14301,HR,Bachelor,Male,Referred,3,57,5,4,0,0,50,130720,0
14302,Operations,Bachelor,Female,Referred,1,51,3,9,0,0,43,94552,0
14303,Marketing,Master,Male,Other,2,59,5,13,1,0,69,136549,1
14304,Technology,Bachelor,Male,Other,1,44,3,8,1,0,78,55728,1
14305,Finance,Master,Male,Other,4,32,5,11,0,0,93,34376,1
14306,HR,Bachelor,Male,Other,4,46,1,9,0,0,71,109183,0
14307,Technology,Bachelor,Male,Sourcing,2,23,4,18,1,0,55,69932,1
14308,Technology,Master,Female,Other,1,56,4,3,0,0,56,94377,0
14309,Finance,Bachelor,Male,Other,3,45,1,18,1,0,50,113726,1
14310,Marketing,Bachelor,Female,Sourcing,2,34,3,19,0,0,75,67220,0
14311,Sales,Bachelor,Male,Referred,4,58,4,9,0,0,71,96022,0
14312,Operations,Bachelor,Female,Referred,2,51,3,18,1,0,96,97244,1
14313,Sales,Master,Male,Other,1,32,1,16,0,0,74,125607,0
14314,Finance,Bachelor,Female,Sourcing,1,44,4,14,1,0,93,43356,1
14315,Operations,Bachelor,Male,Referred,1,49,1,19,0,1,66,66774,1
14316,Sales,Bachelor,Male,Sourcing,5,50,4,15,0,0,87,49414,1
14317,Marketing,Master,Female,Sourcing,1,36,1,4,1,0,73,67070,1
14318,HR,Bachelor,Female,Sourcing,4,24,2,12,1,0,44,144577,1
14319,Technology,Master,Female,Referred,4,30,3,7,1,0,64,159702,1
14320,Technology,Master,Female,Other,5,29,3,11,1,0,67,154770,1
14321,Technology,Bachelor,Female,Sourcing,4,54,5,7,0,0,57,47321,0
14322,Operations,PhD,Female,Referred,4,55,2,3,1,0,42,101775,1
14323,Marketing,Master,Male,Sourcing,2,30,2,4,0,0,67,55458,0
14324,Technology,Bachelor,Male,Sourcing,1,38,3,2,0,1,41,134203,1
14325,Finance,Bachelor,Male,Referred,2,22,4,15,1,0,73,40200,1
14326,Operations,High School,Female,Sourcing,2,26,3,12,0,0,61,33636,0
14327,HR,Master,Female,Referred,4,51,3,17,1,0,61,84881,1
14328,Operations,Bachelor,Female,Sourcing,3,32,3,18,0,0,92,94775,1
14329,HR,Bachelor,Male,Sourcing,1,49,3,8,0,0,69,99399,0
14330,Finance,Master,Female,Referred,3,59,3,8,0,0,73,76956,0
14331,Sales,Master,Male,Referred,4,38,3,5,0,0,87,136556,0
14332,Sales,Master,Female,Sourcing,5,44,4,9,0,0,40,100316,0
14333,Technology,Bachelor,Female,Referred,2,39,5,5,0,0,68,118456,1
14334,Technology,Master,Female,Other,4,58,4,10,1,0,58,73631,1
14335,Technology,Bachelor,Male,Other,4,48,3,1,1,0,58,111280,1
14336,HR,Bachelor,Female,Sourcing,3,46,3,4,0,0,80,68039,0
14337,Technology,Master,Male,Referred,5,26,2,16,0,0,91,56171,0
14338,Operations,High School,Female,Referred,2,40,4,18,0,0,80,179969,0
14339,Technology,Bachelor,Female,Sourcing,5,48,3,12,0,0,68,153901,0
14340,Sales,Bachelor,Female,Other,5,34,5,15,0,0,82,67137,1
14341,Technology,Master,Female,Other,5,28,2,18,0,0,72,117387,0
14342,HR,Bachelor,Male,Other,1,47,4,5,0,0,90,92771,0
14343,Finance,Master,Female,Other,5,35,4,14,0,0,56,102961,1
14344,Finance,Master,Male,Other,4,48,3,7,0,0,77,84628,0
14345,Technology,Bachelor,Female,Referred,1,29,4,11,1,0,40,112152,1
14346,Technology,High School,Female,Referred,1,52,5,15,1,0,89,166495,1
14347,Marketing,Master,Female,Other,5,56,5,11,0,0,80,133284,1
14348,Technology,PhD,Male,Referred,4,48,4,7,0,0,98,102535,1
14349,Finance,Master,Female,Sourcing,2,25,1,4,0,0,72,100434,0
14350,Technology,PhD,Male,Sourcing,5,25,5,1,1,0,75,165877,1
14351,Marketing,Bachelor,Male,Other,1,39,4,2,1,0,61,80000,1
14352,Technology,Bachelor,Female,Sourcing,2,44,3,4,0,0,57,154509,0
14353,Technology,PhD,Male,Referred,2,53,2,5,1,0,56,59767,1
14354,Operations,Bachelor,Female,Other,1,33,2,2,1,0,71,87289,1
14355,Technology,Bachelor,Male,Other,2,41,1,2,1,1,59,89215,1
14356,Technology,Master,Male,Other,4,33,4,18,1,0,90,166997,1
14357,Sales,Master,Male,Referred,4,29,2,14,0,0,94,106029,0
14358,Technology,Bachelor,Male,Sourcing,5,43,1,3,1,0,62,63459,1
14359,Technology,PhD,Female,Other,5,48,3,18,1,0,67,142059,1
14360,Sales,Master,Male,Sourcing,2,38,3,10,0,0,85,31703,0
14361,HR,Bachelor,Female,Sourcing,1,53,2,6,0,0,65,35227,0
14362,Technology,Master,Male,Sourcing,4,54,1,2,1,0,98,74339,1
14363,Marketing,Bachelor,Female,Sourcing,3,52,2,11,1,0,46,169403,0
14364,Technology,Bachelor,Female,Sourcing,5,27,4,18,0,0,80,82584,1
14365,Sales,Bachelor,Male,Sourcing,4,30,1,14,0,0,96,138698,0
14366,Marketing,Bachelor,Male,Referred,2,53,3,13,1,0,59,34661,1
14367,HR,Bachelor,Female,Other,4,57,2,7,0,0,80,109070,0
14368,Technology,Master,Male,Sourcing,4,37,2,10,0,0,86,131741,0
14369,Sales,Master,Male,Sourcing,2,33,3,19,1,0,50,93396,0
14370,Sales,Bachelor,Male,Referred,5,24,2,13,0,1,46,81900,1
14371,Sales,Master,Male,Referred,5,48,2,2,1,1,77,128091,1
14372,Technology,Bachelor,Male,Other,3,48,3,12,1,1,66,103050,1
14373,HR,Bachelor,Male,Sourcing,3,30,3,8,1,0,48,30851,1
14374,Technology,PhD,Male,Other,5,38,4,18,0,0,43,131012,0
14375,Technology,Bachelor,Male,Referred,5,26,1,2,1,0,88,164940,1
14376,Technology,Bachelor,Male,Referred,5,47,5,16,0,0,77,172442,1
14377,Technology,Master,Female,Sourcing,5,42,4,8,0,0,68,153662,0
14378,Finance,Bachelor,Male,Sourcing,4,22,4,16,0,0,88,135813,0
14379,Sales,PhD,Male,Sourcing,3,22,3,8,0,0,65,104070,0
14380,Technology,Bachelor,Male,Sourcing,2,56,4,13,0,0,64,45683,0
14381,HR,Bachelor,Male,Referred,1,30,2,6,1,0,53,97322,0
14382,HR,Bachelor,Male,Other,2,44,2,1,1,0,76,108399,1
14383,Technology,Bachelor,Female,Other,1,59,1,2,1,0,89,33748,1
14384,Technology,Bachelor,Female,Referred,4,25,5,7,1,0,67,134950,1
14385,Finance,Bachelor,Male,Referred,3,40,3,13,0,0,47,118629,0
14386,Technology,PhD,Female,Sourcing,1,58,5,4,0,0,81,151471,0
14387,Operations,High School,Male,Other,5,26,3,9,0,0,50,132100,0
14388,HR,Bachelor,Male,Referred,4,49,5,19,0,0,93,82022,1
14389,HR,Bachelor,Female,Sourcing,1,44,5,3,0,0,74,66646,0
14390,HR,Bachelor,Female,Sourcing,5,59,5,2,1,0,98,164988,1
14391,Sales,High School,Female,Referred,4,44,3,16,0,0,70,87527,0
14392,Technology,High School,Female,Referred,1,39,5,10,1,0,73,155024,1
14393,Technology,Bachelor,Female,Sourcing,5,50,5,12,0,0,97,106980,1
14394,HR,Master,Male,Other,3,49,3,18,0,0,98,63170,1
14395,Operations,Bachelor,Male,Other,4,30,3,2,0,0,85,87316,1
14396,Finance,Bachelor,Male,Referred,1,31,4,14,0,0,75,111357,0
14397,Sales,Bachelor,Female,Sourcing,5,23,3,12,0,0,56,103963,0
14398,HR,Bachelor,Male,Sourcing,3,34,4,8,0,0,88,63373,0
14399,Sales,Bachelor,Female,Other,5,59,1,7,0,0,60,83162,0
14400,Sales,Bachelor,Male,Other,3,48,3,13,1,0,65,122221,1
14401,Sales,Master,Female,Sourcing,1,41,2,15,0,0,80,88596,0
14402,Technology,Bachelor,Female,Sourcing,5,31,3,14,0,1,67,54814,1
14403,Sales,Bachelor,Male,Sourcing,5,37,3,5,0,0,92,35708,1
14404,Technology,Bachelor,Male,Sourcing,2,36,4,8,0,0,61,53085,0
14405,Operations,Bachelor,Male,Referred,4,34,2,18,0,0,97,105301,0
14406,Marketing,Bachelor,Male,Other,5,59,4,5,1,0,80,124814,1
14407,Operations,Bachelor,Female,Sourcing,3,41,4,9,0,0,42,81584,0
14408,Sales,Bachelor,Male,Sourcing,4,45,3,10,0,0,67,69274,0
14409,Technology,Bachelor,Female,Other,1,28,2,17,0,0,75,55740,0
14410,Technology,Bachelor,Male,Sourcing,4,44,2,3,1,0,41,108395,1
14411,HR,Bachelor,Male,Other,2,45,3,1,1,0,85,170240,1
14412,HR,Master,Male,Referred,1,50,1,7,0,0,59,51955,0
14413,Marketing,Master,Male,Other,5,26,3,15,1,0,79,94566,1
14414,Technology,Bachelor,Male,Sourcing,1,56,5,19,0,0,89,74138,1
14415,Technology,Bachelor,Female,Sourcing,1,22,2,8,1,0,75,124198,1
14416,Technology,Bachelor,Male,Sourcing,2,57,3,11,0,0,47,115344,0
14417,Technology,Bachelor,Female,Sourcing,3,39,5,2,0,0,78,172548,0
14418,HR,Bachelor,Male,Sourcing,1,27,5,2,1,0,64,78725,1
14419,Sales,Bachelor,Female,Other,3,44,5,11,1,0,54,112806,1
14420,Sales,Bachelor,Male,Other,4,31,4,17,1,0,69,169957,1
14421,HR,High School,Male,Referred,2,28,3,10,0,0,86,38372,0
14422,Operations,Bachelor,Male,Sourcing,5,29,5,5,0,0,73,55764,1
14423,Technology,Bachelor,Female,Other,1,34,5,3,0,0,43,155954,0
14424,Marketing,Bachelor,Female,Other,3,51,3,9,1,0,96,146200,1
14425,Sales,High School,Male,Sourcing,1,39,3,2,0,0,61,156156,0
14426,Technology,Master,Male,Other,2,35,3,19,1,0,64,70689,1
14427,Sales,Bachelor,Male,Sourcing,5,32,3,17,0,0,48,99929,0
14428,HR,Master,Female,Sourcing,4,59,2,12,0,0,62,53222,0
14429,Sales,Bachelor,Male,Sourcing,4,34,3,9,1,0,78,132280,1
14430,Marketing,Master,Female,Other,3,54,3,4,0,0,95,35004,0
14431,Marketing,Master,Male,Referred,4,34,3,18,0,0,89,150149,1
14432,Technology,Bachelor,Female,Sourcing,3,46,1,16,0,0,97,139969,0
14433,Technology,Master,Female,Sourcing,5,45,4,10,0,0,51,60473,0
14434,Operations,Bachelor,Female,Sourcing,1,50,2,12,1,0,53,99614,1
14435,HR,Bachelor,Male,Sourcing,2,57,2,11,0,0,46,117283,0
14436,Sales,Bachelor,Female,Sourcing,5,27,3,5,1,0,70,134413,1
14437,Sales,Master,Male,Sourcing,5,39,3,11,0,0,45,122909,0
14438,Marketing,Bachelor,Female,Sourcing,4,49,1,16,0,1,62,47618,1
14439,Operations,Bachelor,Male,Other,4,26,3,15,1,0,93,160386,1
14440,Sales,Master,Female,Referred,2,39,4,6,0,0,98,170916,1
14441,Finance,Bachelor,Female,Other,1,58,3,13,0,0,58,62777,0
14442,Finance,Bachelor,Male,Sourcing,5,28,3,16,0,0,60,166120,0
14443,Sales,Bachelor,Male,Sourcing,4,30,2,3,1,0,58,157046,0
14444,Technology,Bachelor,Female,Sourcing,5,56,3,18,0,0,93,168358,0
14445,Technology,Bachelor,Female,Sourcing,1,33,5,1,0,0,86,164774,1
14446,Operations,Bachelor,Male,Sourcing,3,45,3,17,0,0,58,78010,0
14447,Sales,High School,Female,Other,1,30,4,6,1,0,83,78564,1
14448,Marketing,Master,Female,Other,5,33,3,9,0,0,73,93614,0
14449,Sales,Bachelor,Male,Sourcing,5,57,4,4,0,0,82,138803,0
14450,Marketing,Bachelor,Male,Sourcing,2,58,5,7,0,0,52,110316,1
14451,Technology,Bachelor,Male,Other,5,30,4,11,1,0,75,152453,1
14452,Technology,Master,Female,Sourcing,4,43,5,3,0,0,64,145465,0
14453,Finance,Bachelor,Female,Referred,2,38,3,16,0,0,72,174598,0
14454,Finance,Bachelor,Female,Other,5,54,5,6,0,0,95,67243,1
14455,Finance,PhD,Male,Other,1,45,3,7,0,0,60,71885,0
14456,HR,Bachelor,Female,Sourcing,5,36,5,12,1,0,73,68874,1
14457,Marketing,Bachelor,Male,Sourcing,1,50,1,7,1,0,85,165406,1
14458,Sales,PhD,Male,Sourcing,1,53,4,19,0,0,64,122438,0
14459,Technology,Master,Female,Other,5,54,4,16,0,0,57,34089,0
14460,Technology,Bachelor,Male,Other,1,50,2,18,1,0,82,48501,1
14461,Technology,Master,Female,Referred,3,36,4,10,0,0,50,171062,0
14462,Technology,Bachelor,Male,Other,2,48,4,1,0,0,58,165186,0
14463,Operations,Master,Male,Other,5,55,3,8,0,0,88,115364,0
14464,Sales,Bachelor,Male,Referred,3,25,3,3,0,0,88,94751,0
14465,Marketing,Master,Female,Other,1,39,3,16,0,0,73,144005,0
14466,Technology,High School,Male,Referred,1,42,3,3,0,0,41,160382,0
14467,Sales,High School,Female,Referred,2,29,1,2,1,0,69,146805,1
14468,Sales,High School,Male,Sourcing,3,27,1,12,1,0,84,61736,1
14469,Operations,Bachelor,Male,Other,3,41,2,8,0,0,77,115253,0
14470,Finance,Bachelor,Male,Sourcing,5,23,3,19,1,0,54,106619,1
14471,Operations,Bachelor,Female,Sourcing,1,43,2,18,1,0,50,135944,1
14472,Operations,Master,Female,Other,4,42,4,15,0,0,63,112051,1
14473,Sales,PhD,Female,Referred,5,27,3,17,0,0,99,134822,0
14474,Technology,Bachelor,Female,Other,5,53,4,18,0,0,43,104821,0
14475,Marketing,High School,Female,Sourcing,5,27,1,18,0,0,58,161838,0
14476,Technology,Master,Male,Referred,2,34,3,9,0,0,68,121580,0
14477,Technology,High School,Male,Sourcing,2,22,3,5,0,0,53,150247,0
14478,Technology,PhD,Female,Other,5,43,4,11,0,0,89,68756,1
14479,Technology,Bachelor,Female,Sourcing,4,45,4,4,0,0,56,151997,0
14480,Technology,Bachelor,Female,Referred,3,51,5,10,0,0,47,92982,1
14481,Sales,Bachelor,Female,Other,3,43,1,4,1,0,52,151785,1
14482,Technology,Bachelor,Male,Sourcing,1,33,4,3,0,0,62,172908,0
14483,Technology,Master,Female,Other,3,47,3,16,0,0,68,127179,1
14484,Technology,Master,Female,Other,3,25,4,11,1,0,86,122342,1
14485,Sales,PhD,Female,Sourcing,4,40,3,9,1,0,50,155282,1
14486,Marketing,Master,Female,Sourcing,3,37,3,1,1,0,55,125982,1
14487,HR,Bachelor,Male,Sourcing,4,33,1,10,0,0,89,102649,0
14488,Technology,Bachelor,Male,Sourcing,2,54,4,12,0,0,83,94482,1
14489,Marketing,Bachelor,Female,Other,4,42,3,2,1,1,62,104541,1
14490,Technology,Bachelor,Male,Other,2,57,1,15,0,0,51,41440,0
14491,Sales,Bachelor,Male,Sourcing,4,30,1,16,1,0,77,135850,1
14492,Marketing,Bachelor,Female,Sourcing,5,29,5,2,0,0,63,132850,0
14493,Technology,Bachelor,Female,Referred,2,41,3,13,0,0,70,128790,0
14494,Marketing,Bachelor,Male,Sourcing,2,31,5,18,0,0,77,156200,1
14495,Marketing,Master,Male,Sourcing,3,53,5,19,1,0,75,55843,1
14496,Technology,Bachelor,Male,Sourcing,2,49,5,11,1,0,95,169942,1
14497,Technology,Bachelor,Male,Referred,4,31,5,14,0,0,40,101706,0
14498,Sales,Bachelor,Male,Referred,5,29,5,3,0,0,65,57438,1
14499,Sales,High School,Female,Other,5,54,3,9,1,0,56,135267,1
14500,Technology,Bachelor,Male,Sourcing,3,34,2,5,0,0,75,83316,0
14501,Technology,Bachelor,Male,Other,4,56,3,14,1,0,56,130545,1
14502,Technology,Master,Male,Referred,4,50,3,7,0,0,76,155224,1
14503,Sales,Bachelor,Male,Other,1,26,1,12,0,0,66,43873,0
14504,HR,High School,Male,Sourcing,2,24,4,18,0,0,64,48039,1
14505,Technology,Bachelor,Male,Other,3,58,3,11,1,0,69,47350,1
14506,Sales,Bachelor,Male,Other,5,27,5,9,1,0,80,150519,1
14507,Marketing,Bachelor,Male,Sourcing,1,37,3,11,1,0,64,124810,1
14508,HR,Master,Female,Sourcing,4,56,3,18,0,0,77,157301,1
14509,Technology,Bachelor,Female,Other,2,39,3,2,1,0,71,128979,1
14510,Operations,Bachelor,Male,Other,5,32,3,13,1,0,51,92454,1
14511,Sales,Bachelor,Female,Other,1,44,5,15,0,0,88,61487,1
14512,Technology,Bachelor,Female,Other,4,32,2,8,1,0,97,145048,1
14513,HR,Bachelor,Female,Referred,5,50,3,5,0,0,60,147159,0
14514,Technology,Master,Female,Sourcing,5,48,4,5,0,0,81,153489,0
14515,Technology,Master,Female,Sourcing,4,30,3,7,0,0,73,93334,0
14516,Technology,Bachelor,Female,Other,4,56,3,12,0,0,99,175531,1
14517,Technology,Bachelor,Male,Sourcing,3,30,3,12,0,0,40,52705,0
14518,Finance,Master,Male,Sourcing,5,39,2,9,0,0,52,53490,0
14519,Sales,Bachelor,Female,Other,4,42,3,4,0,0,92,93216,1
14520,HR,Bachelor,Male,Other,1,57,5,8,1,0,60,113775,1
14521,Finance,Bachelor,Female,Sourcing,2,22,3,19,0,0,40,137308,0
14522,Technology,Master,Male,Sourcing,3,48,2,1,0,0,52,113749,0
14523,Finance,High School,Male,Sourcing,4,59,3,11,0,0,70,128774,0
14524,Technology,Master,Male,Sourcing,2,50,2,13,0,0,62,146068,0
14525,Finance,Bachelor,Female,Other,3,40,5,18,0,0,42,73162,0
14526,Technology,Bachelor,Male,Sourcing,5,45,3,10,0,0,50,116775,0
14527,Marketing,PhD,Male,Other,2,22,5,13,1,0,68,123376,1
14528,Operations,Bachelor,Female,Other,3,57,3,12,0,0,93,66098,0
14529,Technology,High School,Female,Referred,4,44,4,13,0,0,87,41493,1
14530,Sales,High School,Male,Sourcing,4,34,3,2,0,0,57,175507,0
14531,Sales,Bachelor,Female,Referred,3,51,1,3,0,0,64,108877,0
14532,Sales,High School,Male,Sourcing,5,58,1,17,1,0,73,66061,1
14533,Sales,Bachelor,Male,Sourcing,3,32,3,19,0,0,57,96575,0
14534,Sales,Master,Female,Other,1,28,3,12,1,0,88,163837,1
14535,Technology,Bachelor,Female,Sourcing,3,56,3,16,0,0,40,40775,0
14536,Technology,Bachelor,Male,Other,3,32,4,10,1,0,67,154678,1
14537,Technology,Master,Female,Sourcing,4,42,2,15,1,0,43,151790,1
14538,Technology,Master,Male,Sourcing,5,24,3,8,0,0,94,69469,0
14539,HR,Bachelor,Female,Other,3,51,4,19,0,0,91,91679,1
14540,HR,Bachelor,Female,Referred,2,45,3,5,0,0,60,141407,0
14541,Sales,Bachelor,Female,Referred,4,59,4,12,0,1,45,88008,1
14542,Technology,Bachelor,Female,Referred,4,24,3,10,0,0,60,47974,0
14543,Sales,Bachelor,Female,Sourcing,3,58,3,14,1,0,76,179824,1
14544,Sales,Bachelor,Male,Other,2,54,2,12,1,0,69,88271,0
14545,Technology,Bachelor,Male,Sourcing,3,43,5,13,0,0,59,140532,0
14546,Finance,Bachelor,Male,Referred,2,52,5,17,1,0,80,124241,1
14547,HR,Bachelor,Female,Referred,4,33,5,1,0,0,71,146538,1
14548,Technology,Bachelor,Male,Other,2,35,3,10,0,0,92,167965,1
14549,Marketing,Bachelor,Male,Referred,3,33,4,5,1,0,96,145132,1
14550,Marketing,High School,Female,Sourcing,1,48,3,11,0,0,70,58851,0
14551,Operations,Bachelor,Female,Referred,1,34,3,10,1,0,75,80841,1
14552,HR,High School,Female,Sourcing,2,45,4,6,0,0,64,116327,1
14553,Sales,Master,Male,Sourcing,3,59,2,15,0,0,44,66869,0
14554,Finance,Master,Male,Sourcing,5,30,2,9,1,0,47,98131,1
14555,Technology,Master,Female,Referred,1,29,3,8,0,0,56,38829,0
14556,Technology,Master,Male,Sourcing,4,58,4,6,1,0,54,59129,1
14557,Marketing,Bachelor,Male,Sourcing,3,36,3,6,0,0,59,33551,0
14558,Marketing,Bachelor,Female,Other,3,28,3,17,0,0,84,79271,1
14559,Operations,Master,Male,Other,1,45,5,12,0,0,86,137343,1
14560,Operations,Bachelor,Female,Sourcing,5,37,3,7,0,0,68,80026,0
14561,Marketing,Master,Male,Sourcing,4,45,2,5,0,0,75,175753,0
14562,Sales,Bachelor,Female,Referred,5,28,3,16,1,0,89,90660,1
14563,Finance,Master,Male,Other,4,49,4,6,0,0,90,171002,1
14564,HR,Bachelor,Male,Sourcing,1,23,1,8,0,0,95,121045,0
14565,Sales,Bachelor,Female,Other,3,55,3,3,1,0,67,163747,1
14566,Finance,Bachelor,Female,Referred,4,59,1,8,0,0,47,92823,0
14567,Sales,Master,Female,Referred,3,24,3,7,0,0,53,72331,0
14568,Sales,PhD,Female,Other,2,22,3,17,0,0,72,51940,0
14569,Sales,Bachelor,Male,Other,2,52,3,19,0,0,73,152327,0
14570,Finance,Master,Female,Other,1,44,3,14,0,0,91,77031,1
14571,Technology,Bachelor,Female,Sourcing,1,41,5,6,1,0,98,177730,1
14572,Marketing,Bachelor,Female,Referred,1,37,4,7,0,0,68,73637,0
14573,Sales,Bachelor,Female,Referred,2,53,5,5,1,0,61,115056,1
14574,Marketing,Bachelor,Female,Sourcing,4,38,4,19,0,0,42,114694,0
14575,Marketing,Bachelor,Male,Referred,5,39,1,7,1,0,87,67172,1
14576,Sales,Bachelor,Female,Sourcing,1,25,3,9,1,0,62,146882,1
14577,Technology,Master,Female,Sourcing,5,56,5,12,0,0,42,169841,0
14578,Sales,Master,Female,Sourcing,5,57,3,15,0,0,95,110449,0
14579,Operations,Bachelor,Male,Other,2,44,5,15,1,0,45,105976,1
14580,Technology,Bachelor,Male,Other,4,36,2,16,1,0,79,143681,1
14581,Operations,Bachelor,Male,Sourcing,2,34,3,15,0,0,62,115327,0
14582,Sales,Bachelor,Female,Referred,1,35,3,5,0,0,51,175190,0
14583,Marketing,Bachelor,Female,Sourcing,2,35,3,12,1,0,44,111387,1
14584,Marketing,Bachelor,Male,Other,2,58,3,4,0,0,44,160098,0
14585,Marketing,High School,Male,Referred,2,26,3,3,0,0,42,134062,0
14586,Operations,Master,Female,Other,1,43,3,1,1,0,43,170438,1
14587,Technology,Bachelor,Female,Other,1,49,3,13,0,0,63,129488,0
14588,Sales,Bachelor,Female,Sourcing,2,25,1,5,0,0,44,150417,0
14589,Marketing,Bachelor,Male,Referred,2,59,4,12,1,0,70,164860,1
14590,Marketing,Master,Female,Other,5,50,3,2,1,0,96,43781,1
14591,Technology,Bachelor,Female,Sourcing,4,58,3,6,0,0,74,170691,0
14592,Sales,Bachelor,Male,Referred,5,56,3,5,1,0,81,64722,1
14593,Technology,Master,Male,Other,4,41,5,18,1,0,58,141341,0
14594,Sales,Bachelor,Male,Sourcing,4,56,3,5,0,0,95,32640,0
14595,Technology,Bachelor,Female,Other,2,56,5,18,0,1,47,82683,1
14596,Technology,Bachelor,Male,Other,5,41,3,16,1,0,67,34427,1
14597,Marketing,Bachelor,Male,Other,4,23,3,17,0,0,94,95149,1
14598,Sales,Bachelor,Female,Sourcing,4,39,3,2,0,0,77,56628,0
14599,Technology,Bachelor,Female,Sourcing,1,51,3,17,0,0,62,110155,0
14600,Sales,Bachelor,Male,Sourcing,4,50,3,10,1,0,46,132230,1
14601,Sales,Bachelor,Female,Other,2,43,4,3,1,0,77,49652,1
14602,Marketing,Master,Male,Other,3,50,2,14,0,0,52,129581,0
14603,Operations,Bachelor,Female,Referred,1,31,4,19,0,0,84,136233,1
14604,Technology,Bachelor,Female,Sourcing,3,41,4,12,0,0,96,57461,1
14605,Marketing,Master,Male,Sourcing,2,37,4,1,0,0,60,84866,0
14606,Finance,Master,Male,Other,3,27,3,7,0,0,76,154933,0
14607,Finance,Master,Male,Other,4,38,5,7,0,0,45,58813,0
14608,Sales,Bachelor,Female,Other,3,27,3,13,0,0,49,75430,0
14609,Operations,Bachelor,Male,Other,5,43,2,9,0,1,66,45682,1
14610,Technology,Master,Female,Other,2,39,4,5,0,0,91,125398,1
14611,Sales,Master,Female,Other,5,53,2,4,1,0,65,68568,1
14612,HR,Bachelor,Male,Referred,3,49,4,5,0,0,81,35143,0
14613,Technology,High School,Female,Sourcing,5,31,2,12,0,0,96,56282,0
14614,Sales,Bachelor,Female,Other,1,43,1,8,0,0,67,105161,0
14615,Sales,High School,Male,Referred,3,49,2,13,1,0,55,163121,1
14616,Sales,PhD,Female,Sourcing,5,36,3,4,1,0,89,105549,1
14617,Finance,Master,Female,Sourcing,4,50,2,11,0,0,98,106518,0
14618,Finance,High School,Male,Sourcing,3,28,2,15,1,0,67,175619,1
14619,Sales,Master,Male,Referred,1,55,4,14,0,0,42,111525,0
14620,Finance,Bachelor,Female,Sourcing,4,53,4,18,1,0,96,155114,1
14621,Finance,Bachelor,Female,Sourcing,3,23,4,1,0,0,40,125506,0
14622,Marketing,Bachelor,Female,Referred,4,47,4,1,0,0,92,159333,0
14623,Sales,Bachelor,Female,Sourcing,3,32,3,11,0,0,42,98549,0
14624,Marketing,Master,Male,Other,3,46,5,6,1,0,69,133287,1
14625,Operations,Bachelor,Female,Sourcing,2,40,3,5,0,0,58,160710,0
14626,Marketing,Bachelor,Female,Referred,5,41,3,13,0,0,72,108034,1
14627,Sales,Bachelor,Female,Sourcing,3,54,4,10,1,0,47,117840,1
14628,Technology,PhD,Female,Sourcing,1,38,2,6,0,0,58,88457,0
14629,Technology,Bachelor,Male,Sourcing,5,51,4,4,1,0,75,110529,1
14630,Technology,Bachelor,Female,Other,2,39,3,4,0,0,87,165232,0
14631,Sales,Bachelor,Male,Other,5,53,2,7,0,0,76,158291,1
14632,Sales,Master,Male,Sourcing,5,25,2,16,1,0,44,163596,1
14633,Finance,Bachelor,Male,Referred,3,53,2,1,1,0,99,77098,1
14634,Finance,Master,Male,Sourcing,1,40,5,9,1,0,73,105192,1
14635,Sales,Bachelor,Male,Other,3,24,5,19,0,0,94,153249,1
14636,Operations,Bachelor,Female,Other,1,59,3,15,1,1,77,116447,1
14637,Sales,High School,Male,Referred,1,49,3,9,0,0,66,67156,0
14638,Marketing,Bachelor,Male,Referred,4,59,2,1,0,0,78,157676,0
14639,Marketing,Bachelor,Male,Other,3,27,4,1,1,0,86,136340,1
14640,Finance,Bachelor,Female,Other,2,38,2,16,0,0,81,134869,0
14641,Operations,Bachelor,Male,Referred,5,26,5,5,0,0,81,67293,1
14642,Sales,Bachelor,Female,Other,4,40,4,9,1,0,90,116369,1
14643,Finance,Bachelor,Male,Referred,2,56,5,1,0,0,63,89022,0
14644,Sales,Bachelor,Male,Referred,3,43,3,19,0,0,87,170783,0
14645,Marketing,Bachelor,Female,Other,1,45,4,16,0,0,70,67156,0
14646,Marketing,Master,Female,Referred,3,31,3,3,1,0,61,122783,1
14647,Marketing,Master,Female,Other,3,23,4,4,0,0,62,165548,0
14648,Sales,Bachelor,Male,Sourcing,4,49,4,12,0,0,80,177680,0
14649,Finance,Bachelor,Female,Sourcing,2,58,3,7,0,0,63,76876,0
14650,Sales,Bachelor,Female,Sourcing,4,38,3,15,0,0,79,68181,0
14651,HR,Bachelor,Female,Referred,2,27,5,15,1,0,71,71566,1
14652,Marketing,Bachelor,Female,Sourcing,4,26,5,5,0,0,90,77780,1
14653,Technology,Bachelor,Female,Other,5,28,4,2,0,0,72,75498,0
14654,Finance,Bachelor,Male,Referred,1,53,1,12,1,0,67,156451,0
14655,Technology,Bachelor,Female,Other,1,25,2,19,0,0,56,75999,0
14656,Sales,Bachelor,Male,Sourcing,1,42,5,5,1,0,65,176544,1
14657,Finance,High School,Female,Other,5,53,1,3,0,0,57,75322,0
14658,Technology,Bachelor,Female,Referred,5,39,2,6,1,0,95,129104,1
14659,Sales,Master,Male,Referred,1,54,2,13,0,0,97,158385,0
14660,Marketing,Master,Male,Sourcing,1,35,3,15,1,0,54,77611,1
14661,Technology,Bachelor,Male,Referred,2,27,3,4,1,0,77,103020,1
14662,Technology,Bachelor,Male,Referred,2,32,3,7,1,0,61,97561,1
14663,Technology,Bachelor,Female,Referred,3,41,2,18,1,0,88,100313,1
14664,Finance,Bachelor,Male,Other,4,50,4,7,1,0,57,41218,1
14665,Finance,Bachelor,Female,Other,2,56,5,12,0,0,60,154993,1
14666,Marketing,Master,Female,Other,2,37,1,11,0,0,58,48566,0
14667,Sales,Bachelor,Female,Referred,2,28,2,12,1,0,41,94636,0
14668,Finance,Bachelor,Male,Other,2,57,3,15,0,0,69,50536,0
14669,Marketing,Master,Male,Other,5,52,4,8,0,0,64,92765,0
14670,Marketing,Master,Male,Sourcing,3,27,4,11,0,0,65,88133,0
14671,Technology,Bachelor,Female,Sourcing,2,50,4,18,0,0,78,119101,0
14672,Finance,Master,Male,Sourcing,4,48,5,10,0,0,56,114866,0
14673,Marketing,Bachelor,Male,Sourcing,2,23,2,8,1,0,86,61345,1
14674,Sales,Bachelor,Female,Sourcing,5,43,2,6,1,0,55,80175,1
14675,Technology,Bachelor,Male,Sourcing,1,30,3,3,0,1,66,63539,1
14676,Finance,Bachelor,Female,Other,1,32,4,12,0,0,88,152818,0
14677,HR,High School,Male,Sourcing,3,37,3,17,0,0,42,101999,0
14678,Operations,Bachelor,Male,Sourcing,1,34,5,3,0,0,81,83466,1
14679,Marketing,Bachelor,Male,Other,2,39,4,18,0,0,77,81029,0
14680,Technology,Bachelor,Male,Other,5,46,4,12,1,0,68,129919,1
14681,Sales,Bachelor,Male,Other,3,54,1,16,0,0,41,156738,0
14682,Sales,Bachelor,Female,Referred,2,31,2,10,0,0,82,164259,0
14683,Operations,Bachelor,Male,Sourcing,1,51,4,19,0,0,79,151437,0
14684,Sales,Master,Male,Sourcing,4,22,2,9,1,0,53,97534,0
14685,Marketing,Bachelor,Male,Sourcing,2,54,1,14,1,0,51,110554,1
14686,Technology,Bachelor,Male,Sourcing,4,36,5,14,0,0,91,129306,1
14687,Sales,Bachelor,Male,Sourcing,4,50,5,4,0,0,63,30148,1
14688,HR,Bachelor,Male,Other,3,23,2,15,1,0,67,81053,1
14689,Technology,Bachelor,Male,Sourcing,5,32,4,2,0,0,78,40432,0
14690,Operations,Master,Female,Sourcing,1,55,1,18,1,0,57,113660,0
14691,Technology,High School,Female,Sourcing,1,40,3,2,0,0,64,34257,0
14692,Technology,Bachelor,Male,Other,2,23,3,18,1,0,76,150764,1
14693,Sales,Bachelor,Female,Sourcing,1,41,4,8,0,0,45,93011,0
14694,Technology,Master,Male,Sourcing,3,52,1,10,1,0,84,82175,1
14695,Technology,Bachelor,Female,Sourcing,1,25,3,4,1,0,69,35577,1
14696,Finance,Bachelor,Male,Sourcing,2,50,2,10,0,0,70,173912,0
14697,Technology,Bachelor,Male,Sourcing,1,51,5,10,0,0,73,127355,1
14698,Technology,Master,Female,Referred,5,34,4,3,0,0,58,127045,0
14699,Sales,Bachelor,Male,Sourcing,4,36,3,4,1,0,97,52203,1
14700,Operations,Master,Female,Other,4,41,1,10,0,0,67,103141,0
14701,Sales,Master,Male,Referred,4,55,3,7,0,0,47,38056,0
14702,HR,Bachelor,Male,Other,5,49,3,12,0,0,50,112620,0
14703,Marketing,Master,Male,Sourcing,3,41,4,7,0,0,92,72109,0
14704,Technology,Master,Male,Sourcing,2,46,3,13,0,0,55,53279,0
14705,Technology,Bachelor,Female,Sourcing,5,48,5,8,0,0,65,168945,1
14706,Technology,Bachelor,Male,Referred,2,51,3,13,1,0,40,110812,0
14707,Marketing,Bachelor,Female,Referred,3,41,3,1,0,0,96,100880,1
14708,Sales,Bachelor,Female,Sourcing,5,22,3,16,0,0,70,143855,0
14709,Finance,Bachelor,Male,Other,1,56,3,19,0,0,66,42226,0
14710,Technology,Bachelor,Male,Other,3,45,5,19,0,0,87,64037,0
14711,Technology,Bachelor,Female,Other,4,46,4,13,0,0,83,126221,0
14712,Technology,PhD,Female,Sourcing,5,33,3,7,0,0,88,136907,1
14713,Sales,Bachelor,Male,Referred,3,32,2,15,0,0,48,72756,0
14714,Marketing,Bachelor,Female,Sourcing,3,51,2,6,0,0,65,68411,0
14715,Technology,Bachelor,Female,Referred,5,34,3,4,0,0,45,106331,0
14716,Sales,Bachelor,Female,Sourcing,4,46,4,11,1,0,46,118684,1
14717,Technology,Bachelor,Male,Sourcing,4,46,4,19,0,0,52,70025,0
14718,Operations,Bachelor,Female,Other,3,38,2,2,1,0,88,56396,1
14719,Technology,Bachelor,Female,Referred,2,33,2,17,0,0,49,88659,0
14720,Operations,Master,Female,Sourcing,3,32,3,15,0,0,82,108192,1
14721,Sales,Master,Female,Sourcing,5,31,5,18,0,0,85,59959,1
14722,HR,Bachelor,Male,Referred,5,38,3,12,0,0,88,144474,1
14723,Sales,Master,Male,Other,5,37,3,3,0,0,70,135548,0
14724,Technology,Master,Female,Referred,4,41,3,17,0,0,87,88677,1
14725,Sales,Bachelor,Female,Other,1,26,2,14,0,0,76,134537,0
14726,HR,High School,Female,Sourcing,5,53,3,6,0,0,57,136372,0
14727,Operations,Master,Male,Referred,5,48,4,4,1,0,50,98581,1
14728,Finance,Bachelor,Male,Other,2,25,5,8,0,0,49,33265,1
14729,Marketing,Bachelor,Female,Referred,2,28,3,3,1,0,67,68685,1
14730,Sales,Bachelor,Female,Sourcing,3,35,2,8,1,0,60,143145,1
14731,Sales,Bachelor,Male,Referred,3,45,4,13,0,0,92,85403,1
14732,HR,Master,Female,Referred,3,39,4,19,1,0,93,128814,1
14733,Marketing,Bachelor,Female,Other,5,59,1,15,0,0,64,135822,0
14734,Operations,Master,Male,Other,2,22,5,7,0,0,45,113870,0
14735,Technology,Master,Male,Other,3,38,4,3,0,0,81,177817,1
14736,Sales,Master,Male,Referred,2,47,3,19,0,0,50,150143,0
14737,Technology,Master,Male,Sourcing,5,43,3,10,1,0,72,56248,1
14738,Sales,Bachelor,Male,Sourcing,5,39,4,16,0,0,44,124923,0
14739,Technology,Bachelor,Female,Other,3,59,4,14,1,0,73,110309,1
14740,Technology,Master,Male,Other,5,49,1,8,1,0,71,153886,1
14741,Marketing,Bachelor,Male,Sourcing,5,42,2,11,0,0,82,159471,0
14742,Sales,Bachelor,Male,Referred,2,59,2,19,0,0,85,142480,0
14743,HR,PhD,Male,Sourcing,1,54,4,2,0,0,63,83548,0
14744,Operations,Master,Male,Sourcing,4,51,3,5,0,0,52,35068,0
14745,Sales,Bachelor,Male,Referred,3,29,3,11,0,0,94,48980,0
14746,HR,Master,Female,Referred,1,51,4,7,0,0,82,67858,0
14747,Sales,Master,Male,Sourcing,3,30,3,8,1,0,45,154761,1
14748,HR,Bachelor,Female,Other,1,54,4,17,1,0,73,139768,1
14749,Technology,Bachelor,Female,Other,5,50,3,12,0,0,90,92573,1
14750,Finance,High School,Male,Other,3,52,3,18,1,0,64,83218,1
14751,Sales,Bachelor,Male,Sourcing,1,24,3,7,1,0,80,99528,1
14752,Technology,Bachelor,Female,Referred,4,59,5,9,0,0,62,141099,0
14753,Marketing,Bachelor,Female,Sourcing,5,32,4,19,0,0,89,39082,1
14754,Technology,Master,Female,Sourcing,3,26,1,14,0,0,85,119966,0
14755,Finance,Bachelor,Male,Referred,3,52,5,19,0,0,52,31695,0
14756,Finance,Bachelor,Female,Other,1,41,4,18,0,0,67,125090,0
14757,HR,Bachelor,Male,Sourcing,3,25,2,15,0,0,83,137311,0
14758,Marketing,High School,Male,Other,5,29,1,4,1,0,83,168450,1
14759,Technology,Bachelor,Female,Other,2,56,3,13,0,0,52,119272,0
14760,Operations,Bachelor,Male,Other,1,34,3,5,1,0,46,39528,0
14761,Technology,High School,Male,Other,4,26,3,12,1,0,87,92424,1
14762,Operations,Bachelor,Female,Sourcing,3,40,3,17,1,0,56,161320,0
14763,Marketing,High School,Female,Other,5,39,3,10,0,0,48,39888,0
14764,Sales,High School,Male,Sourcing,3,54,2,12,0,0,53,145346,0
14765,Technology,PhD,Female,Other,4,25,1,6,1,0,69,45118,1
14766,Operations,Bachelor,Male,Sourcing,5,39,3,12,0,0,80,149458,0
14767,Finance,Master,Female,Sourcing,4,45,3,13,1,0,77,30223,1
14768,HR,Master,Female,Referred,5,50,3,17,1,0,97,64527,1
14769,Marketing,High School,Female,Sourcing,2,52,5,10,0,0,69,50199,1
14770,Sales,Bachelor,Female,Sourcing,5,49,2,19,0,0,72,111973,0
14771,HR,Master,Male,Sourcing,4,30,1,5,0,0,95,133988,0
14772,Technology,Bachelor,Female,Other,1,47,1,5,1,0,93,145273,1
14773,Sales,Bachelor,Male,Referred,2,23,3,8,0,0,96,34384,1
14774,Finance,Bachelor,Male,Sourcing,3,27,4,17,0,0,64,96987,0
14775,Sales,Master,Female,Sourcing,2,50,3,3,0,0,70,147193,1
14776,Finance,Bachelor,Female,Sourcing,2,47,3,16,1,0,62,142171,1
14777,HR,Bachelor,Female,Referred,3,49,3,19,0,0,91,158508,0
14778,Sales,High School,Female,Other,5,28,3,6,0,0,66,47506,0
14779,Sales,Bachelor,Female,Sourcing,2,55,3,10,0,0,72,104710,1
14780,Sales,Master,Male,Sourcing,2,31,3,16,0,0,90,154288,1
14781,HR,Bachelor,Female,Sourcing,1,43,2,13,1,0,93,111548,1
14782,Sales,Bachelor,Male,Sourcing,1,48,4,3,0,0,86,166495,0
14783,Technology,Master,Male,Sourcing,4,43,3,8,0,0,88,142510,1
14784,Sales,High School,Male,Other,3,40,3,8,0,1,59,39841,1
14785,Technology,Bachelor,Male,Sourcing,5,57,3,7,1,0,95,118915,1
14786,Technology,Master,Female,Referred,5,30,5,11,0,0,67,179038,0
14787,Finance,Bachelor,Female,Referred,4,40,1,3,0,0,47,175673,0
14788,Operations,Bachelor,Male,Sourcing,5,23,2,7,0,0,61,108766,0
14789,Technology,Bachelor,Male,Other,5,49,3,11,0,0,93,167856,0
14790,Sales,Bachelor,Female,Referred,1,43,3,17,1,0,74,113088,1
14791,Sales,Bachelor,Male,Sourcing,5,27,2,18,0,0,94,38336,0
14792,Operations,Bachelor,Female,Other,5,28,5,9,1,0,70,134614,1
14793,HR,Bachelor,Male,Sourcing,4,27,3,13,0,0,83,162138,0
14794,Sales,Bachelor,Female,Other,4,54,5,15,0,0,63,145659,0
14795,Sales,Bachelor,Male,Referred,2,35,3,19,1,0,54,39768,0
14796,Sales,Bachelor,Male,Referred,5,22,4,15,0,0,89,168254,1
14797,Sales,High School,Male,Other,5,46,3,7,0,0,84,173488,0
14798,Marketing,Master,Female,Other,5,27,3,3,1,0,70,83305,1
14799,Sales,Bachelor,Female,Referred,1,49,5,8,1,0,44,75109,1
14800,Technology,High School,Female,Other,5,39,1,13,1,0,61,74746,0
14801,Sales,Master,Male,Sourcing,1,48,5,16,0,0,56,41837,1
14802,HR,Bachelor,Male,Referred,2,23,3,3,0,0,67,162338,0
14803,Operations,Bachelor,Male,Sourcing,3,42,5,1,1,0,92,95745,1
14804,Sales,Master,Male,Sourcing,5,44,3,3,0,0,42,116257,0
14805,Finance,Bachelor,Male,Other,4,23,4,16,1,0,58,102062,1
14806,Technology,Master,Male,Sourcing,4,37,1,1,1,0,77,172545,1
14807,HR,Master,Female,Sourcing,5,25,3,18,1,0,66,104541,1
14808,Operations,Master,Female,Other,1,55,4,14,0,0,56,86409,0
14809,Sales,High School,Female,Sourcing,4,26,4,7,1,0,71,115440,1
14810,Finance,Bachelor,Male,Sourcing,4,55,2,3,1,0,76,119243,1
14811,Sales,Bachelor,Female,Referred,2,43,3,16,1,0,60,66217,0
14812,Finance,Master,Male,Referred,2,41,3,6,1,1,76,163203,1
14813,HR,Bachelor,Male,Other,2,34,2,18,0,0,90,88792,0
14814,Technology,Master,Female,Referred,4,55,3,13,0,0,93,101663,0
14815,Marketing,High School,Male,Referred,4,27,4,2,0,0,50,143302,0
14816,Operations,Master,Male,Other,5,50,3,12,0,0,40,146197,0
14817,Operations,Bachelor,Male,Sourcing,5,54,3,4,1,0,69,105686,1
14818,Finance,Bachelor,Male,Referred,1,22,5,9,0,0,65,135248,1
14819,Finance,Bachelor,Male,Other,4,28,1,5,0,0,84,118625,0
14820,Sales,Bachelor,Female,Sourcing,5,43,3,10,0,0,88,171826,0
14821,Sales,Master,Female,Sourcing,5,53,4,6,0,0,82,165283,1
14822,Sales,Master,Male,Sourcing,2,35,4,1,0,0,89,131722,1
14823,Technology,Master,Male,Referred,2,45,4,5,1,0,75,130752,1
14824,Technology,Bachelor,Female,Sourcing,2,40,4,6,0,0,65,165466,0
14825,Technology,Bachelor,Female,Referred,3,48,1,19,1,0,96,149452,1
14826,Sales,Master,Female,Other,5,44,3,11,0,0,81,125984,0
14827,Marketing,Bachelor,Male,Referred,2,42,4,15,1,0,95,123291,1
14828,Sales,Bachelor,Female,Sourcing,2,50,1,2,0,0,66,85347,0
14829,Sales,Master,Female,Other,4,22,1,15,0,0,65,158352,0
14830,Technology,Master,Male,Sourcing,2,52,4,7,0,0,82,71171,0
14831,Marketing,Bachelor,Male,Other,4,48,4,17,0,0,57,166300,0
14832,Marketing,PhD,Female,Referred,1,57,3,12,1,0,72,103633,1
14833,Technology,Bachelor,Male,Sourcing,2,48,5,12,1,0,75,142591,1
14834,Sales,High School,Female,Other,4,36,4,5,1,0,76,165142,1
14835,Technology,Bachelor,Female,Sourcing,2,46,5,7,0,0,73,33893,1
14836,HR,Bachelor,Male,Other,1,36,5,2,0,0,99,146081,1
14837,Technology,PhD,Male,Sourcing,2,40,3,13,1,0,65,139072,1
14838,Technology,Bachelor,Female,Sourcing,4,32,4,9,0,0,61,104991,0
14839,HR,Master,Male,Sourcing,1,54,4,15,1,0,63,115393,1
14840,Sales,Master,Male,Sourcing,1,44,4,15,0,0,51,170276,1
14841,Operations,PhD,Male,Other,1,33,4,1,0,0,50,60491,0
14842,Operations,High School,Male,Referred,3,23,2,3,1,0,99,112715,1
14843,Technology,Bachelor,Male,Other,4,42,2,1,1,0,60,148031,0
14844,HR,Master,Male,Sourcing,3,35,3,19,1,0,55,140676,1
14845,Sales,Bachelor,Male,Sourcing,1,55,4,13,0,0,75,35892,0
14846,Technology,Bachelor,Female,Referred,3,36,4,15,1,0,46,131676,1
14847,Operations,Master,Male,Sourcing,2,42,3,13,0,0,92,163329,1
14848,Sales,Bachelor,Female,Referred,3,44,3,18,0,0,67,36079,0
14849,Marketing,Bachelor,Male,Referred,5,42,4,17,0,0,63,83252,0
14850,Sales,Bachelor,Female,Sourcing,1,35,3,1,1,0,94,83743,1
14851,Operations,Master,Male,Other,1,42,1,15,0,0,92,134277,1
14852,Technology,High School,Female,Other,4,33,3,4,0,0,52,160521,0
14853,Marketing,Bachelor,Male,Referred,2,26,5,2,0,0,53,55306,0
14854,Sales,Bachelor,Female,Sourcing,4,23,4,19,0,0,82,168626,0
14855,Technology,PhD,Male,Sourcing,3,43,3,8,0,0,70,38370,0
14856,Sales,Bachelor,Male,Sourcing,5,27,1,16,0,0,47,166681,0
14857,Sales,Bachelor,Female,Sourcing,5,23,3,8,1,0,40,93291,0
14858,Operations,Bachelor,Female,Sourcing,5,50,4,10,0,0,79,119153,1
14859,Operations,Bachelor,Male,Other,5,57,4,16,1,0,90,175080,1
14860,Finance,Bachelor,Female,Referred,2,28,3,5,0,0,56,162482,0
14861,Technology,Master,Female,Referred,3,37,2,19,0,1,80,71295,1
14862,Finance,Bachelor,Male,Sourcing,5,54,5,6,0,0,98,89979,1
14863,HR,High School,Female,Other,1,54,3,10,0,0,52,149541,0
14864,Sales,Master,Male,Sourcing,3,35,2,5,0,0,93,78387,0
14865,Sales,Master,Female,Other,2,33,4,19,0,0,86,141312,1
14866,Technology,Bachelor,Male,Other,5,27,5,19,0,0,66,39859,0
14867,Technology,Bachelor,Female,Other,2,33,4,13,1,0,52,80606,1
14868,Sales,Bachelor,Male,Other,5,52,3,15,1,0,98,45955,1
14869,Technology,High School,Male,Referred,1,33,3,8,1,0,79,50528,1
14870,Finance,Bachelor,Female,Sourcing,3,31,1,11,1,0,66,95976,1
14871,Technology,Bachelor,Female,Sourcing,1,48,2,1,0,0,71,87894,0
14872,Sales,Bachelor,Male,Sourcing,5,28,3,4,0,0,97,169918,0
14873,Sales,Bachelor,Male,Sourcing,4,57,2,13,0,0,51,173606,0
14874,Sales,Bachelor,Female,Referred,3,54,5,7,1,0,82,161739,1
14875,Sales,Bachelor,Female,Sourcing,2,48,2,7,0,0,91,138933,0
14876,Technology,Bachelor,Female,Other,5,29,3,6,0,0,52,77451,0
14877,Technology,Bachelor,Female,Sourcing,1,26,3,8,0,0,55,116296,0
14878,Marketing,Bachelor,Female,Sourcing,4,29,3,12,1,1,73,33622,1
14879,Technology,Master,Female,Other,5,42,3,18,1,0,45,148928,1
14880,Finance,Bachelor,Male,Sourcing,2,45,5,15,0,0,87,77149,1
14881,Sales,Bachelor,Female,Other,1,28,3,16,0,0,57,114430,0
14882,Technology,Bachelor,Female,Other,3,40,4,1,0,0,56,92260,1
14883,Finance,Bachelor,Female,Sourcing,4,52,3,10,0,0,86,64161,0
14884,Sales,High School,Female,Referred,5,57,2,15,0,0,78,119394,0
14885,Sales,Bachelor,Male,Sourcing,5,48,3,13,0,0,53,168641,0
14886,Finance,Master,Male,Other,5,50,3,19,0,0,46,47939,0
14887,Sales,PhD,Male,Referred,5,44,5,13,0,0,45,54063,0
14888,Marketing,Master,Male,Sourcing,1,41,5,9,1,0,51,98925,1
14889,HR,Bachelor,Female,Other,3,27,2,16,0,0,73,172290,0
14890,Marketing,Bachelor,Male,Sourcing,2,33,1,14,1,0,92,58673,1
14891,Sales,Master,Female,Other,4,33,3,9,1,0,40,30971,0
14892,HR,Bachelor,Female,Other,5,24,5,18,1,0,89,61356,1
14893,Technology,Master,Male,Other,5,56,1,4,1,0,68,164919,0
14894,Sales,Master,Male,Other,3,40,4,12,0,0,67,176980,0
14895,Technology,Master,Female,Sourcing,3,25,3,5,0,0,44,93798,0
14896,HR,Bachelor,Male,Other,1,52,3,11,0,0,60,67080,0
14897,Sales,Master,Male,Sourcing,1,59,2,5,0,0,78,108394,0
14898,Sales,Master,Female,Referred,1,54,2,19,0,0,86,129899,0
14899,HR,Master,Female,Sourcing,4,27,3,7,0,0,92,126600,0
14900,Operations,Bachelor,Female,Other,1,29,1,4,0,0,98,73085,0
14901,HR,Bachelor,Female,Other,5,49,1,8,0,0,77,170926,0
14902,Technology,Bachelor,Female,Other,1,36,1,6,1,0,73,107006,1
14903,Sales,Bachelor,Male,Sourcing,4,52,3,6,1,0,60,139140,1
14904,Sales,Bachelor,Female,Other,1,29,3,4,0,0,63,119436,0
14905,Operations,High School,Female,Other,1,27,3,14,0,0,88,127154,1
14906,Sales,Bachelor,Female,Referred,5,50,3,3,0,0,98,171621,0
14907,Operations,Master,Male,Sourcing,5,55,2,10,0,0,52,68651,0
14908,Sales,Bachelor,Female,Sourcing,5,28,3,6,0,0,84,72900,0
14909,Marketing,Bachelor,Female,Sourcing,1,31,2,18,1,0,85,49535,1
14910,Technology,Bachelor,Male,Sourcing,5,34,4,10,0,0,97,148827,1
14911,Finance,Bachelor,Female,Sourcing,3,43,2,9,0,0,62,102595,0
14912,Technology,High School,Female,Sourcing,2,42,5,16,1,0,71,170271,1
14913,Technology,Bachelor,Female,Sourcing,2,22,1,4,0,0,47,90623,0
14914,Sales,Master,Male,Sourcing,5,23,5,11,1,0,86,162107,1
14915,Sales,Bachelor,Male,Sourcing,4,50,4,12,0,0,50,86249,0
14916,Operations,High School,Female,Other,5,32,4,19,1,0,52,143356,1
14917,Sales,Bachelor,Female,Referred,5,58,5,10,0,0,92,54399,1
14918,Technology,Bachelor,Female,Sourcing,1,28,2,7,0,0,59,80301,0
14919,Marketing,Bachelor,Male,Referred,4,56,2,7,0,0,40,70007,0
14920,Sales,Bachelor,Male,Referred,5,51,3,18,0,0,96,153611,0
14921,Operations,Bachelor,Male,Other,3,37,2,3,0,0,41,116317,0
14922,Marketing,PhD,Male,Sourcing,2,36,3,12,1,0,50,148343,1
14923,Technology,Master,Male,Sourcing,3,41,3,14,1,0,85,126604,1
14924,Finance,Master,Male,Other,3,49,1,2,0,0,69,116136,0
14925,HR,Bachelor,Female,Sourcing,3,58,3,9,0,0,44,129089,0
14926,Sales,Bachelor,Male,Sourcing,4,24,2,10,0,0,46,48986,0
14927,Technology,Bachelor,Female,Sourcing,4,50,3,6,0,0,63,75263,0
14928,Sales,High School,Male,Sourcing,4,58,5,17,0,0,70,36617,0
14929,Marketing,Master,Female,Other,2,30,3,15,0,0,87,31358,0
14930,Operations,PhD,Male,Sourcing,1,48,3,1,0,0,69,138620,0
14931,Technology,Master,Female,Other,5,53,3,13,0,0,82,73579,0
14932,Sales,Bachelor,Female,Other,5,52,4,10,0,0,97,30212,1
14933,Operations,Bachelor,Female,Referred,1,47,1,12,1,0,54,103278,0
14934,Technology,Bachelor,Male,Sourcing,5,24,5,16,0,0,75,116513,1
14935,Technology,Bachelor,Male,Sourcing,3,32,3,2,0,0,49,60487,0
14936,Technology,Bachelor,Male,Sourcing,2,50,3,3,1,0,40,58539,1
14937,Operations,Bachelor,Female,Sourcing,5,48,5,8,1,0,46,146941,1
14938,Technology,Master,Female,Referred,2,31,5,15,1,0,83,127937,1
14939,Marketing,PhD,Female,Sourcing,1,56,3,19,0,0,65,109866,0
14940,Finance,Master,Male,Other,5,44,1,18,0,0,82,95376,0
14941,Sales,High School,Male,Referred,2,27,4,1,1,0,82,52579,1
14942,Technology,Bachelor,Female,Referred,3,32,3,19,1,0,96,159345,1
14943,Finance,Bachelor,Male,Other,3,48,3,2,1,0,88,39441,1
14944,Technology,Master,Male,Sourcing,1,52,2,5,1,0,69,110957,1
14945,Marketing,Bachelor,Male,Sourcing,4,51,3,18,0,0,40,44081,0
14946,Operations,Bachelor,Male,Sourcing,5,24,4,16,1,0,54,37877,0
14947,Technology,Bachelor,Female,Sourcing,3,34,3,10,1,0,94,58982,1
14948,Marketing,Bachelor,Male,Referred,3,42,5,3,0,0,96,155518,1
14949,Finance,Bachelor,Male,Sourcing,1,32,2,10,1,0,92,156392,1
14950,Finance,Bachelor,Female,Sourcing,3,24,1,13,1,0,59,53050,1
14951,Technology,Bachelor,Female,Other,5,59,3,10,0,0,61,159981,0
14952,HR,Master,Male,Sourcing,1,52,4,11,0,0,64,150346,0
14953,Technology,Bachelor,Male,Referred,2,45,5,7,1,0,89,34866,1
14954,Marketing,Bachelor,Male,Sourcing,1,33,4,2,0,0,92,141858,0
14955,Technology,Bachelor,Male,Sourcing,5,48,2,19,0,0,75,33114,0
14956,Marketing,Bachelor,Female,Referred,5,42,5,18,0,0,90,87029,0
14957,Technology,Master,Female,Other,2,46,5,11,0,0,76,164744,1
14958,Technology,Master,Female,Sourcing,1,51,2,17,0,0,85,157208,1
14959,Sales,Master,Male,Sourcing,5,51,3,3,0,0,94,166996,1
14960,Marketing,Bachelor,Male,Sourcing,5,31,3,12,0,0,84,129677,0
14961,Technology,Bachelor,Female,Sourcing,2,24,3,2,1,0,66,72423,1
14962,Sales,Bachelor,Male,Sourcing,4,34,5,1,1,0,58,56150,1
14963,Sales,Bachelor,Female,Referred,1,48,1,9,0,0,58,100547,0
14964,Marketing,Bachelor,Female,Sourcing,5,39,3,19,0,0,55,134256,0
14965,Technology,Bachelor,Female,Sourcing,3,45,2,8,0,0,93,86482,1
14966,Sales,Bachelor,Female,Referred,2,35,3,9,0,0,60,59994,0
14967,Operations,Master,Female,Sourcing,4,25,4,7,0,0,90,123145,1
14968,Marketing,Bachelor,Female,Sourcing,4,37,2,4,0,0,72,173380,0
14969,Operations,Master,Female,Other,2,31,3,16,0,0,81,59705,0
14970,Technology,Bachelor,Male,Sourcing,4,58,5,6,0,0,70,114572,1
14971,Technology,Bachelor,Female,Other,5,48,4,18,0,0,73,81242,1
14972,Finance,High School,Female,Sourcing,4,22,3,2,1,0,54,57827,1
14973,Technology,High School,Male,Sourcing,1,26,2,11,0,0,90,161368,1
14974,Marketing,Bachelor,Female,Sourcing,3,34,3,5,0,0,75,159400,0
14975,Sales,Bachelor,Male,Sourcing,5,24,4,17,0,0,92,31130,1
14976,Technology,Bachelor,Female,Sourcing,2,38,4,5,0,1,65,147672,1
14977,Sales,Bachelor,Male,Sourcing,3,40,2,3,0,0,69,38908,0
14978,Sales,Master,Male,Other,5,58,4,19,0,0,70,148671,0
14979,HR,High School,Male,Referred,3,26,1,8,1,0,64,173995,0
14980,HR,Master,Female,Sourcing,4,45,1,11,0,0,43,172448,0
14981,Operations,Bachelor,Male,Referred,2,54,3,3,1,1,51,118440,1
14982,Sales,Master,Female,Other,2,42,2,3,0,1,96,111563,1
14983,Marketing,Bachelor,Female,Other,1,24,1,1,1,0,92,39499,1
14984,Finance,High School,Female,Sourcing,4,25,4,13,0,0,58,39053,0
14985,Technology,PhD,Female,Other,1,53,3,10,0,0,94,119738,1
14986,Sales,Bachelor,Female,Sourcing,1,45,4,6,1,0,95,77388,1
14987,Marketing,Bachelor,Female,Sourcing,4,56,4,11,0,0,48,77857,0
14988,Technology,Bachelor,Female,Referred,5,39,4,8,1,0,64,116731,1
14989,Marketing,Bachelor,Male,Other,1,24,3,19,0,0,93,94199,0
14990,Marketing,Master,Female,Other,3,47,3,11,0,0,87,149864,1
14991,Operations,Bachelor,Female,Other,5,45,3,6,1,1,86,150827,1
14992,Technology,Bachelor,Male,Sourcing,4,22,2,12,0,0,80,178770,1
14993,Sales,Bachelor,Female,Other,2,55,4,18,0,0,90,70739,1
14994,Technology,Master,Male,Sourcing,5,33,3,3,0,0,89,117372,0
14995,HR,Bachelor,Male,Sourcing,1,38,2,13,1,0,92,128023,1
14996,Finance,PhD,Female,Referred,3,42,3,4,0,0,46,158257,0
14997,Sales,PhD,Female,Sourcing,4,42,5,9,0,0,66,106571,0
14998,Sales,High School,Male,Referred,2,24,1,16,1,0,87,116497,1
14999,Finance,Bachelor,Female,Sourcing,3,49,2,12,0,0,86,145013,0
15000,Technology,Bachelor,Male,Other,2,46,4,7,0,0,94,119150,1
